Image,Total_Boxes,OCR_Japanese,OCR_Translated,GT_Translated,Similarity,TP,FP,FN
tr_img_06001,7,北給田 | 中給 | 田 | 荻 | 行 | 先 | 県,north | porta. | middle | salary. | ta. | i'll | take | care | of | it. | rows | go | ahead. | philippines,kanto | the | bus. | north | porta. | how'd | it | go? | nakata. | it's | a | five-day | street | office. | it's | just | a | matter | of | time. | path | to | i'll | be | right | there. | 220 | yen. | 216 | yen. | small | low | yen | thank | you. | i'm | sure | you'll | be | fine. | son | of | a | bitch. | in | cash. | a | long | way | please. | at | the | bus | stop. | huh.,0.1074,4,10,51
tr_img_06002,3,や | カツ井とんかつ | 営業中,hey. | i | don't | know. | i'm | in | business.,i | don't | know. | i | don't | know. | i'm | in | business. | and | hey.,0.7333,7,0,4
tr_img_06003,2,南13条西16丁目,south | 13th | and | west | 16th.,south | 13th | and | west | 16th.,1.0000,5,0,0
tr_img_06004,1,清水日,a | fresh | water | day.,m. | purchase | little | grass | town.,0.4839,0,4,5
tr_img_06005,1,北幌市中央区中島公園115,"115 | oshima | park, | central | area | of | northern | japan.",island | park | 1-15 | in | the | middle | of | yokohama.,0.4874,1,7,7
tr_img_06006,2,,,sakura | water | station | sakura | water | station | exercise | i'll | go | check | it | out. | no. | look | at | this. | i | can't. | four. | he's | a | business | man. | i'll | see | you | later. | um... | that's | what | i'm | gonna | do. | pyongyang | 16 | (three) | landscaping | move | building | leaves | land | you | need | to | be | able | to | do | that. | pyongyang | 16 | (two) | and | the | leaves. | i'm | sorry. | tokyo | three. | land | value | landowner | land | trade. | (d) | get | some | land. | ! | move | i'm | going | to | leave | the | earth. | i | thought | you | were | someone. | two. | (?) | tokyo | city | account | a | book. | . | you're | right. | i | know. | oh | it's | about | urban | planning. | city | 10th | tokyo | east | # | # | # | # | # | #,0.0000,0,0,108
tr_img_06007,3,おさし | アイス,- | hi. | - | hi. | ice | cream.,i'm | looking | forward | to | it. | bon | appetit. | ice | cream.,0.5714,2,4,7
tr_img_06008,1,,,oh,0.0000,0,0,1
tr_img_06009,4,日本橋 | 人形町 | 一丁目,japan | bridge | doll | town | one.,japan | bridge | it's | doll | town. | one.,0.8974,4,1,2
tr_img_06010,4,日本橋 | 人形町 | 一丁目,japan | bridge | doll | town | one.,japan | bridge | it's | doll | town. | one.,0.8974,4,1,2
tr_img_06011,13,"暖房能力Nの | 国内家庭用エアコン6,3kW・71kＷクラスにおいて | 茶ＪIS低温時定格暖房能力MSZ-ZD63 | 2015年 | 11月25日現在 | 寒冷地仕様 | ニジイ | 太バ順霧ヶ峰 | テレビCM炭央中!","i'm | going | to | show | you | a | couple | of | examples. | i'm | going | to | show | you | a | couple | of | examples. | m.j.s.a., | heat-heating | capacity | msz-zd | 63. | 2015. | november | 25th. | cold | terrain. | nijii. | big-basin | fog | cape | i'm | on | tv | commercials!",heating | ability | as | of | november | 25 | cold | terrain. | fog | cape | zubaba-smurfic | cape. | nicuy. | hey!,0.3960,6,30,8
tr_img_06012,2,北10条東11丁目,north | 10 | east | 11th | and | east | 11th.,north | 10 | east | 11th | and | east | 11th.,1.0000,7,0,0
tr_img_06013,6,ザシティベルシテイ | 元住吉店 | 駐輪場 | ご利用,the | city | of | belsitia. | hikichi | shop. | central | central | use,that's | the | way | you | look | at | it. | yoshi's | home. | central | central | use | it. | possible | time,0.6077,4,5,11
tr_img_06014,8,さ一ぼ3地下街 | 水野メ市ネ | 補聴器 | 定補藤器専門) | (稲社法指定店),i'm | in | the | basement. | aqualand | city | a | hearing | aid. | (i'm | specializing | in | the | proprietor) | (use | cracking),it's | a | fucking | underground | town. | seascape | glasses. | seascape | glasses. | a | hearing | aid. | sometimes... | six | o'clock. | # | # | # | # | # | # | it's | been | a | long | time | since | i've | known | you. | yumick. | isopa | netz. | all | right | viyer. | karao. | only | women. | i've | got | a | guy | who's | got | a | license | hearing | aid. | it's | a | registered | hearing | aid | shop. | i'm | sorry | free | ear | readings. | hearing | aids | free | checks | it's | just | like | a | fox.,0.0401,4,12,65
tr_img_06015,2,吉川内科・ | 信環器科クリ二ツク,mr. | yoshigawa... | krishnituk.,yoshigawa | medical | center. | i'm | yoshigawa. | old | river,0.4468,0,3,7
tr_img_06016,3,日本橋 | 入飛形町,japan | bridge | it's | a | flying | town.,japan | bridge | it's | doll | town. | one.,0.7765,4,2,2
tr_img_06017,0,,,fish | and | fish.,0.0000,0,0,3
tr_img_06018,4,豊平区 | 中の島1条3丁目1,fabian | districts | it's | on | the | island. | it's | on | the | island.,george | i | don't | know. | shoe. | one | of | the | islands. | three | of | the | islands.,0.6627,2,8,11
tr_img_06019,16,歳 | からの | 黒王 | まぐろとかつ | タウリン | ビタミン | 禁合 | 栄養食 | 盛り付 | 15歳から0 | 皮商被毛の優康に配息),age | from | here | on | out. | the | black | king. | tightly. | taurlin. | vitamins | contradiction | nutritional | foods | supplies. | fifteen | to | zero. | (laughter) | (applause),when | from | here | on | out. | black | can. | it's | a | black | can. | iron | taurlin. | all | right | total | malnutrition | since | i | was | 15. | it | keeps | you | healthy | and | immune. | # | # | # | # | # | # | orago | fitting. | instruments | health | support | for | the | immune | and | skin. | he's | got | to | be | careful | about | the | health | of | his | skin.,0.0390,8,12,46
tr_img_06020,16,水天宮前駅 | 半蔵門線 | 門園半 | 山目宮天元,ikeniya | premarith. | hanamoto's | line. | hatake. | miyagi | miyagi,the | main | line. | ikeniya | premarith.,0.3636,3,4,2
tr_img_06021,5,清水区 | 中之郷一一丁目,guayry | nakanonobu.,purchase | nakanonobu | 2nd. | i | don't | know. | . | here's | what | i'm | going | to | do.,0.2832,0,2,13
tr_img_06022,1,空気単口消火検,a | single-mouth | fire | test.,a | single-mouth | fire-burner.,0.8065,2,2,1
tr_img_06023,26,静岡市役所 | 人天金引人 | 静図市役所 | 葵区役所 | 館 | 葵区役所 | OI30I子 | 紺屋町 | 階 | 紺屋町 | TOトロト夫! | 呉服町 | 臭服町 | 七間町 | 七間町 | 人入型禿,shizuoka | city | hall. | man-to-man-to-man. | the | city | hall. | zheng-ge's | office. | the | hall. | zheng-ge's | office. | oi30i | children | it's | a | town | of | blues. | the | floor. | it's | a | town | of | blues. | mr. | totoro! | oystertown. | it's | a | smelly | town. | seven-day | town. | seven-day | town. | i'm | sorry. | i'm | sorry. | i'm | sorry.,the | floor. | shizuoka | city | hall. | shizuoka | city | hall. | cygnus | hall | cygnus | hall | it's | a | town | of | blues. | it's | a | town | of | blues. | it's | a | dress | town. | it's | a | dress | town. | seven-day | town. | seven-day | town.,0.0935,24,20,10
tr_img_06024,2,万世町,city | of | the | world,city | of | the | world,1.0000,4,0,0
tr_img_06025,4,薬 | お目げいたします,medicine. | it's | a | pleasure | to | meet | you.,medicine. | # | # | # | i | don't | need | an | insurance | prescription. | i | don't | think | it's | your | prescription. | you're | welcome.,0.3523,2,5,16
tr_img_06026,9,休診中 | 初診・急患 | 随時受付 | オぶ通リ歯科医院,i'm | taking | a | break. | first | visit | and | emergency. | always | picking | up. | i'm | at | the | dentist's | office.,i'm | taking | a | break. | first | visit. | emergency. | always | picking | up. | i'm | at | the | dentist's | office | on | oz | street.,0.9008,13,3,5
tr_img_06027,4,中原区,central | district,middle-earth. | no. | no. | no,0.2083,0,2,4
tr_img_06028,3,ザ・カ,"oh, | my | god.",the... | cafeteria,0.2424,0,3,2
tr_img_06029,1,出庫注意,watch | your | inventory.,be | careful | with | the | inventory. | the | car's | leaving.,0.4318,1,2,7
tr_img_06030,8,五反田 | 丸子橋 | 元住吉,five-a-ta. | kunako | bridge | hikichi.,glasso | eagle | glasso | eagle | hikichi. | five-and-a-half. | hikichi. | kunako | bridge,0.4186,3,1,6
tr_img_06031,2,中の島1条3丁目,it's | on | the | island. | it's | on | the | island | number | three.,it's | island | number | three | inside.,0.5636,3,7,2
tr_img_06032,3,やきとり家 | すみれ,a | wretch. | out.,i'm | a | hunter. | out. | smile.,0.5098,2,1,3
tr_img_06033,9,三保 | 清水港 | 船越,three. | guayry | bay | ship's | moving.,three-conservative | water | port. | ship's | moving.,0.6882,2,3,3
tr_img_06034,0,,,fulhaff,0.0000,0,0,1
tr_img_06035,2,三本大車吉 | 近足主張売しています,"it's | a | three-car | car, | yoshiki. | they're | selling | close-up | claims.",japan's | largest | used | fishing | chain | fistures | please | sell | it. | they're | selling | new | ones.,0.5319,2,7,11
tr_img_06036,20,静鉄新清水駅 | 静岡市役所清水庁舎 | 清水マリンパーク,shikoku | shizura | station. | shizuoka | city. | water | marin | park.,shikoku | shizura | station. | shizuoka | city. | marisopa,0.8682,5,3,1
tr_img_06037,5,滑りくいぐ | 入荷 | してます,i'm | going | to | slip. | loaded | i | am.,it's | hard | to | slide. | winter. | it's | warm. | boots. | loaded. | i | am.,0.5902,3,4,8
tr_img_06038,3,ソフマップ | 羊テオ一デイをはめよー | 自分好みに組み合わせて音の追求を愉しもう。,sofmap | put | on | the | sheep-team | day. | let's | combine | our | tastes | to | pursue | sound.,let's | start | with | a | single | audio. | let's | combine | our | own | tastes | with | the | pursuit | of | sound. | i'm | surprised | you're | here. | kozima | sofmap,0.5333,7,6,15
tr_img_06039,2,南14条西9丁目,14 | south | and | 9 | west.,14 | south | and | 9 | west.,1.0000,5,0,0
tr_img_06040,46,清水郵便局 | 清水駅西口 | 白転車等駐車場 | 人I口天 | 清水邸局 | 清永站西口自行牟等存本姚 | 清水簡易裁判所 | 清水簡易裁判所 | 利平企 | 人口天 | 清水税務署 | 清水税局 | 人口天 | 川早全 | は一とびあ清水 | 人口天 | 静市清水社会福祉会槍 | 「Heartpia清水] | 観光案内所 | バス案内所 | 印人 | 光介昭所 | 巴士向滴姚,"toshio | post | office. | shizura | station | west. | it's | a | parking | lot. | it's | a | white | bicycle. | the | man's | occupational | akira | shizura. | i'm | sorry, | i'm | sorry. | the | eclipse | court. | the | eclipse | court. | frustration | demosphere | i'm | sorry, | i'm | sorry, | i'm | sorry. | water | taxation | bureau. | demosphere | as | soon | as | the | river | ends. | it's | a | fresh | water. | demosphere | shikoku | sushi-sui-sun-sun-sun-sun-hung-hung-hung-hung-hung-hung-hung-hung-hung-in-hung-hung-hung-hung-hung-hung-hung-hung-hung-hung-hung-hung-hin-hung-hung-hin-hin-hung-hung-hung-hin-hung-hin-hung-hung-hung-hung-hung-hung-hung-hung-hung-hin-hin-hin. | ""hettpia | pure | water."" | a | tourist | tour. | the | bus | guide. | the | marker. | the | scho-school. | i'm | sorry, | i'm | sorry.",toshio | post | office. | kuzuzuzushi | shizura | station | west. | the | eclipse | court. | i'm | sorry | ha | the | bikes | it's | a | tourist | tour. | the | bus | guide. | i | can't | believe | i'm | here. | i | don't | know | what | you're | talking | about | i'm | sorry | it's | the | manchuria | court. | i'm | sorry | hetpia | pure | water,0.1161,26,45,19
tr_img_06041,2,最大料金あり | 空車,we've | got | the | maximum | charge. | empty | car.,we've | got | the | maximum | charge. | empty | car.,1.0000,7,0,0
tr_img_06042,2,ドりクお通レ,"i'm | sorry. | i'm | sorry, | i'm | sorry.",dorike! | it's | more | than | just | a | cook. | ladies | and | gentlemen. | # | # | #,0.3411,0,6,13
tr_img_06043,5,芝 | 五丁目 | アhK,the | lawn. | five. | ahk,the | lawn. | five. | dog. | dog. | dog.,0.6769,3,1,3
tr_img_06044,2,平岸1条1丁目,"no, | no, | no, | no, | no, | no, | no, | no, | no, | no, | no, | no, | no, | no, | no, | no, | no.",no,0.0396,0,17,1
tr_img_06045,4,日本橋 | 人形町 | 一丁目,japan | bridge | doll | town | one.,japan | bridge | it's | doll | town. | - | nice | and | easy.,0.7083,3,2,6
tr_img_06046,2,南13条西18T目,south | 13th | west | 18th.,south | 13th | and | west | 18th.,0.9000,4,0,1
tr_img_06047,3,ス尾ジンギスカン | 北海道名物 | 南1条店,"slyzeziscan. | it's | a | good | one, | hokkaido. | south | 1st | street.",the | pines. | south | 1st | street. | it's | a | pine | cone. | it's | a | gyghiscan. | it's | a | good | one,0.3497,6,3,10
tr_img_06048,6,エキバパ | つ | パレシェ | ショッピン街,evápa | 1 | parreshe. | shotpin | street.,exp. | it's | a | shopping | town. | (parsizing),0.4944,0,5,6
tr_img_06049,1,芝信用金庫,it's | a | lawn | trust | box.,where | are | we? | that's | it. | it's | a | lawn | trust | box. | two-three-three | green | foothills.,0.4478,5,0,8
tr_img_06050,1,五た町1,five | towns.,purchase | miyagi | city,0.2703,0,2,3
tr_img_06051,2,中央区 | 中島目,central | central | nakashima,central | central | nakashima | park | one.,0.8056,3,0,2
tr_img_06052,5,豊平区 | 木車町8丁目二 | すい | や | ちよう,fabian | districts | i'm | 8th | and | kiber | city. | okay. | hey. | hey.,george | eightth | and | 2nd. | okay. | shh. | hey.,0.5920,3,7,4
tr_img_06053,4,一之橋北詰,i'll | be | right | back. | i'll | be | right | back.,hanzawa-han.,0.0923,0,8,1
tr_img_06054,2,アルカイースト,al-qaeda.,i | can | go | home. | i'm | a | watcher. | second | floor. | watchman | a | bird. | ifulu. | a | bird. | # | # | # | # | # | # | # | # | # | it's | a | nice | house. | how'd | you | find | your | room? | a | note. | cocoupe. | it's... | it's... | it's... | it's... | it's... | it's... | it's... | i'll | rent | it. | it's | a | nice | house. | soot. | it's | a | free | guide. | sookie's | free | guide. | perfect. | i'll | tell | you | what | real | trust. | house. | 24 | hours. | during | the | year | i'm | coming | in | right | now. | i'm | looking | for | a | shop! | a | new | year's | eve | party. | a | welcome | party... | a | farewell | party. | i | don't | know | if | it's | a | party. | reservations | yes | it's | a | nice | house. | i'll | be | right | back. | how'd | you | find | my | room? | it's | a | nice | house. | it's | a | tokyo | center | shop. | - | yeah. | this | is | bill. | second | floor. | # | # | # | roose-foen. | bung | i | want | you | to | eat | your | mother | curry. | let's | hit | the | ponn! | # | # | # | # | # | # | that's | right. | militia. | # | # | # | # | # | # | the | main | store. | i | don't | have | a | salary | all | year | round.,0.0017,0,1,173
tr_img_06055,49,八幡山 | 当駅構内施設の階層図 | 男子トイレ | 案内所 | エスカレーター | きつふつりば | 女子トイレ | だれでもトイレ | 侍合室 | コインロッカー | 自動体外式除細動器 | エレベータ | 現在地から地上までの | バリアフリー主要ルート | 京王八壬子 | 橋本 | 刃面 | 高尾山口。 | 現在銀 | ホーム階 | ごでは階へ | 改札階へ | 新宿 | 方面 | コンコース階 | 地上出口へ | ホーム階へ,"yaeyama. | the | hierarchy | of | this | station's | internal | facility. | the | men's | room. | a | guide. | escalator | when | it's | all | over, | the | women's | bathroom. | everybody | goes | to | the | bathroom. | the | mammium. | coin | locker | auto | body | external | defibrillator. | elevator | and | that's | what | i'm | going | to | talk | about | today. | the | main | barrier | free | route. | yoko | kyoko, | king | of | tokyo. | hashimoto | endface | takaguchi. | now | silver. | homeroom. | you're | on | the | floor. | to | the | resale | floor. | nakanori. | i'm | on | my | way. | concourse | floor. | to | ground | exit. | homeroom.",yaeyama. | the | hierarchy | of | this | station's | internal | facility. | a | guide. | i | don't | know | what | you're | talking | about. | waiting | room. | i'll | be | right | back. | i'll | be | right | back. | and | that's | what | i'm | going | to | talk | about | today. | the | main | barrier | free | route. | esserator | stairway | let's | see | if | we | can | find | out. | aed | automation | defibrillator | the | men's | room. | girl's | voice. | everybody | goes | to | the | bathroom. | i'm | on | the | 1st | floor. | current | location | to | the | resale | floor. | prince | kyung-ho. | it's | heading | to | the | wrong | place. | you're | in | yusuke's | class. | to | ground | exit. | homeroom. | i'm | on | my | way | to | the | main | floor. | # | # | # | # | # | # | # | # | # | takaguchi. | hashimoto | it's | where | we're | going.,0.1728,53,26,60
tr_img_06056,2,南14条西16丁目,south | 14th | and | west | 16th.,south | 14th | and | west | 16th.,1.0000,5,0,0
tr_img_06057,1,業サ区ッ人の業・イ校,the | work | and | school | of | the | work | district.,it's | the | second | school | on | the | hill.,0.6471,3,5,4
tr_img_06058,2,日本橋 | 小舟町,japan | bridge | busttown,japan | bridge | it's | a | fishing | town.,0.6471,2,1,4
tr_img_06059,0,,,northern | district | tokyo | city | red | wing | school.,0.0000,0,0,7
tr_img_06060,1,,,akiragawa,0.0000,0,0,1
tr_img_06061,6,勝田台駅 | 外日日08 | 駐田台站 | 勝田台站,fujita | station. | eclipse | 8 | i'll | be | right | back. | i'll | be | right | back.,i'm | at | the | tokita | station. | baze. | # | # | # | fujita. | i'll | take | care | of | you.,0.5761,2,10,13
tr_img_06062,4,泉野四上川,shizuno | shizura.,mitaka | city | i'll | be | right | there.,0.2333,0,2,6
tr_img_06063,1,麺屋,noodle | shop.,nakashima | park | noodle | shop. | plumbing,0.4828,2,0,3
tr_img_06064,10,ホ一ム頃斜に注意 | 車いす、べビ一力一をご利用のお客さま | ホ一ムには水はけのため傾斜がごき | います。 | 軍輪が線路 | ホ一ムでお待ちの際は、 | と平行になるように停め、必ずづレ一 | キをおかけいただくようお願いいたし | ます。 | 十条駅長,"watch | out | for | the | slope | around | a | quarter | mile. | i'm | sure | you'll | be | pleased | to | hear | that. | it's | a | little | bit | like | this. | it's | a | little | bit | like | this. | i'm | here. | there's | a | line | on | the | track. | if | you're | waiting | for | me | in | yoichi, | i'm | going | to | stop | it | at | the | parallel | point. | i | asked | you | to | sit | down | for | me. | i'm | sorry. | station | chief.",watch | your | home | slope. | i'm | going | to | give | you | a | wheelchair. | i'm | going | to | give | you | a | wheelchair. | i'm | going | to | give | you | a | ride. | there's | a | slope | in | the | home | because | of | the | water. | i'm | here. | i'm | going | to | show | you | how | to | do | that. | it's | not | going | to | be | a | parallel. | it's | not | going | to | be | a | parallel. | i | asked | you | to | sit | down | for | me. | i'm | sorry. | chief | secrecy.,0.0362,31,34,41
tr_img_06065,0,,,akiko. | kozao | komura.,0.0000,0,0,3
tr_img_06066,3,清水相生町,manchuria | manchuria.,manchuria | manchuria.,1.0000,2,0,0
tr_img_06067,14,日・祝・月 | 火・水・木・金 | 土 | 休診 | 歯科 | 小児歯科 | 僑正歯科 | 木ズ雄菊札医院 | o4d-7イo-o39s,"the | day, | the | celebration, | the | moon. | fire, | water, | wood, | gold. | earth | responsibilities | dental | dentistry | it's | called | p.d. | i'm | a | dentist. | woods | manujits' | hospital. | o4d-7 | io-o39s",a | day | responsibilities | dental | dentistry | it's | called | p.d. | orthodontics. | fire. | water. | wood. | gold. | earth | i'm | at | the | dentist's | office | on | oz | street.,0.5086,11,14,11
tr_img_06068,5,中原区,central | district,middle-earth. | no. | no. | no,0.2083,0,2,4
tr_img_06069,2,南12条西1３目,"12th | west | 13th, | south.",south | 12th | and | west | 13th.,0.6230,2,2,3
tr_img_06070,1,ロロ,lolo.,japan | bridge,0.0000,0,1,2
tr_img_06071,1,渋江サッシ株式会社,shizue | sassi | company.,etsats | stock | company.,0.6400,1,2,2
tr_img_06072,17,世山0 | のご | 三コ口してくた | 3頃本413m | 静岡市役所 | 清水庁 | 地町,"i'm | sorry, | i'm | sorry. | ma'am. | i've | got | three | mouth-to-mouths. | about | three, | 413 | meters. | shizuoka | city | hall. | iseshima | hotel. | locality",third | floor. | purchase | a | skyscraper. | komachi. | # | # | # | shizuoka | city. | # | # | # | # | # | #,0.3709,1,18,16
tr_img_06073,2,羽区 | 中の目1条3丁目3,"hills | one, | two, | three, | three.",george | it's | on | the | island. | it's | on | the | island. | it's | on | the | island. | what? | let's | go.,0.2819,0,5,16
tr_img_06074,1,三鷹市北里予江一の,i'm | going | to | give | you | a | couple | of | examples.,hirayama. | rock | castle | 4-7-3,0.3261,0,9,4
tr_img_06075,9,バス | を除く | タクシー | 浄岡市役所清水庁舎 | サニルート,"the | bus. | except | taxi. | (for | fully | formatted | text, | see | publication) | (for | fully | formatted | text, | see | publication) | sanitut.",the | bus. | takutu. | exclude | shizuoka | city. | the | hotel. | i'm | going | to | have | to | take | care | of | it.,0.3037,2,15,15
tr_img_06076,49,"入庫後24時間以内 | 500円 | 月金 | 最大料金 | 最大料金は入庫時点の曜日 | 祝目を | 1,000円 | 土日祝 | 基準に適用されます | 0最大料金は入庫時の曜目祝日により異なります。 | 最大料金は繰り返し適用となります。 | 60分 | 200円 | 200円 | 通常料金 | 月金 | 60分 | 月金 | 60分 | 300円 | 60分 | 土日祝 | 100円 | 土日祝 | 太０ご利用の際は、場内の約款看板をご確認ください。 | リパークコ一ルセンタ | 三井のリパ一ク | 三井不動産リアルテイ札幌株式会社 | 札院帝14西6 | 駐連場名 | 住まいの売却 | 購入は | 法人専用方 | 駐車場用地募集中 | キャッシュレス精算 | 土地の有効活用駐車場管理はお任せください | ミ井のリハウス | 井不動産リアルテイ札幌株式会社 | 禁親ロ0120-201-321 | 太故障等の運絡先ではあ6ません人 | 太故障等の運絡先ではありません公","in | the | next | 24 | hours. | 500 | yen. | marginal | maximum | charge | the | maximum | charge | is | on | the | day | of | stocking. | let's | celebrate. | 1,000 | yen. | happy | birthday | to | you! | it's | applied | to | standards. | the | maximum | fee | is | different | than | the | day | of | the | opening | sunday. | the | maximum | charge | applies | over | and | over | again. | 60 | minutes. | 200 | yen. | 200 | yen. | normal | charge. | marginal | 60 | minutes. | marginal | 60 | minutes. | 300 | yen. | 60 | minutes. | happy | birthday | to | you! | 100 | yen | happy | birthday | to | you! | please | check | the | agenda | signs | in | the | hall | when | you're | in | the | middle | of | a | serious | zero. | rigako | lüsenta. | it's | the | lipacre | of | mii. | the | real | estate | tag | company. | 14 | west | 6th. | the | names | of | the | stations. | i'm | selling | my | living | quarters. | so | let's | think | about | what | we're | doing | here. | legally | only | we're | looking | for | a | parking | lot. | cashless | array | i'm | going | to | take | care | of | the | parking | lot. | mii's | home. | ii | real | estate | tag | company. | inquirer | 0120-201-321 | and | i'm | going | to | show | you | some | examples. | i'm | not | the | source | of | the | damage, | sir.",maximum | charge. | normal | charge. | in | the | next | 24 | hours. | the | moon. | the | money. | happy | birthday | to | you! | 500 | yen. | 1 | ● | the | maximum | rate | is | different | from | the | day | of | the | sunday | festival | at | stock | time. | the | maximum | cost | is | sunday's | holiday | at | stock | time. | it | applies | to | standards. | ● | the | maximum | charge | applies | over | and | over | again. | the | moon. | the | money. | happy | birthday | to | you! | 60 | minutes | and | 200 | yen. | 60 | minutes | per | 300 | yen. | the | moon. | the | money. | the | man's | day | celebration. | 60 | minutes | and | 200 | yen. | 60 | minutes | per | 100 | yen. | the | house | is | sold | for | a | living. | lippa | one | i'm | lippak | parking | name | let's | go. | let's | go | it's | 14th | and | 6th | west | of | yokohama. | ● | please | check | the | agenda | signs | in | your | area | for | your | use. | it's | a | real | estate | tag | company. | i'm | lippak | it's | a | private | corporation. | kivitsulus | array | it's | richards | of | mii. | we're | looking | for | a | parking | lot. | i'm | lippak | bitnesca | - | a. | i'm | so | sorry. | i'm | so | sorry. | i | don't | know. | kajad. | kajad. | kajad. | # | # | # | lippa | isofo-soo | desk | it's | for | you. | dial | this | isn't | the | number | of | contacts | you're | going | to | have | with | the | failure | or | the | failure. | leave | it | to | us | to | take | advantage | of | the | land | and | manage | the | parking | lot. | the | real | estate | bank. | this | isn't | the | number | of | contacts | you're | going | to | have | with | the | failure | or | the | failure. | north | sea,0.1362,108,65,126
tr_img_06077,4,東北 | 行こラ! | 新幹線で | ちよっといい旅,to | the | north. | go! | on | the | shinkansen | line. | nice | little | trip.,to | the | north. | go! | on | the | shinkansen | line. | it's | a | nice | little | trip.,0.9349,11,0,2
tr_img_06078,13,への対寸応 | 01〜25mの粒子を99％キャツチ系 | 換気等による屋外からの新たな粒子の侵入は考慮しておりません。 | øpい2らとは２5üú以下の微小粒子状物質の総称です。 | この空気清浄機では0前 | 有害物質のすべてを除去できるものではありません | ø32ñ(約8畳)の密閉空間での効果であり実使用空間での結果ではありません。 | 彩試美方法・昌本電機工美会親格山信小4のみ) | 判定基準:0125umの | 微小粒子状物質を32(約8畳)の密開空間で99％際去する時間が | 90分以内であること(82ぶ(約8畳)の試験空間に | 換算した値です。,"i | don't | know. | it's | a | 99 | percent | catch | system | for | particles | between | 100 | and | 25 | meters. | we | haven't | considered | entering | new | particles | from | outside | by | ventilation | and | other | things. | these | two | eöpplees | are | the | names | of | all | the | microscopic | particles | below | 25uuuuuuu. | this | air | cleaner | is | 0 | years | old. | it's | not | something | that | can | remove | all | the | harmful | substances. | it's | an | effect | in | a | closed | space | with | pre-medium | and | it's | not | a | result | of | real-use | space. | i'm | sorry, | i'm | sorry, | i'm | sorry. | and | i'm | going | to | show | you | how | to | do | that. | and | that's | what | we're | going | to | talk | about. | it's | going | to | be | less | than | 90 | minutes. | that's | the | value | we've | changed.",i'm | going | to | take | care | of | it. | we | have | not | considered | entering | new | particles | from | outside | by | ventilation | or | other | means. | and | that's | what | we're | going | to | talk | about. | i | haven't | been | able | to | confirm | the | removal. | (applause) | in | the | air. | it | can't | remove | all | the | harmful | substances. | test | method: | it's | a | little | bit | more | complicated | than | that | it | has | to | be | within | 90 | minutes. | that's | the | value | we've | changed.,0.1064,47,66,23
tr_img_06079,18,感染症防正のたみ | 石鹸による | 手洗いを励行してください | 財務局管財グルーブノOIFice,it's | an | anti-infectious | treatment. | with | soap. | please | encourage | me | to | wash | my | hands. | financial | resources | grubnoofice,a | financial | fund | group/ | a | rock | to | prevent | infection. | please | encourage | the | hand | wash.,0.4392,4,12,10
tr_img_06080,6,大好き札幌 | 新駐車禁正 | 断駐車管理受託会社 | クツカー18部 | けんげち | 中川賢一事務所連絡所,i | love | it. | new | parking | contradiction | a | closed-and-driven | security | firm. | it's | 18 | knutkers. | prick. | nakakawa's | office | contact.,water. | the | way | we | can't | stop | it. | previous | water. | the | way | no | water. | previous | i'm | going | to | show | you | a | couple | of | examples. | it's | just | a | sticker. | it's | only | a | sticker. | move... | we've | got | to | keep | it | safe. | that's | the | cost. | # | # | # | 18-year-olds. | i'll | give | you | 500 | yen | per | hour. | i'm | sorry. | it's | been | over | three | days. | it's | been | a | long | time. | it's | been | a | long | time. | i | don't | think | so. | disposed | as | a | waste. | (muttering) | i | will. | i'm | not | responsible | for | any | of | the | accidents. | hmm. | it's | a | closed-and-driven | constituency | firm. | no | parking. | it's | the | wrecker | company. | # | # | # | shinichi | nakakawa. | i | love | it. | nakakawa's | office | contact. | oh,0.1565,10,7,102
tr_img_06081,9,置番号 | 駐車位 | 使用方法 | I駐車のとき | 白線内の中央に駐車してください。 | 一定時間後; | ロック板が上がります | 2お帰りのとき | 精算機で料金を支払った後,"place | number | parking | position. | use | method | when | i | was | parking | my | car, | please | park | in | the | middle | of | the | white | line. | hours | later; | it's | coming | up. | when | i | was | on | my | way | home, | after | i | paid | the | bill | on | the | calculator,",parking | position. | place | number | use | method | when | i | was | in | the | parking | lot | after | i | paid | the | bill | with | my | calculator | when | i | came | home | a | timed | time | the | board's | coming | up. | please | park | in | the | middle | of | the | white | line.,0.2931,30,11,11
tr_img_06082,5,十条 | 李丞,ten. | i'll | be | right | back.,it's | good | to | see | you. | ten.,0.1176,1,4,5
tr_img_06083,3,成城 | 六丁目,the | manjidani | castle. | sixth.,the | manjidani | castle. | sixth.,1.0000,4,0,0
tr_img_06084,7,やきとり家 | すみれ | 笑,a | wretch. | out. | smile.,# | # | # | i'm | a | hunter. | out. | smile.,0.6111,3,1,5
tr_img_06085,7,車検 | 点検 | オイル交換 | 板金・塗装,car | test. | check | oil | change. | boarding. | painting.,car | readings. | check | boarding. | painting | oil | change.,0.6777,5,2,2
tr_img_06086,4,日本橋 | 人形町 | 二丁目,japan | bridge | doll | town | two.,japan | bridge | it's | doll | town. | two.,0.8974,4,1,2
tr_img_06087,2,平岸条2丁目,"no, | no, | no, | no, | no, | no, | no, | no, | no.",one,0.0370,0,9,1
tr_img_06088,5,世田谷区 | 田市,itagawa | valley | tata | city.,tokita | itagawa | valley | let's | do | it. | come | on. | excuse | me. | mm-hmm. | hey. | hey. | oh,0.4091,2,2,12
tr_img_06089,4,日本橋 | 人形町 | 丁目,japan | bridge | doll | town | send | just | 75 | cents.,japan | bridge | it's | doll | town. | one.,0.6667,3,5,3
tr_img_06090,0,,,you're | drunk.,0.0000,0,0,2
tr_img_06091,1,豊平区,fabian | districts,george | one | of | the | islands. | two | of | the | islands. | three | of | them. | shoe. | i | don't | know.,0.1395,0,2,16
tr_img_06092,8,おすめ! | 2次会 | 名板見によ | で | ちん | 年2000,"hey, | dad! | second | party. | it's | on | the | board. | so... | mm-hmm. | year | 2000",oh | second | party. | i've | had | a | lot | of | drinks. | sung | tad. | toms. | five. | yo. | i | saw | the | sign. | so... | oh | ! | come | on,0.4851,5,7,18
tr_img_06093,5,中島ム園キャラリー,nakashima | university | carrily,nakashima | park | gallery | nakashima | park | gallery | pull.,0.4632,1,2,6
tr_img_06094,14,川根本町 | 浜松 | 沼津 | 藤枝 | 富士 | 静清ＢＰ | この先200ｍ,shinmoto-cho. | sakura | matsu | numazu | fuji. | mr. | fujisawa. | clear | bp | 200 | meters | from | here.,shinmoto-cho. | sakura | matsu | fuji. | calm | down. | numazu | mr. | fujisawa. | we're | 200 | miles | from | here.,0.7911,10,3,4
tr_img_06095,4,豊平区 | 中の目1条2丁目4 | なか | ま,"fabian | districts | one, | two, | four. | i | don't | know. | oh, | my | god.",george | one | of | the | islands. | two | of | the | islands. | four | of | them. | i | don't | know. | shoe.,0.4894,3,8,13
tr_img_06096,3,LＥDを使用してします | 御茶ノ水,i'll | use | the | led. | have | a | cup | of | tea.,have | a | cup | of | tea. | it's | easy | for | the | environment.,0.4370,6,3,4
tr_img_06097,4,国1七ツ新屋 | 交差点南東 | 島崎町,"country | 17s, | new | guy. | southeast | of | the | intersection. | ishima | city.",country | 17s | southeast | of | the | intersection. | where | are | we? | allow | ishima | city.,0.7667,7,3,5
tr_img_06098,0,,,sixty-eight | yen. | roth | and | dinner.,0.0000,0,0,5
tr_img_06099,12,ネクステッブ | 時間 | 西ミパーキシグ | 時間貸 | 30分/ | 100円 | 60分 | 100円,nexteb. | time | west | miperxigue | i'll | lend | you | time. | 30 | minutes. | 100 | yen | 60 | minutes. | 100 | yen,nect | step | time | it's | 13th | west | i'll | lend | you | time. | 30 | minutes. | 100 | yen | 60 | minutes. | 100 | yen,0.8465,14,2,4
tr_img_06100,1,得!,get | it!,get | it! | black | sugar | from | okinawa | i'm | tired | of | it. | a | limited | amount | of | goods! | as | soon | as | they're | sold | out | large,0.1118,2,0,20
tr_img_06101,4,市役所 | 清水庁舎,city | hall. | kunihito | station.,city | hall. | kunihito | station.,1.0000,4,0,0
tr_img_06102,4,豊平区 | 中の護条1二5 | なな | しま,fabian | districts | it's | a | 12-year-old. | yeah. | shoe.,george | one | of | the | islands. | one | of | the | islands. | five. | i | don't | know. | shoe.,0.2785,1,6,13
tr_img_06103,2,周神中都ヶ丘2ー41一80 | 内,"2-41,180. | inside",i'll | be | right | back. | (dramatic | theme | playing) | (dramatic | theme | playing) | (dramatic | theme | playing) | (dramatic | theme | playing) | in | the | valley.,0.0745,0,2,19
tr_img_06104,13,中庫時のご注意 | 確認 | 精算後、必ず | して | ください | コツク板を | 入出庫不可 | 入出庫可 | ロック板によリ車両が損傷しても | X車民15Cｍ以下の | 補償致しかねます | お車はご利用できません,stock | time | watch. | confirm | i'm | not | going | to | do | that. | i'm | not | going | to | do | that. | do | it. | please. | i'm | gonna | need | a | hookboard. | i | can't | get | in | and | out. | it's | in | and | out. | there's | been | damage | to | the | car | on | the | lockboard. | less | than | 15cm. | i'll | make | it | up | to | you. | your | car | is | not | available.,it's | stocking | time. | after | exclusive | i'm | gonna | need | a | rotchboard. | do | it. | please | send | a | year's | subscription | for | the | watchtower | and | awake! | confirm | it's | in | and | out. | there's | a | lot | of | damage | to | the | vehicle. | i | won't | make | it | up | to | you. | i | can't | get | in | and | out. | your | car | is | not | available.,0.0804,32,25,21
tr_img_06105,8,番ドア | 号車 | ゴゴの | 女性専用車 | の,front | door. | car. | gogo. | a | woman-only | car. | .,a | woman-only | car. | car. | front | door.,0.5000,6,2,0
tr_img_06106,4,中原区 | 木月 | 4丁目,central | district | tree | moon | four.,nakahara | yamasaki | city | water | service. | four. | tree | moon | middle-earth.,0.4878,3,2,6
tr_img_06107,1,平成3半戸き目,three-and-a-half-a-half | square.,foundation | happy | birthday | february | 3nd.,0.2500,0,2,5
tr_img_06108,2,中央区 | 南い条団1丁目1,central | central | the | first | of | the | confederate | consuls.,central | central | south | 15th | and | west | 1st.,0.5378,2,6,5
tr_img_06109,0,,,giraffe | beer.,0.0000,0,0,2
tr_img_06110,16,JR清水駅 | 羽衣の心 | 能 | 羽荻 | に名高い | 羽衣の松,jr | clean | water | station. | the | heart | of | the | feather. | gyoi. | hulls | it's | famous. | it's | a | pine | in | feathers.,jr | clean | water | station. | it's | pines | in | feathers. | it's | a | flower | in | feathers,0.5217,9,9,4
tr_img_06111,14,の | フリー,. | free,free | i'll | be | right | back.,0.2000,1,1,4
tr_img_06112,3,涌用口 | 中山校夫 | ミ鷹ホ北野4一5一!,the | stream | mouth. | nakayama's | husband. | 251 | in | the | mitakaho | north!,convenient | entrance. | masao | nakayama. | minori | nigeria,0.4895,0,10,6
tr_img_06113,8,食攻是真 | 洋 | 2寺門 | 4名様以上 | 予製) | ギしくは店内にて,seung | jo. | yo. | two | temples. | there | are | more | than | four | of | us. | (prepared) | keep | it | in | the | shop.,i've | had | a | lot | of | drinks. | 1.000 | two | hours. | there | are | more | than | four | of | us. | (panting) | i'll | tell | you | what | i | know.,0.6452,8,10,15
tr_img_06114,4,警催実地中,i'm | on | the | alert.,security's | running.,0.3182,0,4,2
tr_img_06115,2,トマト | オ-レ,tomatoes. | o-re.,it's | so | red. | tomatoes. | red. | it's | okay. | it's | okay. | it's | okay.,0.3093,1,1,10
tr_img_06116,29,ロ山バスターミナル | 出人印印目 | 早0I | 圓山公共汽王冬起站 | 圓山巴士總站 | 円山公園 | 圓山公園 | 圓山公園 | 北海道神宮 | 外0I臣 | 北海道神宮 | 円山動物園 | 畳呂 | 圓山劫物園 | 圓山動物園 | 以ロ色理道和観市御光ンペンション部,mount | roobus | terminal | it's | the | marker. | i'll | be | quick. | i'll | bet | you | don't | want | to | see | it. | i | can't | believe | you're | here | circle | mountain | park. | i'm | at | tsunama | park. | i'm | at | tsunama | park. | kunihito. | agents | of | the | outside | 0i. | kunihito. | it's | called | the | round | mountain | zoo. | tic-tac-tac-tac-tac. | i'm | at | tsunakayama's | property | park. | i'm | going | to | the | zoo. | the | city | of | light | pencil.,circle | mountain | bus | terminal | i | don't | know | what | you're | talking | about | circle | mountain | park. | # | # | # | i'm | at | tsuoyama | park. | kunihito. | kunihito. | it's | called | the | round | mountain | zoo. | # | # | # | it's | a | zoo. | installation | and | administrator | it's | from | the | sights | and | sounds | of | the | city.,0.0495,23,39,24
tr_img_06117,16,新静岡駅 | 御幸町 | 県庁 | 静岡鉄道 | 新静図站 | 四人引ą | 御幸町 | 山元引季 | 具 | 業時間 | 番0日1午後8時 | 年前10時1年後7月30分,"shinaoka | station. | good-bye. | district | bureau. | shizuoka | railroad | shinji. | four | of | us. | good-bye. | introducing | seasons | fabrics | worktime | it's | 1:00 | p.m. | on | the | 0th. | at | 10:30 | a.m., | after | one | year.",shinaoka | station. | shizuoka | railroad | shinji. | good-bye. | good-bye. | district | bureau. | it's | just | a | matter | of | time. | business | time | 10:00 | a.m. | 8:00 | p.m. | that's | all. | 10:00 | a.m. | 7:30 | p.m.,0.2900,12,16,15
tr_img_06118,2,中の島1条3丁目,it's | on | the | island. | it's | on | the | island | number | three.,there's | a | bird | number | three | in | there.,0.4874,1,9,6
tr_img_06119,0,,,# | # | # | # | # | # | it's | 18 | years,0.0000,0,0,9
tr_img_06120,2,ー・クラフト | ホビ,- | ship. | hobi.,# | # | # | hobbycraft.,0.5000,0,3,4
tr_img_06121,1,北海学園,north | school.,north | school.,1.0000,2,0,0
tr_img_06122,1,社会福祉事業所,social | services.,social | services. | aqua. | # | # | #,0.6429,2,0,4
tr_img_06123,2,予３西,"foreman, | 3 | west.",south | 13th | and | west | 18th.,0.4906,0,3,5
tr_img_06124,8,作与当専店 | 体にやさしい厳選された素材を | 当店スタッフが丁 | 寧に調理し | 美味しいお弁当ができました。,it's | a | gift | store. | and | i'm | going | to | show | you | what | i'm | going | to | show | you. | we've | got | a | knife | on | our | hands. | i'm | a | cook. | we | have | a | delicious | lunch.,handmade | lunch | shop. | and | that's | what | i'm | going | to | show | you. | (laughter) | we | have | a | delicious | lunch. | panta. | . | curry. | panta.,0.5620,12,19,9
tr_img_06125,4,屋外広告物許司 | 緑ヶ丘 | 2一41,outdoor | advertising | permissions. | green | hill | two | hundred | and | forty-four.,outdoor | advertising | permissions | where | are | we? | green | cape,0.5987,3,6,5
tr_img_06126,12,シーバ | とろ～り | まぐろ味セレクション | まぐろ味 | まぐろとシーフード味 | 味 | 味 | 味,"shiba | i'll | take | care | of | it. | i'm | sorry, | i'm | sorry, | i'm | sorry, | i'm | sorry, | i'm | sorry. | it's | so | sweet. | snacks | and | seafood. | taste | taste | taste",siichiba | i | don't | know. | i'm | sorry | it's | so | sweet. | snacks | and | seafood. | taste | oh | taste | and... | oh | taste | do. | taste,0.6261,10,15,10
tr_img_06127,0,,,knitting | aerial | hens | i | don't | know. | circle,0.0000,0,0,7
tr_img_06128,6,プレミアム | 便ご | 銕使 | 姿納芋ソラト | 納 | あんのういも,"premium | pisses. | i'll | be | right | back. | - | i'm | not | sure. | - | i'm | sorry, | i'm | sorry, | i'm | sorry. | pow. | i | don't | know | what | you're | talking | about.",it's | a | safe-deposit | package. | that's | wise. | premium | i'll | take | care | of | it. | i | don't | know | what | you're | talking | about. | use | honey | molasses,0.4843,9,16,13
tr_img_06129,3,ひらお | か | 楼骨小,"oh, | shit. | oh, | my | god. | berber | bone.",oh | the | ceremonies.,0.4706,0,7,3
tr_img_06130,21,時間貸 | パーク | 時間貸 | 収容 | ここを右折 | パーク | 札幌中島公園南駐車場 | 札幌中島公園南駐主車場 | 夜間20:008:00 | 昼間 | 100円 | 60分 | 10円 | 30分 | ここを右折,"i'll | lend | you | time. | park. | i'll | lend | you | time. | imprisoned | turn | right | here. | park. | yokohama | island | park, | south | parking | lot. | i'm | sorry. | i'm | sorry. | i'm | sorry, | i'm | sorry. | 20:08:00 | at | night. | daylight | 100 | yen | 60 | minutes. | ten | yen. | half | an | hour. | turn | right | here.",yokohama | island | park | turn | right | here. | empty | i'll | lend | you | time. | park. | bridger. | # | # | # | # | # | # | powder | a | ladder. | mm-hmm. | self | park. | i'll | lend | you | time. | 45 | cars. | imprisoned | yokohama | island | park | 30 | minutes | per | 100 | yen. | daylight | nighttime | 60 | minutes | per | 100 | yen. | turn | right | here. | park.,0.2545,23,21,28
tr_img_06131,19,軽量 | クラフト封筒 | 良形3号 | 徳用 | 定形郵便 | サイズ | 44サイズ横3つ折対応 | 枚入 | 保存、郵送に便利です | 書類等の整理,"lightweight | ship | entries | good-looking | number | three. | it's | for | virtue. | fixed | postal | size | 44 | sizes, | three | folds. | certified | it's | useful | for | saving | and | mailing. | documents | and | stuff.",lightweight | ship | entries | rectangle | number | three. | it's | for | virtue. | certified | prison | postal | service | size | three | dimensions | in | size. | three | folds | in | size. | it's | useful | for | organizing,0.5221,15,11,11
tr_img_06132,4,日本橋 | 人形町 | 一丁目,japan | bridge | doll | town | one.,japan | bridge | it's | doll | town. | - | nice | and | easy.,0.7083,3,2,6
tr_img_06133,2,小中町,nakanaga.,it's | a | fishing | town.,0.1714,0,1,4
tr_img_06134,2,宇国川川町,isegawa | city.,isegawa | city.,1.0000,2,0,0
tr_img_06135,35,えきまえひるは | 駅前広場 | 站前一均 | タクシーのリば | 出租奉站 | 剽人舎斗 | えきまえこうばん | 駅前交番 | 店前派出所 | 斗善企 | ちかちゅうしやじょう | 工キパ地下駐車場 | Tエキパ | 地下停奉瑤 | T転le | 李斗乳 | しずおかおんがくかん | 新静岡駅 | 静岡音楽館AC | 人天生外 | 静図音荼館AO,"what | is | it? | in | front | of | the | station. | i'll | be | the | same. | i'm | in | a | cab. | i'm | here. | i | don't | know | what | you're | talking | about. | i | can't | believe | it. | in | front | of | the | station. | i | got | out | of | the | store. | good | plan. | it's | a | little | hard | on | you. | work-kipa, | underground | parking | lot. | téapa | i | don't | know. | tallyle | powder | milk | i | don't | know | what | you're | talking | about. | shinaoka | station. | shizuoka | music | hall | ac | out | - | of | - | world | the | ao.",if | you're | going | to | do | it | in | front | of | the | station | i'm | going | to | take | a | cab. | # | # | # | i | don't | know | what | to | say. | in | front | of | the | station. | # | # | # | let's | go | for | a | walk. | extra | basement | parking | lot. | [exp.] | # | # | # | i | don't | know | what | you're | talking | about. | shizuoka | music | hall | aoi | shinaoka | station.,0.0104,32,47,28
tr_img_06136,2,高村歯科 | つ,takamura's | dentist. | 1,takamura's | dentist.,0.9130,2,1,0
tr_img_06137,2,丸菱声桜 | 練馬営業所,it's | called | the | sakura. | it's | a | horse | dealership.,it's | a | circular | electric | machine. | it's | a | horse | dealership.,0.7206,5,3,4
tr_img_06138,4,日本橋 | 人形町 | 一T目,japan | bridge | doll | town | first | t.,japan | bridge | it's | doll | town. | one.,0.7619,3,3,3
tr_img_06139,5,清水区 | 目形町,guayry | a | town.,purchase | eclipse | it's | a | back-up. | it's | the | third | largest | city | in | the | world.,0.2069,1,2,12
tr_img_06140,2,化粧室,laundry.,laundry.,1.0000,1,0,0
tr_img_06141,1,あ用じております,i'm | working | on | it.,we're | here. | it's | from | america. | mm-hmm. | i'm | using | it.,0.3261,2,2,7
tr_img_06142,8,井川 | 藤枝 | 東静田駅 | 清水駅,isegawa. | fuji. | higashida | station. | shizura | station,isegawa. | calm | down. | shizura | station | fuji. | shizuoka | station.,0.5758,5,1,3
tr_img_06143,2,中の島1条2丁目,i'm | on | the | island. | i'm | on | the | island.,one | and | two | islands | inside.,0.5581,0,8,5
tr_img_06144,0,,,,1.0000,0,0,0
tr_img_06145,4,豊平区 | なか | 中の島1条3丁目4 | しま,"fabian | districts | i | don't | know. | it's | on | the | island, | 3rd | and | 4th. | shoe.",george | i | don't | know. | shoe. | the | island's | inside,0.6013,5,8,3
tr_img_06146,2,小林女久聖 | 三鷹市北野リ丁番,kunihito | kunihito. | i'll | be | right | back.,kunihito | kunihito. | 3rd | and | 3rd.,0.7126,2,4,3
tr_img_06147,1,受付B1,recipe | b1,i'm | having | a | cup | of | coffee. | recipe | b1,0.3548,2,0,6
tr_img_06148,3,給田境,tokita | border.,kanto | the | bus. | tokita | border. | (applause) | no. | no. | no | no. | no. | no | path | to,0.2857,2,0,12
tr_img_06149,4,日本橋 | 人形町 | 一丁目,japan | bridge | doll | town | one.,japan | bridge | it's | doll | town. | one.,0.8974,4,1,2
tr_img_06150,1,深144,144.,deep-144.,0.6154,0,1,1
tr_img_06151,1,オワート,owat.,oh,0.2857,0,1,1
tr_img_06152,2,南13条西7丁目,south | 13th | and | west | 7th.,south | 13th | and | west | 7th.,1.0000,5,0,0
tr_img_06153,9,興津 | 清水駅 | 草薙 | 南幹線,i'll | be | right | back. | shizura | station | seung | jo. | south | bank.,i'll | be | right | back. | i'll | be | right | back. | seung | jo. | south | bank. | shizura | station,0.7191,10,0,4
tr_img_06154,1,ヨ三国卜川畿,"i'm | sorry, | i'm | sorry.",cycling | city. | three,0.3600,0,4,3
tr_img_06155,2,配達いつもありがとう | 工藤,thank | you | for | always | delivering. | kudo.,kudo. | thanks | for | the | delivery | all | the | time.,0.5333,2,4,6
tr_img_06156,1,すぐそき,i'll | be | right | there.,you're | welcome | old | age | shanghai | right | there. | right | there. | shanghai | old | age | hokusaki. | ramen. | t.,0.2973,2,2,13
tr_img_06157,2,米良,u.s.,u.s.,1.0000,1,0,0
tr_img_06158,0,,,gurmme | street. | # | # | # | street | of | ginza. | it's | a | non-smoking | area | on | the | street. | city | # | # | #,0.0000,0,0,19
tr_img_06159,13,ナいにも | 野菜も、行凍る | おいしく保存! | X当社調べ。 | 運転状況や食品の種類 | 状態 | 量によって効果が異なります | 日立だけの | 真空チルド | 咲度を守る | 新鮮スリープ野菜室 | 3つの技術 | デリシャス冷凍,i | don't | know. | we're | going | to | freeze | our | vegetables. | i'll | save | it | for | you! | we're | looking | into | the | company. | it's | not | just | about | how | you | drive. | it's | about | what | kind | of | food | you | eat. | status | it | doesn't | matter | how | much | it's | made. | just | the | sun. | vacuum | tierdo | keep | blooming. | fresh | sleep | in | the | vegetable | room. | three | technologies. | delicus | frozen.,it's | not | a | child | come | on | our | investigations | vary | according | to | the | type | of | food | we | drive | and | the | amount | of | food | we | eat. | vacuum | tierdo | fresh | sleep | in | the | vegetable | room. | that's | delisz. | that's | the | freeze. | just | the | sun. | i'll | keep | it | fresh. | three | technologies.,0.0175,24,35,22
tr_img_06160,0,,,i'm | sorry,0.0000,0,0,2
tr_img_06161,0,,,saito | mizuzuru | saito | mizuzuru,0.0000,0,0,4
tr_img_06162,4,池田屋安兵衛商店 | 認久気の | おはすめ3大商品! | おな赤い,ikeda | security | department. | it's | been | a | long | time. | three | big | goods! | red.,ikeda | security | department. | it's | super | popular. | you've | got | three | big | products | to | recommend! | first. | second. | you're | such | a | dick. | i'm | hungry. | interval | the | anti-soul | in | the | bag! | third. | it's | the | typical | leaf | of | diabetes. | yi-yi-yi-yi. | i'm | sorry | a | security | store | at | ikeda's. | candy. | the | drug | city,0.2128,7,5,39
tr_img_06163,2,中央区 | 原目本橋二一丁目9,"central | central | i'm | sorry, | i'm | sorry. | i'm | sorry.",central | central | japan | bridge | hmm. | decomposing | of | homes. | refurbished. | contacts | freetal | 0120-588-388,0.4286,2,6,10
tr_img_06164,11,駐車券 | 発券 | 公ご利用の際は、場内の約款看板を必すお読み下さい。 | 太2千円:5千円1万円札のご利用は出来ません。 | リパークコールセシター(携帯電話もこ利用できます) | つ駐車場名Dパ一ク札幌南14西,"parking | tickets. | a | ticket. | if | you | are | in | public | use, | please | read | the | official | sign | in | the | hall. | you | can't | use | a | 5,000 | yen | bill. | (laughter) | the | name | of | the | parking | lot | is | d.p.a.h. | 14th | west.",parking | tickets. | a | ticket. | parking | name | please | be | sure | to | sign | the | estuary | sign | for | your | use. | i | can't | use | a | 2 | river | call | center. | you | can | also | use | your | cell | phone. | riga. | it's | 14th | west | of | river | river | river.,0.1919,15,21,25
tr_img_06165,11,言こり | 0円 | 高2時翌3時 | 疲れ | 慶縮 | 火曜のみ副き署ち | 美市ビル,i'm | glad | you're | here. | 0 | yen | it's | two | o'clock | and | three | o'clock. | i'm | tired. | compression | it's | only | tuesday. | the | beautiful | building.,a | corner | highball. | bar. | tsukiji | silver. | it's | silver. | tsukiji | kite | 8 | # | # | # | here. | # | # | # | come | on | karaoke | weiss. | powerra. | karaoke | # | # | # | one. | a | ladder. | group | # | # | # | ba. | forecast | ida. | - | zs. | thor. | spiral | - | i'm | tired | of | walking. | sophisticated. | quick | a | lump | in | the | shoulder. | back | pain | ricquezeut | yoso | 12:00 | p.m. | to | 3:00 | p.m. | it's | only | tuesday | the | feet. | i'm | tired. | sara. | the | moon | and | the | moon. | he's | got | a | accent. | suyur. | papers | quiz | hana. | go | ahead. | mountain | summer | mt. | ebroso | summer. | it's | all | right. | it's | all | right. | i | don't | know. | lee. | # | # | #,0.0311,9,12,94
tr_img_06166,1,東日本,east | japan,jr | east | japan,0.8276,2,0,1
tr_img_06167,16,興津 | 清水駅 | 日本平 | 船越 | 清水港 | の先300ｍ,i'll | be | right | back. | shizura | station | nigeria | nigeria | ship's | moving. | guayry | bay | 300 | meters | to | the | end.,i'll | be | right | back. | i'll | be | right | back. | shizura | station | nigeria | nigeria | ship's | moving. | guayry | bay,0.7645,12,5,4
tr_img_06168,4,臼井 | 暉男,milli. | i | don't | know.,milli. | he's | a | scoundrel. | north | gas.,0.5070,1,3,5
tr_img_06169,2,ベトナム料理 | ホアングン,vietnamese | food. | hoangang,betnam. | husband,0.5217,0,3,2
tr_img_06170,24,人とクルマと街と | 成大料金 | 駐車後 | 24時間 | 連本料金 | 分 | 円 | O0町 | 最大料金は | タイムズ南 | 10西7 | 繰り返し | 適用されます | 札幌市中央区南1 | 10条西7丁目 | 故障の際は | タイムズサービス(株),"a | man, | a | car, | a | city. | a | grand | charge. | after | the | parking. | 24 | hours. | the | book | charge. | min | circle | o0 | town. | what's | the | maximum | cost? | south | of | times. | ten | west | seven. | repeat | it | applies. | i'm | sorry, | i'm | sorry, | i'm | sorry, | i'm | sorry. | 10 | west | and | 7th. | when | you're | out | of | order. | (time | service)",after | the | parking. | 24 | hours. | with | people. | the | car. | the | city. | maximum | charge. | basic | charge. | 1.000 | yen | 60 | minutes | 200 | yen. | it's | called | the | tasmai | nasty | pickup | act. | the | interior | industry. | i | got | into | the | car | stop | and | got | into | the | tire. | please | park | properly | in | the | center | of | the | house. | the | car | smells | within | two | minutes. | the | oral | board | automatically | goes | up | or | down. | you | can't | enter | the | east | room | once | you're | on | a | board | or | on | top | of | it. | it's | in | the | garage. | when | behind | you. | let's | do | another | one. | what's | the | maximum | cost? | we're | going | to | return | the | value | of | the | value | of | the | value | of | the | value | of | the | value | of | the | value | of | the | value | of | the | value | of | the | value | of | the | value | of | the | value | of | the | value | of | the | value | of | the | value | of | the | value | of | the | value | of | the | value | of | the | value | of | the | value | of | the | value | of | the | value | of | the | value | of | the | value | of | the | function. | in | case | of | a | breakdown. | (singing) | 10 | west | 7 | south | of | ieses. | 9th | and | southwest | and | southwest.,0.1093,23,30,165
tr_img_06171,10,八番山 | はちまんやま | 上北沢 | 芦花公園,mount | eight. | i | don't | know | what | you're | talking | about. | hanzawa. | sakura | park,yaeyama. | sakura | park | hanzawa. | i | don't | like | it.,0.2452,5,7,3
tr_img_06172,2,南14条西5丁目,south | 14th | and | west | 5th.,south | 14th | and | west | 5th.,1.0000,5,0,0
tr_img_06173,6,たがやく | 世田谷区 | 成城力丁目5 | Sのo,come | on. | itagawa | valley | king's | landing. | five. | so,itagawa | valley | i'm | not | sure | if | i'm | going | to | be | able | to | do | this. | let's | go. | i'm | sorry. | oh | hey. | hey. | oh. | let's | do | it. | come | on.,0.3207,4,4,23
tr_img_06174,2,par上et,paret,ginza | ginza. | - | akira | ginza. | # | # | # | # | # | # | # | # | # | # | # | # | # | # | # | # | # | # | # | # | # | # | # | # | # | # | # | # | # | # | it's | called | an | estuary. | # | # | # | # | # | # | # | # | # | # | # | # | ginza | ginza. | # | # | # | ten | silvers. | in | front | of | the | station. | 6:30 | to | 24:00. | that's | it. | that's | it. | i'm | sorry. | i'm | sorry. | i'm | sorry.,0.0048,0,1,76
tr_img_06175,0,,,hey | the | cow.,0.0000,0,0,3
tr_img_06176,7,この出入口は | 毎抜 | 海揄 | 東京都交通局,this | entrance | is... | i'm | out. | aquarius | tokyo | city | traffic | administration.,this | entrance | is... | (for | fully | formatted | text | seagulls | tokyo | city | traffic | administration.,0.7861,7,3,5
tr_img_06177,4,中原区 | 木月 | 3丁目,central | district | tree | moon | three.,middle-earth. | tree | moon | three.,0.6494,3,2,1
tr_img_06178,4,日本橋 | 人形町 | 一丁目,japan | bridge | doll | town | one.,japan | bridge | it's | doll | town. | one.,0.8974,4,1,2
tr_img_06179,8,中央区 | 日本橋豚町丁目,central | central | it's | the | japanese | bridge | pig | town.,central | central | it's | the | largest | city | in | japan.,0.6240,4,4,4
tr_img_06180,12,で | 動画写真 | 型 | ゲームに | おすすめ | フルHD | 広視野角ADSパネル採用 | ワイド液品ディスプレイ,so... | video | photos | type | to | the | game. | it's | a | good | idea. | full | hd | i'm | getting | a | wide | view | of | the | ads | panel. | a | wiped | - | out | display.,image | 31.5 | types. | i'm | getting | a | wide | view | of | ads. | kuids | video. | photo | to | gememe. | you're | welcome.,0.4771,7,20,10
tr_img_06181,9,Car-Netr城 | 先進のテレマテイクス機能の,castle | car-netr | it's | called | the | telematics.,advanced | telematics | feature | substances,0.3299,0,6,4
tr_img_06182,16,タクシー | 団体バス・路線バス | 一般車 | レンタカー,taxi. | group | bus | route. | general | car. | rent-car.,group | bus... | linebus | rent-car. | it's | a | normal | car. | taxi. | we're | leaving | the | international | line. | it's | a | group | bus. | it's | a | rail | bus. | it's | a | streetcar.,0.2789,4,3,21
tr_img_06183,9,北野 | 四丁目,no. | no. | no. | 4th | street.,no. | no. | no | 4th | street.,0.9836,4,1,1
tr_img_06184,2,まじよ大,i'm | serious.,little | dog.,0.4444,0,2,2
tr_img_06185,66,人天副 | 清永年金事務所 | 清水年金事矛所 | 四言人早企 | 清水江尻小学校 | 清水江尻小学校 | 人口 | 清水テルサ | 静図市奈部勤蒡者福祉中心 | 清永 | 副亭入 | JＲ清水駅 | マリナート | JR清水站 | 清水文化会館 | JR人町玉9 | N口I | 医 | 静鉄新清水駅 | 新済水店 | 千町 | 泊生町 | 日町 | 清水年金京務所! | 浜田親水公原 | 臼町公園 | 島崎町公園 | 浜田ボン | 大場口 | JRN四本 | 中 | 現在地 | 水神社,man's | substance | kanazawa's | office. | i'm | at | the | manchuan | pension | bank. | the | premarital | plan | shizuzuzu | etsu | elementary | school. | shizuzuzu | etsu | elementary | school. | population | pure | water | tellsa | i'm | at | the | center | of | seung | jo's | life. | hironori. | submen. | jr | clean | water | station. | marinart. | jr | clean | water | the | chrysanthemum | museum. | jr | boulder | 9 | n-a-a-a-a-a-a-a-a-a-a-a-a-a-a-a-a-a-a-a-a-a-a-a-a-a-a-a-a-a. | doctor. | shikoku | shizura | station. | the | new | water | station. | sen | city | a | nightly | town. | sundial | manchuria | ginkin's | office! | tsukita | kariharahara | milltown | park. | issaki | town | park. | tsukitabon | osama. | four | jrns. | middle | current | location | a | water | shrine.,"# | # | # | # | # | # | i'm | here | to | help | you. | i'm | here | to | help | you. | i'm | here | to | help | you. | i'm | here | to | help | you. | i'm | here | to | help | you. | i'm | here | to | help | you. | i'm | sure | you'll | be | glad | to | hear | it. | shizuzuzu | etsu | elementary | school. | pure | water | tellsa | ""it's | pure | water. | jr | clean | water | station. | niizu | shizura | marinart. | i'm | not | sure | what | i'm | going | to | do. | i'm | going | to | do | it | again. | komachi. | pure | water | tellsa | (you | u | u | u | u | u~) | ""it's | pure | water. | marinart. | i'm | not | sure | what | i'm | going | to | do. | i'm | going | to | do | it | again. | issaki | town | park. | iseshima | city | concert. | jr | clean | water | station. | niizu | shizura | in | front | of | the | train | station | guayra | bridge | current | location | i'll | be | right | back. | jr | toto | tokiichi | line | ginza | i'm | here | to | help | you. | i'm | here | to | help | you. | i'm | here | to | help | you. | i'm | here | to | help | you. | i'm | here | to | help | you. | i'm | here | to | help | you. | i'm | sure | you'll | be | glad | to | hear | it. | it's | a | town | of | co-workers. | a | clean | water | industry. | information | plaza | seung | jo. | i | don't | know | what | you're | talking | about. | (for | fully | formatted | text | (for | fully | formatted | text | fresh | fresh | water | shikoku | shizura | station. | seung | jo. | shinkazu | shizura | kojiji-san. | a | thousand-year-old | town. | shizuoka | rai. | shizuoka | shizura. | tsukita | yuka | park. | yumachi | park. | a | water | shrine. | takahashi. | a | beach | farm | in | bomble.",0.0184,39,45,193
tr_img_06186,0,,,japan | bridge | tearooms,0.0000,0,0,3
tr_img_06187,10,栄町 | 伝馬田 | 公交牢! | 画 | 菓町 | 綾町,it's | a | nice | town. | tokita. | contestation! | pictures | komachi. | komachi,it's | a | run-a-do-do-do-do-do-do-do-do-it-all. | i | don't | know | what | you're | talking | about. | it's | a | nice | town. | i'm | a | pine | shop. | # | # | # | the | bus. | # | # | # | public | prostitution,0.1898,4,5,24
tr_img_06188,5,田二丁目 | 時差式,ta-da. | time | difference,it's | 3rd | and | 2nd. | port | area | time | difference,0.5783,2,1,6
tr_img_06189,3,木月 | 城交妾骨院,tree | moon | the | citadel.,tree | moon,0.5641,2,2,0
tr_img_06190,29,港ミ田クリニック | 院長 | 石井 | 勝 | 科 | 内 | 消化器内科 | 東洋医学(鍼・漢戸)人間ドック・吾種検診 | 信環器内科 | 診療時間 | 婦人科 | 休診日丿木曜・土曜(午後・日曜・祝日 | 小児科 | 港区芝5-16-1千代ビル3 | 心療内科 | 当駅Ａ3:A8出口より徒歩3分 | 問合せ先 | 東京都営交通協力会,"port | mida | clinic. | director. | ishii | we | won. | family. | inside | it's | a | digestive | system. | a | human-doc-seed | examination. | the | mathematical | mathematics. | clinical | time | she's | a | gynecologist. | retired | on | sunday, | sunday, | sunday, | sunday, | sunday, | sunday, | sunday, | sunday, | sunday, | sunday, | sunday, | sunday, | sunday, | sunday, | sunday, | sunday, | sunday, | sunday, | sunday, | sunday, | sunday, | sunday, | sunday, | sunday, | sunday, | sunday, | sunday, | sunday, | sunday, | sunday, | sunday, | sunday, | sunday, | sunday, | sunday, | sunday, | sunday, | sunday, | sunday, | sunday, | sunday, | sunday, | sunday, | sunday, | sunday, | sunday, | sunday, | sunday, | sunday, | sunday, | sunday, | sunday, | sunday, | sunday, | sunday, | sunday, | sunday, | sunday, | sunday, | sunday, | sunday, | sunday, | sunday, | sunday, | sunday, | sunday, | sunday, | sunday, | sunday. | the | pediatrician. | port | fields | 5-16-1000 | building | 3. | a | mental | - | health | professional. | we're | on | foot | three | minutes | from | exit | a3:a8. | addresses | tokyo | city | traffic | association",port | mita | kichinituk | the | human | docks | and | various | medical | tests. | recuperation | date | during | the | clinic. | a | doctor. | it's | a | digestive | system. | the | circulatory | system. | she's | a | gynecologist. | the | pediatrician. | cardiovascular. | director. | iseshima. | thursday | it's | saturday | afternoon. | sunday | a | holiday. | this | station. | addresses | tokyo | city | traffic | association,0.0785,20,100,26
tr_img_06191,3,文り | すりイト | マオワイト,vocabulary | abrasion. | maoweit.,do | you | know | what | i'm | talking | about? | (whistling) | (whistling) | hubblefruit | hubblefruit | o'briane. | melo | gold. | hey.,0.2235,0,3,15
tr_img_06192,5,三鷹市 | 北嗣四上目寸,mitaka | city | north | inheritor,mitaka | city | 4 | northeast. | a | substation.,0.6420,2,2,4
tr_img_06193,0,,,it's | a | small | barrel. | it's | a | fixed | water | company.,0.0000,0,0,9
tr_img_06194,4,永代弟の,he's | my | oldest | brother.,it's | a | long | time | ago.,0.4828,0,4,5
tr_img_06195,4,日本橋 | 人形町 | 三丁目,japan | bridge | doll | town | three.,japan | bridge | it's | doll | town. | three.,0.9024,4,1,2
tr_img_06196,6,上質な音楽空間をあなたへ | くつろぎの時間を演出する,i'll | give | you | the | best | music | space. | i'm | going | to | show | you | some | time | to | relax.,i'm | going | to | go | through | a | fine | musical | space. | i'm | going | to | show | you | some | time | to | relax. | it's | called | the | techx | olein | one. | remium. | unipo.,0.6644,11,5,15
tr_img_06197,9,ロツク板が下がつたことを確誌し | 一分以びに | 出庫してください | 壬重位置番号を間違つた | 精算金は | 反金いたしません | 支払の途中で精算機から離れる場合は | 必す「以肖ボタンを | 押してください,"and | i | said, | ""well, | why | don't | you | do | it?"" | one | minute | at | a | time. | i'm | gonna | need | you | to | put | it | in | storage. | i've | got | the | wrong | location | number. | so | let's | say | that | this | is | the | same | thing | as | this | is | the | same | thing | as | this | is | the | same | thing | as | this. | i'm | not | going | to | take | any | money | from | you. | so | let's | think | about | what | happens | if | we | get | away | from | the | calculator | in | the | middle | of | the | payment. | i'm | going | to | have | to | give | it | to | you. | push, | please.","and | i | said | in | three | minutes. | please | put | it | away. | i | just | got | the | parking | number. | how | much | do | i | owe | you? | i | won't | return | it. | in | the | process | of | paying. | i'm | getting | away | from | the | calculator. | you | know | what? | i | promise. | ""removal."" | bosaiso | mm-hmm. | please | push.",0.0481,17,74,30
tr_img_06198,20,JR清水駅東口 | 駐重場駐輪場 | 清水テルサ | 清水文化会館マリナート | ホテル,"jr | clean | water | station | east | entrance. | subtitles: | @elder_man | pure | water | tellsa | marinat, | the | chrysanthemum | museum. | hotel.",hotel. | shizura | station | tonaka. | a | parking | lot. | pure | water | tellsa | marina's | chrysanthemum.,0.5969,5,11,7
tr_img_06199,13,高ご制限 | 重量制限 | 高さ制限 | すすぎの8:4 | ザれセン,high | limits | weight | limit | height | limit | it's | 8:04. | i'm | sorry. | i'm | sorry.,height | limit | height | limit | weight | limit | that's | right. | there's | a | car | going | straight | ahead. | two. | i | don't | know | what | you're | talking | about. | watch | out | for | geichi! | i'm | going | to | break | it! | the | entrance. | 0 | minutes | 300 | yen. | 400 | yen. | 200 | yen. | it's | all | right. | it's | all | right. | it's | all | right. | width | weight | no | moussa | onevis. | less | than | 1.9 | meters | less | than | 2.5t | please | pick | up | your | parking | tickets. | no | bike | entry. | boy. | interaction,0.0062,6,6,67
tr_img_06200,2,カタログブテイック | 南14条店,catalog | btik | 14th | street.,catalogbtic | the | blind | palette. | shady. | the | salad | house. | 14th | street. | i'll | pay | you | back. | it's | casuality. | it's | a | gift | to | convey | your | feelings.,0.2710,2,2,21
tr_img_06201,2,自輪軍専居,i'm | a | self-portrait.,cycling | only.,0.3077,0,3,2
tr_img_06202,4,神保田 | 曙橋 | 方面 | 本八幡,kanta. | shang | bridge | i'm | on | my | way. | i'm | sorry.,sakura. | kobe | city. | i'm | sorry.,0.5918,2,7,3
tr_img_06203,1,静商目吉奈本新,shikoku | yoshimoto.,shizuoka | county | police | headquarters. | no | snippets,0.3333,0,2,6
tr_img_06204,13,そしい非旅素系の材質を使用し | この後は地会 | のn | ウサギの | 牧草スナック | ハーブの香り | シャンピーオンエキス配日 | かたさ | キシツトー川配台 | 産 | 玉 | ア川,"it's | a | very | simple | thing | to | do. | after | this, | we'll | have | a | meeting. | nn | the | rabbit. | veedsak | smells | of | herbs. | sampion | equis | date. | it's | all | right. | the | kinetto | river | platform. | birth | balls. | agawa",veedsak | smells | of | herbs. | it's | a | rosemaso | package. | it's | a | hard | thing | to | do. | it's | a | hard | thing | to | do. | it's | a | hard | thing | to | do. | the | rabbit. | it's | called | the | cheya | soapinios. | kilito | distribution | # | # | # | that's | eight. | it's | all | right. | it's | all | right. | from | country | # | # | #,0.0850,16,17,35
tr_img_06205,2,科林 | 銀承,fault | pictures | ginza,ginza | umemori. | ginza | umemori. | i | don't | know. | i'm | in | business.,0.2549,1,2,9
tr_img_06206,11,便利 | 安全機構 | ドアロック | ム今を省いて | 運転中はロックされて開きません。 | チャイルドロック | 自動で節電節水 | 役定すると運転終了後も | ドアが開きません | (イメージ図),advantages | a | safety | mechanism. | door | locked. | i | don't | want | you | to | do | this | right | now. | it's | locked | while | driving. | it | won't | open. | child | rock | auto-service | i'm | not | going | to | do | that. | i'm | not | going | to | do | that. | i | can't | open | the | door. | (impressions),it's | convenient. | you're | wasting | your | time. | auto-circuit. | it's | a | safety | mechanism. | doorlotsk | i | can't | open | my | mouth | while | i'm | driving. | chiyaldok | i'm | not | going | to | do | that. | i'm | not | going | to | do | that. | i'm | not | going | to | do | that. | the | door | won't | open. | (imagets),0.1915,27,16,17
tr_img_06207,5,まにしでききしす | 十条 | 条道楽復院 | 新険,i'll | see | what | i | can | do. | ten. | catechismal | rehabilitation | shinji.,it's | dangerous! | let's | push | the | car | around. | 10 | judo. | reconciliation | frustration | oh | i've | lost | my | muscle. | all | kinds | of | insurance. | traffic | accident. | ten. | judo | resurrected | foreman's | imperial | palace. | ten-do-do-it-your-do-it-your-your-do-your-yourself. | 10 | the | fur. | michitoso,0.0146,1,9,32
tr_img_06208,3,ハンズで楽しむクリスマス,christmas | at | the | hans.,christmas | at | the | hans. | letters | # | # | # | # | # | # | # | # | # | # | # | #,0.4912,4,0,13
tr_img_06209,55,南口 | 南出口 | 善字 | 北年金事務所 | 帝京大学医学部附属病院 | のfice | 北区福祉事務所 | 帝京大学高等学校・中学校 | 北寺別支矛学校 | 東京家政大学･短期大学部 | 高等学校・中学校 | 北都税事務所 | 陸上自衛隊十条駐屯地 | 東京成徳大学短期大学 | 北区立中央図書館,"south | entrance. | south | exit. | good | character | the | north | pension | office. | i'm | at | the | medical | hospital | at | tokyo | university. | fice | i'm | with | the | north | district | services | office. | high | school, | junior | high | school, | junior | high | school. | it's | called | the | north | temple | substitution | school. | i'm | from | tokyo. | i'm | from | junior | high | school. | high | school, | junior | high | school. | the | tax | office | in | north | city. | i'm | on | my | way. | i'm | on | my | way. | (dramatic | theme | playing) | (dramatic | theme | playing) | (dramatic | theme | playing) | tokyo | university's | short-term | university. | the | north | district | central | library",south | entrance. | the | north | pension | office. | it's | the | north | district | social | services | office. | a | special | support | school | in | the | north. | the | tax | office | in | the | north | of | the | city. | s.h.i.e.l.d. | tokyo | university | and | short-term | university. | the | north | district | central | library | i'm | at | the | medical | hospital | at | the | university | of | tokyo. | tokyo | university | high | school. | - | middle | school. | i'm | from | tokyo. | i'm | from | junior | high | school. | high | school,0.1263,46,40,21
tr_img_06210,5,木高4丁目,i'm | going | to | the | fourth | floor | of | a | tree.,that's | the | fourth | of | january. | middle-earth.,0.5505,3,6,3
tr_img_06211,25,精算機が一部変更となリました | の | íカードにて乗り越し不足額を | チャージされた場合は精算歩は出ません | 業望のボタンを押しでくさい | のリこし金額 | 000円 | こちらを選択すると | ICカ一ド残額 | 00円 | あと | 00円不足です | íカードに不足額がチャーツされます | チャージ | (a00円 | 2000円 | 3000円 | 10000円 | こ不明な点がありましたら | (不足横 | 駅係員までお問し | い合わせください | 精算の場合は不足額チャージボタンを却してください,"i've | been | told | that | some | of | the | calculators | have | changed. | . | i'm | going | to | give | you | an | example. | we're | not | going | to | take | any | steps | if | we're | being | chartered. | i | can't | believe | i'm | pushing | the | button. | how | much | money | do | i | owe | you? | 10,000 | yen. | so | let's | see | if | we | can | do | that. | ic's | left. | 00 | yen. | and... | we're | short | of | 100 | yen. | i'm | going | to | give | you | an | example. | charging. | (a00 | yen) | 2000 | yen. | three | thousand | yen. | ten | thousand | yen. | if | there's | anything | you | don't | know, | (screaming) | i'm | going | to | ask | the | station | attendant | a | few | questions. | i'd | like | you | to | meet | me. | i'm | going | to | give | you | an | example | of | how | to | do | this.",the | calculator | says | we're | changing | parts. | i | don't | give | you | a | check | if | you're | in | trouble. | and | if | you | choose | one | of | them | if | there's | anything | you | don't | know | i'd | like | you | to | contact | the | station | attendant. | press | the | button | you | want. | the | amount | of | money | you | spend | on | money. | oh. | 10 | 00 | yen. | we're | short | of | 100 | yen. | 2000 | yen. | three | thousand | yen. | 1000 | yen | 00 | yen. | magnification | (chuckles) | i'm | going | to | give | you | an | example | of | how | to | do | this.,0.0802,48,68,34
tr_img_06212,3,水軍町7,we're | in | the | 7th.,it's | a | water-car | town.,0.3529,0,4,4
tr_img_06213,18,クホ茶 | 支持率 | 体脂肪を減らすのを助ける | 特茶 | トクッ( | 氷首社調念(調季委説先 | 、あなたが最も支持したい銘柄をお選びください | 質間項目: | 食生活は、主食、主菜、副菜を基本 | 特寺茶 | サントリー | 尹右律 | 税込,"i'm | sorry, | i'm | sorry. | support | rate | help | reduce | body | fat. | special | tea. | i | don't | know | what | you're | talking | about. | icehead | preservation | (laughter) | integrated | item: | i'm | going | to | talk | about | diets. | special | tea. | sandry. | i | don't | know. | taxes",support | rate | no.1 | special | tea. | i | right | guard. | special | tea. | help | reduce | body | fat. | i'm | gonna | help | you | reduce | your | body | fat. | m-i-e-g-e-e-g-e-e. | sandry. | (chuckles) | circle | thanks | to | the | work | of | the | cercetin | sugars | that | activate | the | plasma | introducing: | 4 | to | 5 | teas | a | week | and | 110 | people | who | are | bought | and | consumed. | i'd | like | to | eat | diets | date: | june | 3 | or | 5th,0.0438,14,23,49
tr_img_06214,3,ラテン居酒に | こo!,latin | wine. | come | on!,carbon-burned | meat. | isak. | # | # | # | sun,0.3836,0,4,7
tr_img_06215,13,口田 | 三xit | 南1条西4丁目 | ヨ之出ビル,oda. | 3xit | south | 1st | and | west | 4th. | yoo-bill.,the | exit. | south | 1st | and | west | 4th. | iseshima | hotel.,0.7541,5,3,4
tr_img_06216,2,三田駅,mida | station.,central | central | mida | station.,0.6000,2,0,2
tr_img_06217,1,(防火木,firecrackers.,the | raven. | the | raven. | a | young | raven | in | the | morning. | i | don't | know | what | to | say. | fresh! | passed. | it's | a | professional | shop. | and | walnuts. | aviation | fire | protection.,0.0270,0,1,27
tr_img_06218,4,南14西9,"14 | south, | 9th.",14 | south,0.7143,1,2,1
tr_img_06219,0,,,northichi. | a | finite | company. | hiroda. | it's | aquamarine.,0.0000,0,0,7
tr_img_06220,2,南14条西9丁目,14 | south | and | 9 | west.,14 | south | and | 9 | west.,1.0000,5,0,0
tr_img_06221,2,自転車 | 歩行者,bicycle | a | pedestrian.,a | pedestrian. | bicycle,0.6000,3,0,0
tr_img_06222,1,,,,1.0000,0,0,0
tr_img_06223,0,,,dom | park.,0.0000,0,0,2
tr_img_06224,0,,,six | to | the | west. | central | central,0.0000,0,0,6
tr_img_06225,3,三市二店 | マダロ | あリます,two | stores | in | three | city. | madalo. | i'll | be | right | back.,miura | sanzaki. | tuna. | yes,0.2772,0,10,4
tr_img_06226,2,南1３条西9丁目,south | 13 | west | 9th.,south | 13 | west | 9th.,1.0000,4,0,0
tr_img_06227,9,邦楽 | しそ | いか | ワラレコードホャ品ピラシ,kunihito | shh. | here | we | go. | walla | record | hoatz.,kunihito | i'm | sorry. | oh | shh. | yeah. | i'll | be | at | the | yudo | sudutu | pievo. | a-m | oh | lusamasobia | koda | koda | koda. | it's | a | delicious | melopaso. | i'll | take | care | of | it. | casopanella | kunihito | a | bullet-proof | boy. | vannell | a | bullet-proof | boy. | oh. | red-west | yo-un. | please | be | free | to | die. | inoue | inoue | himself. | inoue | source | safe | zone. | i | don't | know | what | you're | talking | about | what's | your | name? | analokeficts. | a-basoquialdo | # | # | #,0.0644,2,6,65
tr_img_06228,17,千歳烏山 | 仙川 | ちとせからすやま | 芦花公園 | 仙川 | 千岑弓山 | 入星知引人0印I | 芦萩公園 | がわ,"mount | raven, | 1,000 | years | old. | sengawa. | don't | do | this | to | me. | sakura | park | sengawa. | i'll | be | right | back. | i'm | the | ten | mark | of | the | entrepreneur. | i'll | be | right | back. | oh, | my | god.",mount | raven | don't | do | it. | don't | do | it. | # | # | # | sengawa. | sengawa. | husband | i'm | sorry. | it's | ours. | it's | 24 | o'clock. | what? | yes | i've | always | had | a | new | style. | husband | sakura | park,0.0998,8,24,24
tr_img_06229,0,,,the | one-to-the-tion | cooperative | of | the | company | in | yokohama | city.,0.0000,0,0,9
tr_img_06230,4,トかい | おさし | アイス,"oh, | yeah? | - | hi. | - | hi. | ice | cream.",ice | cream. | here | you | go. | enjoy | your | meal.,0.2400,2,6,6
tr_img_06231,15,井川 | 浄斉BP | 藤枝 | 東静岡駅 | 消水駅 | ター,isegawa. | pure | bp | fuji. | shizuoka | station. | we've | got | a | dehydrated | station. | tah.,isegawa. | clear | bf | shizura | station | fuji. | shizuoka | station. | tah.,0.5989,5,7,4
tr_img_06232,7,イン会 | ご来 | ムカー | 東李苑,instruments | come | on. | chappie. | i'll | be | right | back.,you're | a | melody. | mr. | hashimoto. | i | don't | know | what | you're | talking | about. | i'll | be | right | back. | i'll | be | right | back.,0.4057,4,4,16
tr_img_06233,4,平成22年度 | 然費基準+5％達成車 | 氏排非ミトナス重 | 国土二通大臣認定車,22 | years | old. | explosive | standards | plus | 5% | achievement. | mr. | mitonus. | he's | got | a | state-wide | minister's | license.,22 | years | old. | explosive | standards | plus | 5% | achievement. | low | emissions | gas | cars. | 17-year-old | gas | emissions | are | down | 50 | percent. | traffic | minister | approved.,0.6907,8,8,14
tr_img_06234,9,お手洗 | レストラン街(アステイ東館 | 川 | ショッピング街(パルシェ食彩館),wash | your | hands. | i'm | at | the | restaurant. | i'm | at | the | east | east | department. | river | (music) | (music | ends) | (music | ends) | (music | ends) | (music | ends) | (music | ends),(music) | (music | ends) | (music | ends) | (music | ends) | (music | ends) | (music | ends) | (music) | (music | ends) | (music | ends) | (music | ends) | (music | ends) | (music | ends) | wash | your | hands. | showships | # | # | # | company | mei-napi. | mei-napi. | mei-napi.,0.0960,14,11,19
tr_img_06235,6,禁煙 | 二の場所及び | ごルの前の道路上 | で喫煙しないで | 下さい | さつきビレ管理人,no | smoking | the | two | places. | on | the | road | in | front | of | you. | and | don't | smoke. | please. | i'm | the | owner | of | the | house.,no | smoking | this | place. | on | the | road | in | front | of | the | building. | and | don't | smoke. | please. | i'm | the | building | manager.,0.8094,15,7,5
tr_img_06236,4,日本橋 | 人形町 | 三丁員,japan | bridge | doll | town | three | men.,japan | bridge | it's | doll | town. | three.,0.8409,3,3,3
tr_img_06237,20,時計台 | 大通公園 | 札幌市役所 | 。すすきの方面 | 南 | 口 | は番 | 善子 | 南口,the | clock | tower. | general | park. | yoichi | city | hall. | - | where | do | you | want | to | go? | south | voice | t's. | good | boy. | south | entrance.,southo. | south | entrance. | the | clock | tower. | yoichi | city | hall. | general | park. | it's | in | the | direction | of | soo.,0.4626,10,12,7
tr_img_06238,6,酒場 | 築土せ,bar. | build | it.,a | corner | highball. | bar. | tsukiji | it's | silver.,0.4054,1,2,6
tr_img_06239,4,中原区 | 木月 | 4丁目,central | district | tree | moon | four.,middle-earth. | tree | moon | four.,0.6400,3,2,1
tr_img_06240,3,港橋,port | bridge,port | bridge,1.0000,2,0,0
tr_img_06241,6,炭の好か | 系 | 営業時間 | 17:00〜翌1:30,"you | like | charcoal? | system | business | time | it's | like, | ""what's | wrong | with | you?""",i'll | be | right | back. | it's | like | a | charcoal | bush. | a | charcoal | lamp.,0.4835,2,10,10
tr_img_06242,2,四ツ目通り,right | on | the | fourth.,fourth | street. | tsunamido | two | countries.,0.1918,0,4,5
tr_img_06243,1,札幌市中英区北1条西6丁,i've | got | six | north-west-west-west-west-west-west-west-west.,i'm | 6th | and | 7th.,0.3448,0,4,4
tr_img_06244,3,ニスポ・スイムクラブ | 元住吉,nispo-sym | club. | hikichi.,hikichi. | i'll | be | right | back.,0.2500,1,2,4
tr_img_06245,10,ホテルアソシア静岡 | 静岡市総合観光案内所,hotel | associa | shizuoka. | shizuoka | city | tour.,tree | atsushia | shizuoka | shizuoka,0.6000,1,5,3
tr_img_06246,4,株式 | 東京機械製作所 | 会社,stocks. | tokyo | mechanistry. | company,stocks. | company | tokyo | mechanistry.,0.7500,4,0,0
tr_img_06247,2,南14条西8丁目,south | 14th | and | west | and | eightth.,south | 14th | and | west | and | eightth.,1.0000,6,0,0
tr_img_06248,10,タクシーのリは | 出租牢站 | 副人舎石 | 駅前交番 | 站前派出所,i'm | going | to | take | a | cab. | i'll | be | right | back. | submanite. | in | front | of | the | station. | i | got | out | of | the | pre-medium.,tutu's | tail. | in | front | of | the | station. | # | # | # | # | # | #,0.5536,5,17,8
tr_img_06249,4,中古盛 | 専門店 | 高ー買しま?,used | punk | - | it's | a | shop. | do | you | buy | high?,. | . | . | dwelling | it's | a | shop. | i'll | buy | it | for | you.,0.5891,4,6,8
tr_img_06250,3,,,beads | of | various | kinds. | lesser | items | i'll | be | right | back. | indian. | fujita | eye | entrepreneur | lezaviz. | # | # | # | # | # | # | i've | got | something | for | you. | # | # | # | it's | a | flash | of | light. | # | # | # | i | don't | know | what | you're | talking | about. | # | # | # | # | # | # | watch | out | for | snowfall. | # | # | # | fujita | glass.,0.0000,0,0,59
tr_img_06251,13,都営新宿線 | 都営新宿線 | 大江戸線 | 新宿駅 | 大江戸線 | 新宿站,innovation | train. | innovation | train. | edo | line | tokyo | station. | edo | line | i'm | sorry. | i'm | sorry.,innovation | train. | tokyo | station. | oybei | line | edo | line | i'm | sorry. | i'm | sorry. | i'm | sorry. | that's | right.,0.6612,11,3,5
tr_img_06252,13,静岡市街 | 草薙 | 三保 | 日本平 | 右折 | 禁止 | この先300m,shizuoka | city | seung | jo. | three. | nigeria | nigeria | turn | right | forbidden | we're | 300 | meters | from | here.,i'm | sorry | seung | jo. | three. | nigeria | nigeria | no | right | turn. | we're | 300 | meters | from | here.,0.8729,11,4,4
tr_img_06253,4,中原区 | 木月 | 2丁目,central | district | tree | moon | two.,middle-earth. | tree | moon | two.,0.6301,3,2,1
tr_img_06254,4,ッキコ | チエ7,kitko. | chie | 7,# | # | # | # | # | # | # | # | # | # | # | # | # | # | # | # | # | # | # | # | # | roxin. | chea. | # | # | #,0.1732,0,3,26
tr_img_06255,7,東名 | 溝口 | 6K円,east | name | punk. | 6k | yen,east | name | punk.,0.7755,3,2,0
tr_img_06256,6,芝 | 芝五丁目,the | lawn. | five | lawns.,port | areas | five | lawns.,0.7636,2,2,2
tr_img_06257,1,港七山版制,it's | a | port | of | seven | mountains.,(for | fully | formatted | text,0.3889,0,6,4
tr_img_06258,2,160席 | すすきの店,160 | seats. | it's | a | soot | shop.,it's | a | pine | shop. | total | number | of | seats | 160 | seats. | the | beach | is | baked. | # | # | # | # | # | # | it's | a | soot | shop. | # | # | #,0.3878,6,0,21
tr_img_06259,0,,,i | don't | know | what | you're | talking | about. | mizuzuzuzu | shizuoka. | pity.,0.0000,0,0,10
tr_img_06260,37,人とクルマと街と | 月金曜 | 土日祝 | 最大料金 | 当日24時まで | 5条却7日泉 | ロ | 基本料金 | 60200円 | 60月300円 | 60分 | 100円 | 60分 | 100円 | タイムズ南 | 駐車券の取扱いに | 2西6 | 公 | タイムズの最大料金は | ご注意ください | 札幌市中央区南12条西6丁目1 | 繰り返し適用されます | 出庫かできなくなります | 故障の際は | タイムズサ | ビス(株),"a | man, | a | car, | a | city. | monday. | happy | birthday | to | you! | maximum | charge | until | 24 | p.m. | five, | seven, | springs. | lo. | basic | charge. | 60,200 | yen. | 60, | 300 | yen. | 60 | minutes. | 100 | yen | 60 | minutes. | 100 | yen | south | of | times. | to | handle | parking | tickets. | two | west | six. | public | and | that's | what | we're | going | to | do. | please | be | careful. | 6th | and | 1st, | 2nd | and | 2nd. | it's | applied | over | and | over | again. | we're | not | going | to | be | able | to | stock | it. | when | you're | out | of | order. | and | timesa. | (bissian | stock)",it's | friday. | soil-day | celebration. | until | 24 | p.m. | until | 24 | p.m. | 500 | yen. | 800 | yen. | maximum | charge. | basic | charge. | 60 | minutes | and | 200 | yen. | 60 | minutes | per | 100 | yen. | 60 | minutes | per | 300 | yen. | 60 | minutes | per | 100 | yen. | it's | 12th | and | 6th | west | of | iyms. | (laughter) | what's | the | maximum | cost | of | the | sunset? | it's | applied | over | and | over | again. | lost | car | tickets. | wet | a | ticket. | compression | car | tickets. | to | handle | parking | tickets. | please | be | careful. | we're | not | going | to | be | able | to | run | out | of | stock. | with | people. | the | car. | the | city.,0.0791,42,44,50
tr_img_06261,52,千歳鳥山 | 当駅構内施設の階層図 | 案内所 | 女子トイレ | きつふつりば | トイレ | コインロッカ | だれでも | う | 待合室 | 男子トイレ | 自動体式除細動器 | A目D | 現在地から地上までの | バリアフリー主要ルート | 北ロコンコース噌 | 酒 | 新宿方面 | 公町 | 改階へ | ホ一ム贈 | ス階 | 高尾山口橋本方面 | 改料階へ | 北国 | 西国コンヨース階 | ここは新宿方面ホ一ムです。,"a | thousand-year-old | tornado | mountain | the | hierarchy | of | this | station's | internal | facility. | a | guide. | the | women's | bathroom. | when | it's | all | over, | toilet | coin | locca | anyone. | mm-hmm. | waiting | room. | the | men's | room. | auto | body | defibrillator. | a-eye | d | and | that's | what | i'm | going | to | talk | about | today. | the | main | barrier | free | route. | the | north | slocom | course. | drink. | it's | heading | to | the | wrong | place. | public | town | i'm | going | to | the | renovating | floor. | a | gift. | a | gift. | stairway. | headway | to | takashitaashimoto. | i'm | going | to | the | resale | floor. | north. | conjois, | west | of | the | country. | this | is | joichim, | heading | for | nagoya.",mount | raven | the | hierarchy | of | this | station's | internal | facility. | a | guide. | - | it's | all | right | waiting | room. | auto | body | external | defibrillator. | current | location | homeroom. | south | entrance. | i'm | going | to | go | to | the | bathroom | and | i'm | going | to | go | to | the | bathroom. | ms. | yusuke | nanna. | uo-soo-sense-sense-sense-sense-sense-sense-sense-sense-sense-sense-sense. | prince | kyung-ho. | it's | where | we're | going. | homeroom. | this | is | the | host | home | for | nagoya. | hey | you're | welcome. | it's | where | we're | going. | i'm | at | the | u.s. | stairway | # | # | # | i | can't | do | it. | i | can't | do | it. | i | can't | do | it. | the | men's | room. | the | women's | bathroom. | everybody's | gotta | do | it. | and | that's | what | i'm | going | to | talk | about | today. | it's | the | main | barrierfly. | # | # | # | i'll | keep | up. | yes | # | # | # | i | don't | think | so. | [ | time | tables | and | tracks] | takaguchi. | hashimoto | to | the | resale | floor. | he's | at | the | north | entrance. | home | level. | to | the | resale | floor.,0.1273,55,39,90
tr_img_06262,1,中央区,central | central,miyagi | street. | central | central,0.6415,2,0,2
tr_img_06263,1,生生9,she's | a | nine-year-old.,every | wednesday. | philippines,0.3793,0,3,3
tr_img_06264,9,営業時間 | は | 朝: | まで | や | 安全拾得器,business | time | huh. | morning: | to | hey. | safe | pick-up.,yodvas | camera. | business | time | morning | from | night | to | a | fail-safe | passer.,0.5882,3,5,8
tr_img_06265,1,東日本橋二丁目,east | japan | bridge | 2nd.,east | japan | bridge | 2nd.,1.0000,4,0,0
tr_img_06266,2,南14条西8丁目,south | 14th | and | west | and | eightth.,south | 14th | and | west | and | eightth.,1.0000,6,0,0
tr_img_06267,0,,,japan | bridge,0.0000,0,0,2
tr_img_06268,2,Ｏロオミ,oloomi,clear | katahomi,0.3636,0,1,2
tr_img_06269,4,日本橋 | 人形町 | 一丁目,japan | bridge | doll | town | one.,seung | jo | it's | doll | town. | one.,0.7027,2,3,4
tr_img_06270,19,案内所 | 団体バス・路線バス | タクシー | レンタカー | 般車 | 乗隆場,a | guide. | group | bus | route. | taxi. | rent-car. | cars. | the | ups | and | downs,a | guide. | i've | got | a | bus. | linebus | taxi. | rent-car. | it's | a | normal | car. | portraits,0.6211,4,8,10
tr_img_06271,4,中風区 | 木月 | 3丁目,nakans | tree | moon | three.,middle-earth. | tree | moon | three.,0.7385,3,1,1
tr_img_06272,4,マハ音楽教室,macha | music | class,yamaha | music | class,0.9302,2,1,1
tr_img_06273,2,ホホ北野4-6-13 | 三村厚生,hofokusfield | 4-613. | mimura | shizuru.,4-6-13 | northern | trigonom. | shizuru | mimura.,0.4000,0,4,5
tr_img_06274,2,小高公久 | 護ホ野４丁８ー4,"little | takanji | four, | eight, | four, | four.",seung | jo. | i'll | be | right | back.,0.3409,0,6,6
tr_img_06275,9,こは | 中の島 | 雨水ツス位置表示板 | 設置個所 | 27・7 | 北電興業(株扱い,hey. | the | island | inside. | torts | positioning | board | i'm | setting | you | up. | 27-7. | it's | called | the | north | electric | company.,where | are | we? | the | island | inside. | the | rain | mass | display | board. | i'm | setting | you | up. | he's | been | treated.,0.6406,8,10,10
tr_img_06276,2,規約加会 | 泰,it's | a | concordat. | i'm | sure.,justice | view | a | fair-competitive | membership | store. | the | company. | u.s.a. | capital | reality | trade | council.,0.2893,1,4,12
tr_img_06277,12,末吉橋 | 川崎駅 | 横浜 | 五反田 | 綱島 | 丸子橋,kukashi. | kisaki | station. | yokohama | five-a-ta. | takshima | kunako | bridge,kawasaki | station. | good | news | post | five-and-a-half. | kunako | bridge | takshima | street | yokohama | takshima,0.5200,5,3,7
tr_img_06278,12,ロック板 | 下がつていますか？ | 信観確認! | 公譬告 | 公動かしま | なけます | イロック板が | そぁる条急連終先 | います | 足はきみ | 注意,"rockboard | is | he | dropping? | credential | confirmation! | public | proclamation | it's | moving | in | public. | yes, | sir. | ilockboard. | the | end | of | the | line. | yes, | sir. | your | leg. | attention",rotchboard | is | he | dropping? | i | see | visual! | warning | i've | got | a | pair | of | legs. | attention | make | sure | rotch | is | down. | i | was | on | the | plane. | so | we're | going | to | move | the | car. | i | don't | think | so. | cause | of | the | accident. | that's | going | to | happen. | i'm | going | to | charge | you | a | parking | fee. | there's | a | board | on | it. | if | it | doesn't | go | down | don't | move | your | car. | it's | on | the | inside | sign. | emergency | contact | please | contact | me.,0.0344,9,16,67
tr_img_06279,4,機械器具設置業 | 登録電気事業者 | 小丸動力建設株 | 札幌営業所,a | machine | plant. | registration | electricist | small-browned | construction | stock. | i'm | at | the | florist's | office.,(breathing | location) | it's | a | florist's | office. | a | machine | plant. | registration | electricist,0.4170,7,6,4
tr_img_06280,2,角平,angles,angles | normal,0.5714,1,0,1
tr_img_06281,3,緑郎 | 山口,mr. | greenro. | yamaguchi,yamaguchi | mr. | greenro.,0.5385,3,0,0
tr_img_06282,2,西新宿五丁目,i'll | be | right | there. | i'll | be | right | there.,i'll | be | there | in | a | few | minutes.,0.6735,2,6,5
tr_img_06283,3,ありがとうございます,thank | you.,thank | you. | the | car's | leaving.,0.4898,2,0,3
tr_img_06284,3,ヨットハーバー,a | yacht | harbour.,jots | haba,0.4516,0,3,2
tr_img_06285,9,目本橋人形町一丁目,it's | one | of | the | most | beautiful | places | in | the | world.,middle-earth. | it's | a | japanese | bridge | town | doll. | japan | bridge | it's | doll | town. | one.,0.3908,1,9,12
tr_img_06286,4,侍合室 | 候年室,the | mammium. | he's | in | the | musket | year | room.,waiting | room. | s.h.i.e.l.d.,0.2558,1,7,2
tr_img_06287,2,巻由 | 三八,through | a | scroll. | three | eight,chrysanthemum | soy | sauce. | thirty-five. | drinker | drops. | it's | called | the | sakura. | sweet | wine. | tasting | it's | just | a | matter | of | time. | 1 | in | and | out. | # | # | #,0.2078,1,4,25
tr_img_06288,4,都宮三田線 | いちばん先のくだり階段,"the | himiya | sanda | line. | the | first | one, | the | first | one, | the | stairs.",at | the | end | of | the | stairs. | tokyo | sanda | line.,0.3448,5,7,4
tr_img_06289,4,レディースランプ | ス・プ・デグトきン,ladies' | lamps | s-p-deg-t-w-w-w-w-w-w-w-w-w-w-w-w-w-w-w-what.,residence | lunch. | it's | chicken | and | root | salad. | (soup | dessert) | i | don't | know | what | you're | talking | about.,0.2176,0,3,16
tr_img_06290,11,株式 | 会社 | 板売 | 修理 | 車検 | 中部運輸局指! | の | 株式会社,stocks. | company | i'll | sell | the | board. | fixed | car | test. | central | transit | station! | . | it's | a | stock | company.,asset | holmes. | company | stocks. | sales... | fixed | central | transit | station | it's | a | stock | company.,0.7449,9,8,4
tr_img_06291,3,堂業寺聞,i'm | hearing | from | the | towers | temple.,i'll | be | right | back.,0.4000,0,6,4
tr_img_06292,1,KパビA,kpabia,and | potatoes. | from | all | over | the | country. | - | i'm | going | to | have | to | take | care | of | it. | arigo | and | cheese.,0.0563,0,1,20
tr_img_06293,19,区役所第一分子舎 | 四季の路 | 新宿区役所 | 歌乗倭田公園 | 歌乗伎田丁一丁門,city | hall | 1 | molecule | it's | four | seasons | away. | innocence | hall. | sakura | park. | i'm | going | to | sing | a | song | to | you.,innovation | park. | it's | four | seasons | away. | innocence | hall. | city | hall | 1st | precinct | i'm | going | to | make | sure | you | don't | get | hurt. | kabuki | town | park | it's | the | first | time | in | kabuki | city.,0.1108,12,8,19
tr_img_06294,8,方セ設で使え | お得なチhット | 名様 | 名日 | 良定です,you | can | use | it | on | your | own. | that's | a | great | idea. | master. | name | date | that's | good.,you're | gonna | have | to | use | it | at | 15. | i | don't | know | what | you're | talking | about. | let's | do | another | one. | it's | limited.,0.4710,2,14,19
tr_img_06295,5,,,empty | drink.,0.0000,0,0,2
tr_img_06296,0,,,here | you | go. | it's | this | way. | iron-leaf | liquor | store.,0.0000,0,0,9
tr_img_06297,11,二リポンの窓をよくしたし | ソョツプ | 渉江サッ | シ株式会社 | サッシ部 | 不動産部,i | didn't | even | have | to | do | it. | i | didn't | have | to | do | it. | seung | jo! | i'll | be | right | back. | it's | a | stock | company. | sassi | real | estate.,sassi | real | estate. | i | want | to | improve | my | window. | cypriots | shizue | sassi | company.,0.1600,6,20,7
tr_img_06298,4,仏す使用電子マネーを | 寒択してから | 力一ド7携帯電話を | かさして下さい,so | let's | say | that | i | have | the | same | amount | of | electronic | money. | it's | been | a | while | since | i've | had | a | cold. | give | me | your | best | cell | phone. | give | me | a | lift.,i'm | sure | you'll | be | able | to | use | electronics. | i've | got | a | choice. | give | me | your | cell | phone. | take | a | look | at | me,0.6028,9,22,13
tr_img_06299,10,約 | 詳度と栄養柔を子る | 気圧 | 真空チルド | 酵素の働きを抑制する | プラチナ | スリープ保者 | 触媒,about | i'll | give | you | a | little | rest. | i'll | give | you | a | little | rest. | pressure | vacuum | tierdo | it | suppresses | the | enzyme's | function. | platinum | sleepkeeper. | catalyst,catalyst | it's | not | about | being | bright. | it's | about | keeping | your | nose | clean. | vacuum | tierdo | it's | just | a | matter | of | time. | nervousness | the | vacuum-circuit | room. | platinum | it | suppresses | the | enzyme's | function. | sleep | save,0.3185,11,13,21
tr_img_06300,1,農応仲通り商店住,i | live | in | a | store | in | the | middle | of | the | street.,take | 'em | out. | it's | a | shop | block. | kyung | soo,0.3871,1,10,8
tr_img_06301,24,流 | 抜き | クリーミブグ | よる10時まで営業 | 急がなくても! | 田日80 | 印日仕上,routine | take | it | off. | cremig | business | until | 10:00 | p.m. | you | don't | have | to | hurry! | taday | 80. | by | certifications,cleaning | business | until | 10:00 | p.m. | set | up | security | cameras. | prevention | every | week. | saturday | # | # | # | # | # | # | you | don't | have | to | hurry! | i'll | get | you | a | quick | day's | work. | routine | take | it | off. | pay,0.3586,13,5,23
tr_img_06302,2,中の島1条2丁目,i'm | on | the | island. | i'm | on | the | island.,one | and | two | islands | inside.,0.5581,0,8,5
tr_img_06303,20,キッチンにつれしいり | もチ | ブマトマレッ | のいつもシンクを清潔に | 小さなゴミもしつかりキヤツチ! | 穴あきメッシユの不織布 | 抗副成分 | 西台 | キッチンにうれしい | お取り替え時期 | (開封後1ヶ月が目安) | ワストマン | 上人中ノ下有頃 | 生樹三用消臭一 | 式供品 | およそ | 30日月,"it's | like, | i | don't | know, | i'm | stuck | in | the | kitchen. | cypriot | bomatmare. | i | always | keep | the | sink | clean. | it's | a | little | garbage-crazy | thing! | the | fabric | of | a | hole-in-the-wall | messilil. | anti-substances | the | west | tower. | i'm | glad | to | see | you | in | the | kitchen. | time | to | replace | it's | been | a | month | since | we | opened | it. | wastman. | when | i | was | a | high | school | student, | it's | a | three-wood | smell. | presentation | about. | 30th",i'm | glad | to | see | you | in | the | kitchen. | mr. | kichit. | dustman. | mark. | keep | the | sink | clean | all | the | time. | i'll | catch | your | little | garbage! | the | fabric | of | a | hole-in-the-wall | mesh. | antibacterials | combining | time | to | replace | it's | been | a | month | since | we | opened | it. | top | middle | bottom | it's | about | time. | moon | i'm | glad | to | see | you | in | the | kitchen. | mr. | kichit. | dustman. | a | dusting | sheet | for | garbage. | it's | a | sample. | about. | for | the | day | the | smell | of | garbage. | absorbing | and | exhalation.,0.2007,38,29,42
tr_img_06304,0,,,that's | right. | item | name,0.0000,0,0,4
tr_img_06305,0,,,takahashi | man. | it's | a | long | beach.,0.0000,0,0,6
tr_img_06306,17,浜岡原発は最大のリスク | 早期廃炉へ! | 今の日本の平和と希栄を支えているの | な割し的レ暖えていこうとているの | 安を政植です柚誌な冬去改正は | 好ません | 安保法利は容法て | 静岡をまもる | 都海ト770巨六地及は速い未未の占で | 明な母雑計配は亡て | あ代のの現 | あtなkまtる | 社会の歪みが少子化の爪因です子れ | の学督祭使化 | あなたのパふをマべいタえていまます,it's | the | biggest | risk | we've | ever | had. | get | to | the | end | of | the | reactor! | i'm | supporting | japan's | peace | and | beauty | now. | i'm | just | trying | to | keep | it | warm. | and | that's | what | we're | going | to | do. | i | don't | like | it. | the | safety | benefits | are | legal. | shizuoka. | it's | a | very | short-term | occupation. | the | bright | mother-in-law | is | down. | it's | the | beginning | of | my | life. | i | don't | know | what | you're | talking | about. | and | that's | what | we're | going | to | talk | about. | i'm | an | apprentice. | i'm | not | sure | if | i'm | going | to | be | able | to | do | that.,oh. | get | to | the | end | of | the | reactor! | # | # | # | shizuoka. | i'm | sorry. | the | security | laws | are | against | us. | the | big | earthquake | in | the | south | seas. | it's | a | long | way | from | the | future. | i'm | sorry. | it's | a | big | earthquake. | the | reality | of | saving | the | lives | of | the | people | what | are | we | going | to | do | about | the | disaster? | i'm | gonna | beat | you. | distortions | in | society | are | caused | by | deformation. | - | bringing | up | the | child. | it's | been | a | long | time | since | i've | been | able | to | get | help. | there's | no | expenses | i'll | change | your | concerns | to | feel | safe. | it's | not | like | that. | it's | not | like | that. | it's | like | that. | maximum | risk!,0.0124,31,60,78
tr_img_06307,22,練馬駅 | 都営大江戸線 | 都庁前 | 六本木 | 飯田橋方面 | 光が丘 | 方面,chariot | station. | the | city | edo | line | in | front | of | the | city | six | trees. | which | way | is | ikeda | bridge? | the | light's | on | the | hill. | i'm | on | my | way.,chariot | station. | the | city | edo | line | i'll | take | care | of | it. | i'll | take | care | of | it. | recurrence | which | way | is | ikeda | bridge? | the | light's | on | the | hill. | it's | where | we're | going.,0.5854,17,10,14
tr_img_06308,30,公共施設 | 文郎施設 | 商業施設 | 宿泊施設 | 教育施設 | 町田 | 消防署 | 郵便局 | 銀行 | ズポーツ | レジャー | 己 | 寺院 | 神社 | 教会,public | facilities. | ryoji's | facility. | a | commercial | facility. | a | shelter. | education | facility. | mr. | murata. | firehouse. | post | office. | banks. | zpotz. | ledger. | self. | temple | the | shrine. | church,public | facilities. | cultural | facilities. | a | commercial | facility. | a | place | to | stay. | education | facility. | police | station. | firehouse. | medical | facilities. | post | office. | banks. | spoots. | lezjah | temple | the | shrine. | church,0.1031,16,8,11
tr_img_06309,6,中央区,central | central,central | central | i'm | 11th | avenue,0.6071,2,0,3
tr_img_06310,1,5村上公民館,five | village | public | house.,five | village | public | house.,1.0000,4,0,0
tr_img_06311,2,軍の出入口につき | 紅重しないで下さい,i'm | at | the | military | entrance. | please | don't | make | it | red.,we've | got | to | get | to | the | car's | entrance. | please | don't | park.,0.6755,4,6,7
tr_img_06312,21,静岡県庁 | 御幸町 | 御幸町 | 人天学引ヨ | 静図具庁 | 駿府城公園 | 新静岡駅 | 府城公園 | 新静站 | 金平丞号司・人入天.引ą,shizuoka | prefecture | good-bye. | good-bye. | man's | astronomics. | the | sistemics | agency. | tsukoku | park. | shinaoka | station. | cygnus | park. | shinji. | kingo-dono-dono-dono.,shizuoka | prefecture | shikoku-san. | tsukoku | park. | shinaoka | station. | # | # | # | i'll | take | care | of | you. | shinji.,0.5535,7,10,9
tr_img_06313,5,県庁 | 所静岡駅 | 市役所,district | bureau. | shizuoka | station. | city | hall.,shinaoka | station. | # | # | # | district | bureau. | city | hall. | # | # | # | tsukoku | park.,0.4342,5,1,9
tr_img_06314,18,静岡音楽館AO! | 静岡中央郵便局 | 地下駐車場 | エキパ | Q斗AO! | 静音AOI | 子斗 | 浄図中央邸局 | 「エキパ」地下停年場,"shizuoka | music | hall | ao! | shizuoka | central | post | office. | underground | parking | lot. | exp. | qaquaao! | silence | aoi | pictures | the | purgatory | central | residence. | the | ""exp"" | season.","no | smoking | ""expa | ""exp"" | underground. | shizuoka | central | post | office. | i | don't | know | what | you're | talking | about. | shizuoka | music | hall | aoi | i | don't | know | what | you're | talking | about. | i | don't | know | what | you're | talking | about. | i | don't | know | what | you're | talking | about.",0.0559,9,14,32
tr_img_06315,0,,,hatake. | tadashi,0.0000,0,0,2
tr_img_06316,23,デュオ | 冬の | 期聞限定 | シちそう | 李節の | シーフード味セレクション | まぐろとかに味 | かにとほたて味 | 白身魚とえび味 | かニとクリーミーチーズ味 | 総合栄養食 | 小分け | (標準)×12袋 | 粒のイラストは,"duo. | winter. | frequency | limited | oh, | my | god. | i'm | going | to | do | it | again. | i'm | going | to | do | it | again. | i'm | going | to | do | it | again. | i'm | going | to | do | it | again. | seafood | taste | separation | tastes | like | a | cucumber | or | something. | tastes | good. | the | white | fish | and | the | flavor. | it's | a | little | bit | of | cream | and | creamy | cheese. | total | diet | small | let's | do | another | one. | and | i'm | going | to | show | you | how | to | do | that.",winter. | tuo. | a | feast. | time | limit | the | season. | seafood | taste | tastes | like | a | cucumber | or | something. | a | total | nutrition | diet. | small | default | twelve | bags. | it's | just | a | bunch | of | seeds. | it's | just | a | bunch | of | seeds. | tastes | good. | it's | a | white | fish | and | it's | bitter. | it's | so | good. | it's | so | good. | it's | so | good. | tuba,0.0301,20,54,35
tr_img_06317,2,南9条西3丁目,south | 9 | west | 3rd.,south | 9 | west | 3rd.,1.0000,4,0,0
tr_img_06318,3,今 | の | 暮,now. | . | live.,and | the | smile | of | the | future. | even | what | you're | living | now.,0.2796,1,2,10
tr_img_06319,7,久世祠琶店 | 久世盂商店 | の0,it's | been | a | long | time | since | i've | known | you. | it's | been | a | long | time. | 0's,"it's | been | a | long | time. | # | # | # | thanks | to | you. | sanczeel. | it's | been | a | long | time. | # | # | # | it's | been | a | long | time. | zierrort | workshop | snacks. | it's | been | a | long | time. | it's | a | liquor | corner. | i | don't | know. | # | # | # | # | # | # | it's | been | a | long | time. | cold | we're | ready | for | you. | # | # | # | # | # | # | # | # | # | drink. | # | # | # | # | # | # | # | # | # | i | don't | know | what | you're | talking | about. | # | # | # | # | # | # | let's | go. | # | # | # | # | # | # | # | # | # | the | skill | and | passion | of | the | craftsman. | i'm | going | to | build | it. | the | real | flavor. | celeste | japanese | walnuts | # | # | # | # | # | # | # | # | # | # | # | # | the | best | out-of-the-box. | maruion | molek's | east | end. | iketak | shop. | ma. | io. | kanto | # | # | # | i'm | so | sorry. | # | # | # | # | # | # | # | # | # | # | # | # | nmall | sunrise. | marne. | age | # | # | # | luxurelio | turtles. | # | # | # | oh | to | the | east | of | the | nikobuki | river. | mm-hmm. | # | # | # | taco. | # | # | # | # | # | # | # | # | # | # | # | # | # | # | # | # | # | # | # | # | # | # | # | # | # | # | # | # | # | # | # | # | # | # | # | # | # | # | # | # | # | # | # | # | # | # | # | # | # | # | # | # | # | # | # | # | # | # | # | # | # | # | # | tadashi | koko. | longion | mohjitata. | it's | been | a | long | time. | mm-hmm. | utre. | joy. | s. | it's | a | shop. | miyi-out | koda | it's | a | kitchen | shop. | it's | the | new | year's | eve. | grand. | ions | oh | # | # | # | i'll | see | you | soon. | it's | a | shop. | i'm | sorry | it's | a | big | store. | # | # | # | -create. | -create. | # | # | # | - | ion. | linoasi | the | garden. | chuong | ma. | # | # | # | # | # | # | cookplay | it's | a | department | store. | nmor | okinawa | catelya. | orc | shop. | longpong | ko. | the | pine | shop. | nine. | rashsha. | ta. | umashima | store. | lugo | children | island | squeeze. | it's | a | shop. | nciion | mall | fkquet | akutre. | i'm | sorry. | i'm | sorry. | # | # | # | china | town | hiroshima | [santa] | maru. | nmor | tozoda. | ut | knittri | - | denph. | shujah | the | main | store. | # | # | # | [applause] | # | # | # | lan. | beer. | # | # | # | it's | a | shop. | fukuizawa. | io. | tojikashi. | fukukutly. | autosynth | fricke. | it's | called | nmor's | boulevard. | n-a-a-a-a-a-a-a-a-a-a-a-a-a-a-a-a-a-a-a-a-a-a-a-a-a-a-a-a-a-a-a-a-a-a-a-a-a-a-a-a-a-a. | enough | for | the | no | country. | # | # | # | it's | a | shop. | # | # | # | halla. | ionmo. | ion | mall | nagoya. | bills. | # | # | # | # | # | # | it's | called | ""kook's | gertens. | "" | the | ion | moornagoya | dome. | malsh... | irishmore | than | one | place | in | the | world.",0.0290,10,5,426
tr_img_06320,45,こちらは南10西7 | 緊急連絡先0120 | です | 連料金のお支払し | 駐車料金を | 主車位置番号を | 押してください | 駐車料金 | 釣幾切れK | 番号を確認後 | カKaahir Cadunacestah! | 精算ボクンを | 奈収密究行中止 | 公類響理金投入の前 | 押してください | ののの | 購 | は下の発行口から発行されます | 盗難対策濱 | 公設 | 駐軍位 | おつり領収書 | タイムズの | ポイントカード | シイムンの系 | 岡 | 一取司 | タイムズで | 8釣5銀口領取雪 | タイムズで | カーシェア,"this | is | 10th | west. | emergency | contact | 0120. | that's | it. | i'll | pay | you | for | your | fee. | i'm | gonna | need | a | parking | charge. | give | me | your | main | vehicle's | location | number. | push, | please. | parking | charge. | i'll | take | a | little | bit | of | fishing. | after | checking | the | number. | kakahar | kadunestah! | i'll | give | you | my | money. | stop | the | dig-and-regular. | before | i | put | in | a | public-sonic | money. | push, | please. | no, | no, | no, | no, | no, | no, | no, | no, | no, | no, | no, | no, | no, | no. | subscribe | it's | going | to | be | issued | at | the | bottom | of | the | issue. | it's | a | crime | to | steal. | public | constainment. | a | receipt | for | the | change. | the | times. | point | card | siemen's | system. | oka | i'm | the | manager. | in | the | times. | eight | fishing, | five | silver-silver | snow. | in | the | times. | carshar",this | is | south | 10th | west | 7th | 1555. | emergency | contact | 0120-77-8924. | close | the | point! | frequent! | time | point | card | check | parking | number. | # | # | # | discard | # | # | # | # | # | # | parking | charge | display | magnification | parking | charge. | # | # | # | # | # | # | # | # | # | # | # | # | # | # | # | and | i'm | going | to | give | you | an | example | of | that. | push | the | receipt. | please. | timestykeftya | cash. | and | only | when | it's | divisible. | accounts | # | # | # | # | # | # | and | that's | what | we're | going | to | do. | explosives. | please. | # | # | # | # | # | # | # | # | # | # | # | # | # | # | # | # | # | # | # | # | # | # | # | # | # | # | # | # | # | # | # | # | # | # | # | # | # | # | # | i'm | out | of | change. | aborting | use | of | 1 | abort | card | usage | canceling | the | receipts | i'm | gonna | need | a | parking | charge. | put | it | in. | parking | charge. | and | i'm | going | to | give | you | an | example | of | that. | let | me | in. | give | me | your | parking | location | number. | push | after | checking | the | number. | magnification | buttons | push | magnification | one | at | a | time. | let | me | in. | # | # | # | # | # | # | # | # | # | # | # | # | # | # | # | times | chicksheet | kreitt. | # | # | # | # | # | # | magnification | discard | accounts | parking | prove | the | receipt | will | be | issued | at | the | bottom | of | the | issue. | we've | got | it. | we've | got | it. | you | can't | just | return | the | bill. | and | be | careful. | please | read | the | inside | sign. | the | miscalculation | of | the | parking | location | number | doesn't | go | on | in | return. | and | i'm | going | to | show | you | what | i'm | going | to | do. | in | three | minutes. | please | put | it | away. | # | # | # | # | # | # | break. | siwat | close | the | point! | i | got | it! | the | times. | point | card | # | # | # | # | # | # | circle | # | # | # | # | # | # | # | # | # | time | point | a | present! | # | # | # | # | # | # | # | # | # | zant! | # | # | # | enrollment | application. | close | the | point! | i | got | it! | point | card | for | the | times. | # | # | # | circle | # | # | # | in | the | times. | carshar | you're | free | to | go. | in | the | times. | carshar | the | change. | repositories | recipient | the | change. | repositories | # | # | # | # | # | # | # | # | # | # | # | # | # | # | # | # | # | # | # | # | #,0.0492,65,57,323
tr_img_06321,1,1一8,18,japan | bridge | it's | doll | town. | two.,0.0000,0,1,6
tr_img_06322,1,ママハ音楽教室,"mommy, | the | music | class.",yamaha | music | class,0.7059,1,3,2
tr_img_06323,2,緑ヶ行,green.,green | hill,0.5556,0,1,2
tr_img_06324,6,食ペロヴ | 話題のお店 | したアア | のo,simperov | we're | talking | about | a | shop. | i | did. | o,flying. | flying. | money | box. | flying | bulls | mr. | president. | sehanor | we're | talking | about | a | shop. | food-best | log | sigma | snacks. | sma. | flying.,0.4609,5,4,15
tr_img_06325,4,中原区,central | district,middle-earth. | it's | march | 3rd.,0.2264,0,2,4
tr_img_06326,28,"無断離重禁正 | 月極 | 超低燃費蓄熱式 | 超低燃費 | 図間融 | 槽 | ロードヒーティンク | スノーin9 | 息動管黌冬春　設計・施工 | 025üの荷重に耐える | 08mタイプ・水温25C | 050年の耐用年数 | 灯油180で圧2代 | 時許出判 特月,00-09859 | 特許出願中1特願2002 | 一223883 | O次世代システム開発htp!wuJ-akCO.J] | 冒貸マンション建築から、オーナー代行管理 | 月極駐車場管理 | 正 | JハD日本ア一ク開発(株)","undeterred | contradiction | moon's | end | it's | a | super-low-fueling | heat | system. | very | low | fuel | cost. | melt | between | a | tank. | lord | heitinsk | snow | 9 | in | the | spring | of | the | spring, | design | and | labor | workers. | i'll | take | the | weight | of | 025ü. | 800 | meters | type, | water | temperature | 25c. | the | number | of | years | for | tolerance | in | 050. | it's | 180. | it's | pressure | two. | time | check, | 00-0959. | one | patent | application, | 2002. | one, | two, | two, | three, | four, | eight, | eight, | eight, | eight, | eight, | eight, | eight, | eight, | eight, | eight, | eight, | eight, | eight, | eight, | eight, | eight, | eight, | eight, | eight, | eight, | eight, | eight, | eight, | eight, | eight, | eight, | eight, | eight, | eight, | eight, | eight, | eight, | eight, | eight, | eight, | eight, | eight, | eight, | eight, | eight, | eight, | eight, | eight, | eight, | eight, | eight, | eight, | eight, | eight, | eight, | eight, | eight, | eight, | eight, | eight, | eight, | eight, | eight, | eight, | eight, | eight, | eight, | eight, | eight, | eight, | eight, | eight, | eight, | eight, | eight, | eight, | eight, | eight, | eight, | eight, | eight, | eight, | eight, | eight, | eight, | eight, | eight, | [applause] | it's | from | a | rented | apartment | building. | it's | the | owner's | depreciation. | the | month's | maximum | parking | lot | management. | right | (jhad | japan's | largest | development | company)",moon's | end | empty | no | parking. | i'm | going | to | give | you | an | example. | it's | an | ess | car. | it's | just | for | you. | move | to | the | parking | lot. | that's | the | price. | that's | what | i'm | talking | about. | it's | 500 | yen | for | an | hour's | deposit. | i'm | coming. | if | he | doesn't | show | up. | i | can't | do | it. | but | i'm | not | responsible | for | all | the | accidents. | it's | not | nine. | parking | administrative | constitution | company. | it's | the | wysoreska | business | department. | very | low | fuel | cost. | the | moment | it | melts | the | number | of | years | that | you're | going | to | be | able | to | endure | with | your | steel | scoundrel | for | 60 | years. | the | next | generation | of | tsteem | development. | it's | a | very | low-fuel | fuel-heating | heat | system. | rooned | hee | tesog. | auto-administration | expenditures | it's | like | a | rent-a-do-do-do-do-you-do-do-do-do-do-do-do-do-do-do-do-do-do-do-do. | the | month's | maximum | parking | lot | management. | (music) | design-worker. | winter | spring | fifty | years | of | tolerance. | i'm | going | to | ask | for | a | patent. | 2002-223883.,0.0222,34,139,108
tr_img_06327,8,スクラッチ | スクラッチ | ポイント,scrap. | scrap. | points,scrap. | scrap. | congratulations! | points,0.7164,3,0,1
tr_img_06328,2,北10条東10丁目,"10 | to | the | north, | 10 | to | the | east.",10 | to | the | north,0.6269,3,5,1
tr_img_06329,4,中原区 | 木月 | 1丁目,central | district | tree | moon | one.,middle-earth. | tree | moon | one.,0.6301,3,2,1
tr_img_06330,4,清水区 | 本郷町 | ちよう,guayry | maintown. | hey.,purchase | honshu | that's | right. | let's | go. | kili,0.3457,0,3,7
tr_img_06331,4,中原区 | 木月 | 2丁目,central | district | tree | moon | two.,middle-earth. | tree | moon | two.,0.6301,3,2,1
tr_img_06332,24,東京23区内のおでかけに! | 都区内パス | おトクに | らとん | 楽しめる! | 遊べる! | 1日750円 | 黒面舟減 | 紫羽 | ブリーエリア | 東京23区内のR線が | まることし | 日乗)降り目由。 | 北千住 | 代木 | 郡川 | 西直満公園 | 面田1 | 京京2a内出(上配2リーエリアの | お求めは | 指定席券売機 | 150円 | 370円,"i'm | going | to | see | you | in | tokyo | 23! | indoor | path | tok. | don't | do | it. | it's | fun! | i | can | play! | 75,000 | yen | a | day. | blackboarding | the | purple | feather. | bree | area | there's | an | r | line | in | tokyo | 23th. | it's | the | whole | story. | by | way | of | way | of | descent. | living | in | the | north. | ebina. | county | river | western | park. | ota | 1 | i'm | going | to | give | you | a | couple | of | examples. | what | do | you | want? | it's | a | ticket | machine. | 150 | yen. | 370 | yen.",i'm | going | to | see | you | in | tokyo | 23! | indoor | paths | 75 | you're | free | to | ride | and | ride | all | day. | tok. | it's | fun! | i | don't | know. | play! | alyllya. | # | # | # | you're | welcome. | ceremonies. | shibuya. | nishi | oui | koda. | # | # | # | tokugawa | a | water | bridge. | tokyo | kanda. | # | # | # | no | water | uno. | nigeria | tasaki. | # | # | # | a | pond | bag. | akira. | two | countries. | akira | goldtown. | small | rock | # | # | # | southwest | sea | park. | # | # | # | # | # | # | it's | a | ticket | machine. | it's | convenient! | # | # | # | # | # | # | day | amount | enabled | # | # | # | 750 | yen. | son | of | a | bitch. | 370 | yen. | (laughter) | # | # | #,0.2103,30,48,79
tr_img_06333,2,Sニ | セマハ規販売店,sni. | the | semaha-saleer.,yamaha | regular | dealer.,0.3396,0,3,3
tr_img_06334,16,七間町 | 呉服町 | 紺屋町 | 葵区役所 | 市役所 | 英区役所 | 市役所,seven-day | town. | oystertown. | it's | a | town | of | blues. | zheng-ge's | office. | city | hall. | british | district | hall | city | hall.,city | hall. | city | hall. | cygnus | hall | cygnus | hall | i'll | be | right | back. | i'll | be | right | back. | it's | a | dress | town. | komachi-san. | seven-day | town. | i'll | be | right | back.,0.1146,9,8,18
tr_img_06335,2,録登 | ン,recording | up. | mm-hmm.,recording | up. | she's | a | rare | pig | mm-hmm. | no. | i | don't | know. | the | title | of | shinichi | sagitru. | ginza | umewood,0.3125,3,0,15
tr_img_06336,2,日青紡,saturation,seymour,0.3529,0,1,1
tr_img_06337,2,内寿,inner | life,it's | a | circular | electric | machine.,0.3019,0,2,5
tr_img_06338,4,中原区 | 木月 | 2丁目,central | district | tree | moon | two.,middle-earth. | tree | moon | two.,0.6301,3,2,1
tr_img_06339,0,,,come | on | mind. | i'm | getting | ready.,0.0000,0,0,6
tr_img_06340,1,,,[ | picture | on | page | 17],0.0000,0,0,5
tr_img_06341,1,緊急時にご使用くださし,please | use | it | in | case | of | an | emergency.,use | it | in | case | of | emergency.,0.8444,6,2,0
tr_img_06342,0,,,the | dust | pit.,0.0000,0,0,3
tr_img_06343,3,,,a | major | wage | movement | i've | been | working | 24 | hours | a | year | i'll | take | care | of | it. | i'm | getting | a | menu | reservation. | soulok. | # | # | # | supplies. | it's | working. | security | mela. | pull. | pull. | 110. | w-w-w-no-no-no-no-no-no-no-no.,0.0000,0,0,34
tr_img_06344,0,,,he's | in | and | out | of | the | bus. | i | need | your | help. | (east | steepbus | stock),0.0000,0,0,14
tr_img_06345,3,辻丁目,i'll | be | right | back.,one,0.0714,0,4,1
tr_img_06346,12,マイクロラアバー | キッチンクロス | サイズ：約28メ | 先剤を使わす | 頑固な汚れが | スツキリ落ちる! | おそうじ | マジック,"micro-aber | kitchen | cross | size: | about | 28 | mem | i'm | going | to | use | the | pre-medicine. | stubborn | dirt. | it's | going | to | fall! | hey, | hey, | hey, | hey, | hey, | hey, | hey, | hey, | hey, | hey, | hey, | hey, | hey, | hey, | hey, | hey, | hey, | hey, | hey, | hey, | hey, | hey, | hey, | hey, | hey, | hey, | hey, | hey, | hey, | hey, | hey, | hey, | hey, | hey, | hey, | hey, | hey, | hey, | hey, | hey, | hey, | hey, | hey, | hey, | hey, | hey, | hey, | hey, | hey, | hey, | hey, | hey, | hey, | hey, | hey, | hey, | hey, | hey, | hey, | hey, | hey, | hey, | hey, | hey, | hey, | hey, | hey, | hey, | hey, | hey, | hey, | hey, | hey, | hey, | hey, | hey, | hey, | hey, | hey, | hey, | hey, | hey, | hey. | magic.",microfiber | it's | hard-boiled. | you | don't | have | to | do | that. | stubborn | dirt. | it's | going | to | fall! | smudge | matsuk!,0.2260,7,96,10
tr_img_06347,11,この | 2oこいo? | 登呂遺切 | 6Kい | 三本平動物園,this. | two | o'clock? | i'm | sorry | for | the | climb. | 6k. | three | plain | zoos,tohoku | shizuoka. | i'm | going | to | go | up | there | and | i'm | going | to | go | up | there | and | i'm | going | to | go | up | there | and | i'm | going | to | go | up | there | and | i'm | going | to | go | up | there | and | i'm | going | to | go | up | there | and | i'm | going | to | go | up | there | and | i'm | going | to | go | up | there | and | i'm | going | to | go | up | there | and | i'm | going | to | go | up | there | and | i'm | going | to | go | up | there | and | i'm | going | to | go | up | there | and | i'm | going | to | go | up | there | and | i'm | going | to | go | up | there | and | i'm | going | to | go | up | there | and | i'm | going | to | go | up | there | and | i'm | going | to | go | up | there | and | i'm | going | to | go | with | you. | japan | plain | zoo,0.0380,2,10,128
tr_img_06348,4,青水区役所 | 南側100m | 松原町,aquamarine | hall. | 100 | meters | south. | the | town | of | matsuhara.,aquamarine | hall. | 100 | meters | south. | the | town | of | matsuhara.,1.0000,9,0,0
tr_img_06349,21,清水簡易裁判所 | 人口天 | 利証企 | 清水簡易裁判所 | 清水税務署 | 清水税矛局 | 人口天 | 川早企 | は一とびあ清水 | 静市清水社会福祉会館 | [Heartpia清水] | 人口天,"the | eclipse | court. | demosphere | a | conspiracy | of | interest. | the | eclipse | court. | i'm | sorry, | i'm | sorry, | i'm | sorry. | i'm | with | the | taxation | bureau. | demosphere | plans | for | the | quick | river | it's | a | fresh | water. | shikoku | water | society. | [hettpia | pure | water] | demosphere",the | eclipse | cyclopædia. | the | eclipse | cyclopædia. | i'm | sorry | i'm | sorry | it's | a | fresh | water. | i'm | sorry | manchuria.,0.4946,11,28,6
tr_img_06350,6,中原区 | 木丁目,central | district | woodworker.,middle-earth. | no. | no. | no,0.3226,0,3,4
tr_img_06351,5,歩て | サービス,walk. | service,savis. | yaunta. | walk | with | me. | i'll | be | right | there! | smoking | station. | here!,0.2202,0,2,12
tr_img_06352,45,エスパレスドリームプラサ | 0人晋人 | 王弖平己入I | 清水合同庁舎 | 清水合同庁舎 | 人口天掛曇乳人I | 市役所清水庁舎・清水区役所 | 市役所清水庁舎 | 清水区役所 | 人梨 | 人口I天礼人 | 人印天子冠 | ＪＲ清水駅 | マリナート | JＲ清水站 | 清水文化会箱 | JR人II天Q | 人口奏 | 清水年金事務所 | 清水年金事努所 | 人可医 | 四吾人早全,"esparres | dream | plasa | i'm | a | ten-man | man. | the | king | himself. | shizuzushi's | union | building. | shizuzushi's | union | building. | demographic | cloud | mother | i. | (for | fully | formatted | text, | see | publication) | (for | fully | formatted | text, | see | publication) | the | city's | hqui. | manchuria | hall | akira. | population | i | heavenly | man. | the | cypriot | crown. | jr | clean | water | station. | marinart. | jr | clean | water | it's | called | the | manuzu | culture | box. | jr-o-n-n-n-n-n-y. | demographical | i'm | here | to | help | you. | i'm | here | to | help | you. | i'm | here | to | help | you. | i'm | here | to | help | you. | i'm | here | to | help | you. | i'm | sure | you'll | be | glad | to | hear | about | it. | a | human | doctor. | all | four | men | are | ready.",shizuzushi's | union | building. | i'll | take | care | of | it. | (for | fully | formatted | text | (for | fully | formatted | text | jr | clean | water | station. | marina. | i'm | here | to | help | you. | i'm | here | to | help | you. | i'm | here | to | help | you. | i'm | here | to | help | you. | i'm | here | to | help | you. | i'm | here | to | help | you. | i'm | sure | you'll | be | glad | to | hear | it. | jr | clean | water | i'm | not | sure | what | i'm | going | to | do. | i'm | going | to | do | it | again. | i | don't | know | what | you're | talking | about. | escort-drill | meme | plaza.,0.1207,51,52,35
tr_img_06353,12,ブ・ナ科 | 白樫 | シラカシ | 材は白くて堅く道具 | 樹皮は黒っぽいが | ドングリの皿の模様は輪 | の柄になる。 | 状。 | 暖地の山に生える常緑高木。,bu | nacs. | white | oak. | syracuse | the | wood | is | white | and | solid. | the | bark | is | black. | it's | got | a | ring | on | the | plate | of | the | dongly. | it's | a | pattern. | a | letter. | the | permafrost | trees | that | grow | in | the | mountains | of | warm | places.,white | oak. | tchatch. | bruna's | department. | the | bark | is | black. | the | wood | is | white | and | solid. | it's | a | pattern. | the | markings | on | the | bowls | of | the | dogly | are | on | the | way. | a | letter. | it's | the | ever-growing | high | school | that | grows | in | the | mountains | of | warm | places.,0.0353,30,11,15
tr_img_06354,4,おみやげの店,it's | a | souvenir | shop.,it's | a | souvenir | shop. | # | # | # | circle | circle | # | # | # | # | # | # | # | # | # | # | # | # | # | # | # | # | # | #,0.3462,4,0,23
tr_img_06355,5,有限 | なるみ西 | 会社 | センター,limits | hundred | company | center,cooking's | done. | hey. | shh. | it's | just | a | matter | of | time. | limits | company | transmission | center | it's | a | shop.,0.2976,3,1,14
tr_img_06356,13,馬町東京横浜鎌倉方直 | 船武線(特急快速 | 東,- | right. | - | right. | we're | moving | fast. | east,speed | speed | sadako. | fifteen. | fifteen. | tokyo | it's | a | horse-eating | town. | tokyo | yokohama | it's | in | kamakura. | general | - | fast.,0.2899,2,6,16
tr_img_06357,2,「ポイント貯まワます,"and | i | said, | ""well, | i'm | not | going | to | do | that.""",,0.0000,0,10,0
tr_img_06358,3,くろわつさん専門店,"i'm | sorry, | i'm | sorry. | i'm | sorry.",- | i'm | sorry. | - | i | didn't | know | you | were | here.,0.4854,2,4,8
tr_img_06359,1,くS元住書,k-s-a-r-a-s-a-r-a-s-a-r-a-a-t-a-a-t-a-a-d-a.,welcome | to | ks | home.,0.0870,0,1,4
tr_img_06360,4,中原区 | 木月 | 1丁目,central | district | tree | moon | one.,middle-earth. | tree | moon | one.,0.6301,3,2,1
tr_img_06361,15,県立美術館 | 県立大学 | 草薙駅,the | state | museum. | district | university. | weedo | station.,it's | a | state | museum. | district | university. | weedo | station.,0.9333,6,1,2
tr_img_06362,4,田 | 二丁目,ta. | two.,mida. | two.,0.8182,1,1,1
tr_img_06363,2,中の島1条2丁目,i'm | on | the | island. | i'm | on | the | island.,one | and | two | islands | inside.,0.5581,0,8,5
tr_img_06364,2,人 | イメメスン,people. | immen.,he's | a | teenager. | please | come | in. | ossmell. | (snowka | shizuoka) | (whispering) | 500 | yen.,0.1849,0,2,12
tr_img_06365,4,日本橋 | 人形町 | 一丁目,japan | bridge | doll | town | one.,japan | bridge | it's | doll | town. | one.,0.8974,4,1,2
tr_img_06366,5,日232 | モ八 | 東急車輪 | 平成20年,232 | days. | moji. | east | fast | wheel. | 20 | years | old.,east | fast | wheel. | 20 | years | old.,0.7843,6,3,0
tr_img_06367,1,元住吉,hikichi.,crystal | diamond | hikichi.,0.4444,1,0,2
tr_img_06368,1,山信東目本,yamamoto-do.,jr | east | japan,0.1379,0,1,3
tr_img_06369,6,ーズ | 東京都三鷹市北野4一2一26 | 株) | 管理,"z. | 41226 | northern | kanta, | tokyo | city. | (president) | manage",sani. | akems. | 4-226 | norse | coast | manage | (susdaus),0.4531,1,7,6
tr_img_06370,4,豊平区,fabian | districts,george | oh | rectangle | no,0.2609,0,2,4
tr_img_06371,2,,,? | ? | ? | ? | mm-hmm. | i've | been | in | chihuahua | for | a | few | months.,0.0000,0,0,13
tr_img_06372,4,日本橋 | 人形町 | 二丁目,japan | bridge | doll | town | two.,japan | bridge | it's | doll | town. | two.,0.8974,4,1,2
tr_img_06373,0,,,emergency | call.,0.0000,0,0,2
tr_img_06374,3,売っます | 買します | 探します言,i'll | sell | it. | i'll | buy | it. | i'll | look | for | it.,i'll | sell | it! | i'll | buy | it! | i'll | look | for | it! | i'll | buy | some | fishing | gear | it's | free | of | review.,0.6316,7,3,12
tr_img_06375,18,総武線 | 普駅停軍 | 新小岩 | 市川 | 船橋 | 千葉方直,"all | arms | line. | the | station's | suspended. | new | small | rock | philadelphia, | pa, | veterans | stadium. | the | bridge. | tic's | right",general | lo. | the | bridge. | it's | all | right. | it's | all | right. | it's | all | right. | new | small | rock | philadelphia,0.4404,6,11,11
tr_img_06376,6,すげでらまし | 水道 | 人OI宅日卜人!,that's | great. | that's | great. | water | i'm | an | oi | man!,i | don't | know. | i'll | take | care | of | it.,0.4248,0,9,8
tr_img_06377,5,中央区 | 日本橋ふ作町,central | central | japanese | bridge | city,central | central | tokyo,0.6377,2,3,1
tr_img_06378,0,,,# | # | # | # | # | # | # | # | # | home-made | noodles. | stone | mill | fresco,0.0000,0,0,14
tr_img_06379,0,,,the | meat's | natrino.,0.0000,0,0,3
tr_img_06380,2,産地直送! | 名様,i'm | sending | you | back | to | the | country! | master.,repository | of | the | country. | fresh | fish. | degrees | i | don't | know. | i | don't | know. | i | don't | know. | fresh! | it's | fresh. | two | seats. | four. | - | room. | master.,0.2602,2,6,23
tr_img_06381,5,沼津 | 日本初の応れ館 | 後し業 | 登録商標 | どめましいい!,numazu | it's | japan's | first | home. | i'll | be | right | back. | registration | marks | that's | a | bad | idea!,one | fish. | numazu | it's | the | first | wave | of | japan. | it's | the | fish. | it's | the | fish. | registration | marks | mnh-mnh. | let's | go | to | the | top | screen. | white | top | screen's | all | white. | the | nest | homemade | lotus | and | beef. | i'm | going | to | give | it | to | you. | noodle | snooper,0.1219,5,10,39
tr_img_06382,4,ト | Pe七 | ペットの水飲み場としてご利用ください,to. | pe | 7 | it's | a | waterhole | for | pets.,petba. | please | use | it | as | pettit's | waterhole.,0.6154,0,8,7
tr_img_06383,2,館 | 水車町6丁目,the | hall. | it's | a | six-town | waterwheel.,it's | a | museum. | it's | six | in | the | water.,0.6122,3,3,5
tr_img_06384,0,,,royal | line,0.0000,0,0,2
tr_img_06385,3,めくて | うおメく,"oh, | my | god. | oh, | my | god.",i | don't | know | what | you're | talking | about. | it's | a | local | dish. | fish. | all | right | fish. | i | don't | know | what | you're | talking | about.,0.2154,0,6,22
tr_img_06386,4,インド・チベット・ネパール料理店 | カレ一は怒薬膳) | ザ激旨 | ヒマラト仙楽部,the | indian | timbette | neal | restaurant. | he's | an | angry | drug. | sagitru. | hemarat | sendi.,it's | not | just | me | it's | called | the | indian | hivette | neal. | the | curry | is | so | delicious! | gyo-za. | it's | not | just | me | it's | not | just | me | the | entrance.,0.3264,2,10,24
tr_img_06387,5,入口 | 食べ及題 | 営業時間 | 日祝16:00〜23:00),the | entrance. | food | consumption | business | time | a | celebration | of | the | sun.,come | on | in. | you | can | eat | whatever | you | want. | yes | business | time | ( | day | screaming),0.4923,2,9,13
tr_img_06388,2,上泌と,i'll | tell | you | what.,shanghai | dragon | it's | a | chinese | house.,0.3333,0,4,6
tr_img_06389,9,横浜 | 川崎 | 五反田,yokohama | kawasaki. | five-a-ta.,yokohama | kawasaki. | five-and-a-half.,0.8889,2,1,1
tr_img_06390,2,平岸条２丁目,"no, | no, | no, | no, | no, | no, | no, | no, | no.",one,0.0370,0,9,1
tr_img_06391,17,出口 | 琴似本通り | JR琴似駅 | 第２高雄ビル | 札幌市西部市税事務所,the | exit. | just | like | the | harp. | the | jr | harp-like | station. | the | second | high | school | building. | western | city | tax | office | in | yokohama.,the | exit. | just | like | the | harp. | i'm | at | the | harp-like | station. | the | second | high | school | building. | the | western | city | tax | office | in | yokohama.,0.9357,20,1,3
tr_img_06392,14,山 | 区 | 高田弖璃 | 高田馬場 | たかだのばば | 目臣百 | 新大久保 | 池袋上野方画,mountain | areas | takada. | takada. | you're | an | idiot. | a | hundred | eyes. | new | prosperity | a | pondbag | bidome,it's | heading | to | ueno | new | prosperity | takada. | mountain | areas | white | kyung-san. | i | don't | know | what | you're | talking | about.,0.3676,6,9,12
tr_img_06393,1,Δ高さ注意,be | aware | of | altitudes.,watch | your | height!,0.3200,0,4,3
tr_img_06394,6,20台 | 吉祥寺通り沿い | 西松屋となり | 緑ヶ丘,twenty. | on | the | way | to | yoshigi. | i'm | going | to | be | a | western | matsuki | shop. | green | hill,the | pediatrician. | allergics. | krynitsk | here | they | come. | twenty. | on | the | way | to | yoshigi. | i'm | going | to | be | a | western | matsuki | shop. | good. | outdoor | advertising | permissions | where | are | we? | oh | fabulous | co.,0.0220,14,2,17
tr_img_06395,6,豊平区 | なわ | 中の1条一丁三(,fabian | districts | i | don't | know. | (laughter),george | i | don't | know. | one | of | the | islands. | one | of | the | islands. | two | of | the | islands. | shoe. | water | number,0.3226,3,3,16
tr_img_06396,1,巻,book,port | area | it's | a | five-way | street. | it's | 14th | street.,0.0282,0,1,9
tr_img_06397,14,昇達産髪使用 | 鶏ラやん焼き | 伊達産鶏使用 | 鵜MTメ焼さ | 6ス!・スス | 若鶏の至い | メスキく店 | の | 011-5日2-月480 | (金)17:00 | 鳥の至い | 2時間,"use | of | high | hair. | i'm | sorry, | i'm | sorry, | i'm | sorry, | i'm | sorry. | i'm | using | a | chicken | chicken. | it's | a | burning | pot. | six! | it's | a | young | chicken. | it's | a | meth | shop. | . | 011-5nd, | 2nd, | april | 480. | (chuckles) | a | bird's | nest. | two | hours.",it's | a | hen. | it's | a | hen. | szynho | shop. | i've | had | a | lot | of | drinks. | two | hours. | (george) | it's | like | a | chicken's | nest. | including | the | winning | of | the | sapolo-classic | north. | i've | had | a | lot | of | drinks. | i | can | taste | the | whole | chicken. | it's | the | ultimate | prize. | i'm | using | a | chicken | chicken. | from | parents | to | children | hen's | used | in | the | middle. | i | don't | know. | about | a | kilo. | it's | the | ultimate | prize. | # | # | # | do. | # | # | # | # | # | # | # | # | # | # | # | # | # | # | # | # | # | # | # | # | # | we'll | eat | it | once. | i | can't | stop. | you're | gonna | burn | it. | cut | rada. | salads | i'll | take | care | of | it. | i'll | take | care | of | it. | menny.,0.0239,18,23,101
tr_img_06398,2,や田る区,i'll | be | right | back.,itagawa | valley,0.2439,0,4,2
tr_img_06399,3,水天宮前,akira.,where | are | we? | inomiya.,0.2353,0,1,4
tr_img_06400,12,忘れ物承り所 | 鉄道警察(分遣所) | ショッピング街 | (パルシェ食彩館 | ホ会え? | ハマイナヒ2018,forget | it. | the | train | police | station. | the | shopping | town. | (parchevish) | you | want | me | to | meet | you? | hamahi | 2018,forget | it. | (music) | (music | ends) | (music | ends) | (music | ends) | (music | ends) | (music | ends) | (dramatic | theme | playing) | (dramatic | theme | playing) | (dramatic | theme | playing) | i'll | see | you | in | the | future. | maynaby.,0.1282,4,14,25
tr_img_06401,1,中央,center,5 | north | and | west. | central | central,0.2449,0,1,6
tr_img_06402,9,免税都 | 助 | 園楽駿店 | 女店,tax-free | city. | help! | garden | shop. | she's | at | the | shop.,tax-free. | medicine. | medicine. | medicine. | it's | called | the | big | pharmaceutical | shop. | it's | called | the | big | pharmaceutical | shop. | dykes | big | help | yit | bill. | the | gynecologist's | department. | empty | medicine. | # | # | # | diyak. | d'aykok. | drutzg | drutzg | # | # | # | # | # | # | family. | a | doctor. | home,0.0625,3,6,40
tr_img_06403,1,中央パス,center | path,third | street. | # | # | # | # | # | # | i'm | sorry | # | # | # | ezobalbasso | ezobalbasso | baso | tenaso | i'll | get | you | a | tenaso. | you | always | say | i'm | looking | for | tenaso. | i'll | get | you | a | tenaso. | substances. | conditions. | please | join | us. | tena | collect | lionel | sosov. | march | 5 | time | to | turn | left. | - | stop. | nirvana | 200 | oh | we | have | a | support | system | to | get | a | license! | i'll | get | you | a | bus | crew. | we're | going | to | take | a | safe | ride | through | the | inspections! | it's | a | district | car | assembly | in | yokohama. | center | bass | a | hearing | aid. | iwazaki | electron. | s.,0.0115,1,1,93
tr_img_06404,21,カバー(グローブ)品番 | ロカバー(グローブ)のはずし方 | へ警告 | ロカパー(グローブの取付け方 | 中央部を押し上げながら | 落下してけがのおそれあり | 押し上げながら | 印を合わせ、 | 左二まわす | カバ一は確実二取付ナる | カチッ音がするまで右にまわす | 了コ | 虫ストップ構造の場合は、 | カバ一の密着性を高めている | 一で | ため、はずしにくくなる場合が | あります,"cover | globe's | on | display. | how | to | unwind | the | rocover | grove. | oh, | my | god. | how | to | get | a | rocapar | grove. | i'm | going | to | push | the | center | up. | i'm | sorry | to | hear | that. | pushing | him | up. | let's | see | if | we | can | do | that. | two | lefts. | the | hippo | will | take | two | positive | steps. | i'm | gonna | turn | right | until | i | hear | a | click. | yes, | sir. | it's | called | a | stop-and-go-go. | they're | the | most | sticky | of | the | hippos. | one. | and | that's | what | we're | going | to | do. | yes, | sir.",cover | globe's | on | display. | how | to | pick | up | the | cover | gloves. | so | i'm | going | to | do | this | in | a | different | color. | there's | a | thumping | sound. | ! | oh | turn | right. | it's | a | way | to | clean | up. | i'm | going | to | push | the | center | up. | move | left. | warning | i'm | sorry | to | hear | that. | i'll | take | cover. | i'll | take | care | of | it. | oh | i'm | going | to | show | you | how | this | works. | they're | getting | closer | and | closer | to | the | cover. | yes | oh | i'm | sorry. | i'm | sorry. | i'm | sorry.,0.0962,36,46,47
tr_img_06405,18,レンジで | 時短 | くさみ | 落とし | とり | ぶた | ダシ | 1枚で簡単に | とし | キ | オフ | クツキングペーバ | で | 電子レンジ | 加熱OK | 38枚入 | メ2ロール,"in | the | oven. | short | powder | drop | it. | take. | oh, | shit. | dash. | one, | easy. | powder | ki. | off | cudking | peba | so... | microwaves | heat's | ready. | 38 | in. | me2 | roll.",so | let's | see | if | we | can | do | that. | it's | easy | with | one | card. | i | said | i | don't | know | what | i'm | talking | about. | reed. | vitamins | keep | in | the | oven. | short | drop | it. | oh | powder | i'll | take | it. | brightness | keep | dash. | crap. | calories. | down. | water. | off | cooking | paper | microwaves | heat's | ready! | food | 38 | in. | x2 | roll | it's | heavy. | it's | strong. | super | absorbor. | one. | carol. | even. | to | the | holder. | fingernails,0.2152,13,13,54
tr_img_06406,6,,,the | dorobo | it's | a | shop.,0.0000,0,0,5
tr_img_06407,11,昭和通り口 | 中央改木口 | 昭和路出口 | 中央剪票口 | 金乳Ｅ | 善子 | 香,showa | street. | the | central | rendition. | showa's | exit. | central | shear. | gold | milk | e | good | boy. | incense,showa | street. | central | voice | showa's | exit. | central | symbol,0.6528,6,9,2
tr_img_06408,14,ルミネ | 休鹸型イ | 伊豆ぐらんぱる公園 | ゲラシイルミ | 伊豆高原駅からタクシ | 一で約10分 | 球数俗単 | 100万球! | 来指定席秀か必要になります。 | 指定席券はご乗車前に（みどりの窓口Ｉ 又は | 全車指定席 | 改札外の指定席券売機でお買い球めください。,lumina. | restaurant | i'll | take | care | of | it. | i'll | take | care | of | it. | gelasilmi | izu | takada | station | to | taxe. | about | ten | minutes | at | a | time. | spheres | one | million | balls! | you'll | need | to | play | the | next | chair. | the | seat | tickets | are | for | you | before | you | board | the | train. | all | available | seats. | please | buy | it | at | a | reserved | ticket | holder | outside | of | the | rendition.,experience | illumination | gunililli | doubles | the | sphere. | four | million | spheres! | i-i-i-i-i-i-i-i-i-i-i-i-i-i-i-i-i-i-i-i-i-i-i-e. | about | 10 | minutes | by | taxi | from | izu | takada | station. | i'm | a | group | of | izu | chabotant | animal | parks. | you'll | need | a | seat | ticket. | ladies | and | gentlemen | midori's | window. | or... | please | buy | it | at | a | reserved | ticket | holder | outside | of | the | registry. | # | # | # | a | string. | all | available | seats. | # | # | #,0.2582,25,36,36
tr_img_06409,23,小田急・京王 | 山川駅 | 緑ヶ丘績環 | 台団地経由 | 中頂一丁目 | 鷹台駅 | 仙0í | 仙川駅入口・前原公口経由 | 狛江営業所 | For komae cigyosho c夜間oa) | 中原一丁目三鷹台団地 経由 | つつじヶ丘駅北口 | 丘22 | (遠シ) | （夜間のみ) | 裏通り | 小田急バス | バスののは案内,"king | koda! | king | kyon! | yamagawa | station | it's | a | green | hill | ring. | by | way | of | the | platform. | first | and | last. | takahashi | station | sen0ie | by | the | entrance | to | sendai | station, | or | otahara, | i'm | at | the | cygnus | concert. | (for | komae | cigyho | chowa) | by | way | of | tokuhara, | third | and | third. | hexazi | station, | north | of | hajikashi | station. | two | hundred | and | twenty-two | hills. | (stories) | (night | only) | back | street. | koda | shortbus. | i'll | show | you | where | the | bus | is.",king | koda | kyung-kun. | sengawa | station. | path | to | north | entrance | to | the | park's | prefecture. | green | cape | cycling | send01 | i'll | be | right | back. | i'll | be | right | back. | by | way. | mitaka | station. | hill | -i'm | sorry. | -i'm | sorry. | by | way. | by | way. | i'm | at | seung | jo's. | (night | only) | i'll | be | right | back. | i'll | be | right | back. | (night | only) | kheikke | hill | station | northlo | sengawa | i'm | a | friend | of | sengawa's. | i'll | be | right | back. | koda | shortbus. | i'll | show | you | around | the | bus. | island | homes | i'm | at | the | front | station. | it's | where | we're | going. | the | back | of | the | bus. | akira | i'm | at | sendai | market | street. | don't | lie | to | me. | that's | what | i'm | talking | about. | it's | where | we're | going. | the | back | of | the | bus. | the | entrance | to | sendai | station. | innovation | park.,0.0412,33,38,90
tr_img_06410,15,テンスン | 真空氷潟 | 冷凍 | 節電 | 冷蔵 | 製氷 | 冷却モード | 真空チルド | 操作部ロツク | おそうじ | デリシャス冷凍 | (3ま0) | (5秒押し) | (3秒押し),"tensen. | amateur | ice | fabulous | cryonics | trinette | refrigerated | ice | making | cooling | mode | vacuum | tierdo | operation | rotsk | hey, | hey, | hey, | hey, | hey, | hey, | hey, | hey, | hey, | hey, | hey, | hey, | hey, | hey, | hey, | hey, | hey, | hey, | hey, | hey, | hey, | hey, | hey, | hey, | hey, | hey, | hey, | hey, | hey, | hey, | hey, | hey, | hey, | hey, | hey, | hey, | hey, | hey, | hey, | hey, | hey, | hey, | hey, | hey, | hey, | hey, | hey, | hey, | hey, | hey, | hey, | hey, | hey, | hey, | hey, | hey, | hey, | hey, | hey, | hey, | hey, | hey, | hey, | hey, | hey, | hey, | hey, | hey, | hey, | hey, | hey, | hey, | hey, | hey, | hey, | hey, | hey, | hey, | hey, | hey, | hey, | hey, | hey. | delicus | frozen. | three | times | zero. | (panting) | three | seconds.",# | # | # | waterwater | middle | middle | ice | making | delitium | freezing | the | vacuum | ice | temperature. | trinette | - | i'm | freezing. | - | i'm | freezing. | operation | rotsk | three | seconds. | refrigerated | ice | making | hey | (for | fully | formatted | text | it's | cold. | that's | delisz. | that's | the | freeze. | three | seconds. | vacuum | tierdo,0.0325,12,94,32
tr_img_06411,5,線路内立入禁止 | 線路内に物を落した時は | 駅係員へお知らせください,"you | can't | go | inside | the | tracks. | when | i | dropped | something | on | the | tracks, | please | inform | the | station | attendant.",you | can't | go | inside | the | tracks. | it's | a | very | simple | thing | to | do. | please | inform | the | station | attendant.,0.8406,11,7,7
tr_img_06412,1,ミクスーツオームセシター,physics | omcester,kanto-yung-yung-seso.,0.2051,0,2,1
tr_img_06413,0,,,one-way | street.,0.0000,0,0,2
tr_img_06414,6,構内徐行 | 駐軍場入口 | 車 | 出口,slow | incoming | line | constellation | entrance. | car. | the | exit.,park | entrance. | park | exit. | i | don't | know.,0.4262,2,6,5
tr_img_06415,5,生活家電 | テンタル | お会計カウンター | 永セール! | 遊永セール!,residential | electric. | teteral | account | counter | it's | a | long | sale! | it's | a | no-go | sale!,tejtal | residential | electrics. | account | counter | it's | my | year-end | sale! | # | # | # | # | # | # | # | # | # | # | # | # | it's | my | year-end | sale! | it's | my | year-end | sale! | # | # | # | # | # | # | age | # | # | # | sales! | # | # | # | # | # | # | # | # | # | it's | my | year-end | sale! | it's | my | year-end | sale! | # | # | #,0.1388,7,6,53
tr_img_06416,2,通学路 | 豊島区鶴,i'm | on | my | way | to | school. | tsuruka | toshima | district,i'm | on | my | way | to | school. | sentences | george,0.7333,6,3,2
tr_img_06417,0,,,can | i | have | your | food | ticket,0.0000,0,0,6
tr_img_06418,2,郵便,postal,postal,1.0000,1,0,0
tr_img_06419,13,日月極駐車場 | (月極 | 円) | 無料駐車の場合はレッカー移動し | 迷惑料として、3ＯＯＯ0円頂きます | 北毎立地(株) | お問い | 合わせ | 15丁目２番地3 | 札幌市中央区大通西,"sun's | polar | parking | lot. | (muttering) | circle) | it's | a | little | bit | more | complicated | than | that. | i'll | give | you | $3oo0 | for | the | inconvenience. | (people | white | lands) | i'm | going | to | ask | you | a | question. | match | 15th | and | 2nd. | i'm | sorry, | i'm | sorry, | i'm | sorry.",now | it's | full. | thank | you. | the | moon's | top | parking | lot. | (muttering) | circle) | i'll | ask | you | a | question. | match | (northern | lands) | 2nd | street | it's | not | a | car. | it's | not | a | car. | it's | a | car. | it's | a | car. | and | that's | what | i'm | going | to | do. | 30,0.1714,18,23,26
tr_img_06420,4,オリックス | レンラカー,orex. | renlaker.,orex. | rent-car. | come | on | oh!,0.5385,1,1,4
tr_img_06421,5,豊平区 | 平一奈一丁目3,"fabian | districts | one, | two, | three, | one, | two, | three.",george | come | on. | rectangle | no,0.3400,0,8,5
tr_img_06422,3,合物出し入れの為 | アの開閉に | `だ意下さい,to | get | in | and | out | of | the | condo. | we | need | to | close | the | a. | i'll | take | care | of | it.,it's | for | packing. | we | need | to | get | the | door | open. | please | be | careful.,0.5714,5,14,8
tr_img_06423,4,日本橋 | 4ク | 人形町 | 二丁目,japan | bridge | 4k | doll | town | two.,japan | bridge | it's | doll | town. | two.,0.9157,4,2,2
tr_img_06424,2,度辺,degrees,the | other | side.,0.1538,0,1,3
tr_img_06425,13,地下鉄北12条駅 | 引日 | 計智 | 12天 | 地鉄北２条站 | 地鐵北12條站,subway | 12th. | day | of | the | week. | smart. | 12 | heavens | i'll | bet | you | didn't | want | to | do | it. | i'll | be | right | back. | i'll | be | right | back. | i'll | be | right | back.,subway | 12th. | i'll | bet | you | didn't | do | it. | i | don't | know | what | you're | talking | about.,0.4656,8,21,7
tr_img_06426,4,がのこがあったらすぐにあいた。 | ことも110番 | のお店,"if | i | had | a | date, | i | would | have | had | it | as | soon | as | i | had | it. | it's | number | 110. | the | shop.",if | there's | anything | you're | afraid | of | this | is | 110. | the | shop.,0.4532,4,17,7
tr_img_06427,37,清水産業・情報プラザ | 信息市均 | 清水声山 | 豆剖刻 | 圏 | 百 | 人口天弐 | 市役所清水庁舎・清水区役所 | 清水区役所 | 市役所清水庁舎 | 人裂 | 人印テテ皇 | 人口宝司人 | 静鉄新清永駅 | 静鉄 新清水站 | 人天副 | 清永年金事務所 | 清水年金事矛所 | 人I口天,"a | clean | water | industry | and | information | plaza. | immaculate | shizuzuyama. | pitty | lattice | term | 100 | i'm | sorry, | i'm | sorry, | i'm | sorry. | (for | fully | formatted | text, | see | publication) | (for | fully | formatted | text, | see | publication) | manchuria | hall | the | city's | hqui. | snacking | emperor | teté. | demographic | master. | shikoku | shikoku | station. | shikoku | shikoku | man's | substance | kanazawa's | office. | i'm | at | the | manchuan | pension | bank. | the | man's | occupational",seishry-intel | plaza. | (for | fully | formatted | text | shikoku | shizura | station. | i'm | here | to | help | you. | i'm | here | to | help | you. | i'm | here | to | help | you. | i'm | here | to | help | you. | i'm | here | to | help | you. | i'm | here | to | help | you. | # | # | # | # | # | # | # | # | # | # | # | #,0.1134,10,49,41
tr_img_06428,5,中 | 丼,middle | i'm | sorry. | i'm | sorry.,nakai,0.0488,0,5,1
tr_img_06429,4,日本橋 | 人形町 | 一丁目,japan | bridge | doll | town | one.,japan | bridge | it's | doll | town. | one.,0.8974,4,1,2
tr_img_06430,0,,,samho.,0.0000,0,0,1
tr_img_06431,9,九州・博多めし | どげん | 3げん | 以L0111251-7899 | どげんら三げん | シキュリティ | 北奈整備保障 | マケ,kyushu | and | takataka. | what's | up? | three. | subtitles | l0111251-7899 | don't | worry | about | it. | securities | north | nara | security. | mace.,i'm | sorry. | nissie. | i'm | sorry. | kyushu... | kyushu... | it's | a | big | deal. | kyushu | kyushu | (laughter) | night | alarms. | security | north | coast | security. | fukuoka. | ? | # | # | # | messages | don't. | # | # | # | # | # | # | riku. | how | are | you? | # | # | # | nissie. | center | makoto. | orthodontics. | i'll | take | care | of | it. | ikeda | i'll | tell | you | what. | i'm | sorry. | # | # | # | # | # | # | # | # | # | # | # | #,0.0423,4,13,64
tr_img_06432,0,,,nassional. | i'm | going | to | show | you | how | to | do | that. | fujido | bicycle | store,0.0000,0,0,13
tr_img_06433,1,,,middle-earth. | hust | two.,0.0000,0,0,3
tr_img_06434,2,木月天王森,woodsboro | heavenly | forest.,woodsand | heavenly | forest.,0.8814,2,1,1
tr_img_06435,3,危険! | 転車は降いりて | 歩いて下さい,danger! | it's | going | down. | it's | going | down. | i'm | gonna | need | you | to | walk.,get | off | the | bike. | it's | dangerous! | i | need | you | to | walk.,0.6627,5,8,6
tr_img_06436,2,中の島1条3丁目,it's | on | the | island. | it's | on | the | island | number | three.,it's | island | number | three | inside.,0.5636,3,7,2
tr_img_06437,1,,,very | well.,0.0000,0,0,2
tr_img_06438,10,総武線(各駅停軍 | 新小岩市川船橋千葉方面,"general, | stop | every | station. | shinichi | shogun, | chiba.",general | new | rock | cygnus | i've | had | my | lucky | day. | leaves,0.3704,0,7,10
tr_img_06439,1,-テ`,- | tej.,it's | a | tutsi | shop | and | a | racreette | shop. | it's | a | holsso | bar. | eutychus,0.1212,0,2,13
tr_img_06440,6,三田駅 | 都営地下鉄,mida | station. | central | central,central | central | mida | station.,0.4857,4,0,0
tr_img_06441,1,グリーンハイツ,green | heights.,gritsy. | # | # | #,0.2857,0,2,4
tr_img_06442,6,まつむら | 白動巻き上げ器,i'm | sorry. | i'm | sorry. | the | white-scrollers.,sniff. | auto-roller,0.3611,0,6,2
tr_img_06443,6,元1B2 | 東京都調布市仙川町8-5一 | 佐藤,ex-1b2 | i'm | 8-5. | sato.,sato. | iseshima | city | i'll | take | care | of | it. | i'll | take | care | of | it.,0.2807,1,3,12
tr_img_06444,3,とまとの酸味が | しつかり,it's | so | sour. | hold | on.,it's | so | sour. | hold | on.,1.0000,5,0,0
tr_img_06445,2,水車町丁目,it's | the | only | place | in | the | world | where | we | can | go | for | water.,it's | the | 7th | and | the | 7th.,0.4915,3,10,3
tr_img_06446,19,葵区役所 | 静岡市役所 | 人己 | 義市役所 | 葵区役所 | 紺屋町 | 呉服町 | 勢屋町 | 服町 | ビOロトテ,zheng-ge's | office. | shizuoka | city | hall. | the | self. | city | hall. | zheng-ge's | office. | it's | a | town | of | blues. | oystertown. | rural | town. | a | dress | town. | vio | loote,shizuoka | city | hall. | cygnus | hall | shizushi's | office. | cygnus | hall | it's | a | town | of | blues. | it's | a | dress | town. | i'll | be | right | back. | i'll | be | right | back. | i'll | be | back | in | a | minute.,0.1929,12,12,20
tr_img_06447,19,新JIS対応 | 五裕内透橋 | KWh/年 | 外 | 形村方 | 本体幅 | 奥行 | 高さ181．8,new | jis | response | i.d.k.i.e.l.d. | kwh/ | year | out. | isomura | main | width | entrepreneur | 181.8 | height,year | height | entrepreneur | main | width | explicit | no. | responsibilities | a | year's | consumption | of | electricity.,0.3568,5,8,8
tr_img_06448,4,中原区 | 木月 | 4丁目,central | district | tree | moon | four.,middle-earth. | tree | moon | four.,0.6400,3,2,1
tr_img_06449,5,日本橋 | 人形町 | 丁目,japan | bridge | doll | town | send | just | 75 | cents.,japan | bridge | it's | doll | town. | - | nice | and | easy.,0.6667,3,5,6
tr_img_06450,1,,,no. | no. | no,0.0000,0,0,3
tr_img_06451,1,,,sakura | i'll | be | right | back. | iwaseko. | i'll | be | right | back. | i | don't | know | which | way | to | go. | superstitious | triangle,0.0000,0,0,19
tr_img_06452,8,を去訴亡 | とでの | しこの生信号左折 | り急な出責は当店で! | Ｏで | メジンビル | パンヒル,". | . | . | . | . | . | . | . | . | . | . | and... | turn | left, | you | son | of | a | bitch. | we'll | get | you | out | of | here | in | no | time! | on | o. | mezinville. | panhill",i'm | taking | over. | turn | left. | # | # | # | turn | left. | oh | zs. | 24/7. | mezoll. | zombels. | i'm | looking | for | a | tenant. | credit | corliss.,0.3149,2,30,20
tr_img_06453,0,,,eyville.,0.0000,0,0,1
tr_img_06454,2,,,east | express. | tic. | oh | fry | i'm | sorry. | yes. | hey. | i'll | take | care | of | him.,0.0000,0,0,14
tr_img_06455,2,中の島1条3丁目,it's | on | the | island. | it's | on | the | island | number | three.,it's | island | number | three | inside.,0.5636,3,7,2
tr_img_06456,4,北海道産16 | 統一ブランル | 生稚葺 | 北海道産,i'm | 16. | i'm | from | hokkaido. | unified | brand | innovation | from | hokkaido.,unified | brandt | i'm | 16. | i'm | from | hokkaido. | i'll | be | right | back. | from | hokkaido. | pla. | pla. | mush. | sun | # | # | #,0.5893,8,2,12
tr_img_06457,9,昭和通つ口 | 昭和路出口 | 善子 | 日比谷線,showa | yoichi. | showa's | exit. | good | boy. | eclipse | line,showa | street. | eclipse | line | showa's | exit.,0.4912,5,3,1
tr_img_06458,2,ネッリトヨタ神奈ル | ウエインズ武蔵小杉,"naal, | the | god | of | the | nerit-gola. | mr. | waynes.",nettstawola | god | nara. | i'm | sorry. | i'm | sorry.,0.4779,1,7,6
tr_img_06459,2,2-作,draws | 2-,"whitewood | shop. | it's | called | the | ""big-big-big."" | it's | been | 13 | years | since | i | started. | south | 2 | west | 24th.",0.0839,0,2,17
tr_img_06460,11,山 | 溜香 | 人早O | しぶゃ | 恵比寿 | 原宿,mountain | spicy. | fast | o. | shit. | miho | susu. | innovation,shibuya. | shoo. | # | # | # | mountain | areas | miho | susu. | innovation,0.5857,4,4,6
tr_img_06461,1,コトーーアバマスロトラル,"coto, | abamastrotral.",philippy | comapolus.,0.3256,0,2,2
tr_img_06462,0,,,i | think | my | novel's | good. | it's | so | crowded. | i | don't | think | there | are | any | books.,0.0000,0,0,15
tr_img_06463,4,厚手で丈夫、 | 油も水分もしつかり吸収 | 4ュ水 | 日本,it's | heavy. | it's | strong. | it's | got | the | oil. | it's | got | the | water. | it's | got | the | oil. | it's | got | the | water. | four | water. | japan,it's | a | long | shot. | hey. | kitchen | towel. | it's | heavy. | it's | strong. | it's | got | oil | roll. | two | it's | made | in | japan.,0.4918,8,15,12
tr_img_06464,17,静岡市役所清水庁善 | 一ＪＲ清水駅 | 清水テルサ,shizuoka | city. | one | jr | water | station. | pure | water | tellsa,shizuoka | city. | shizura | station | pure | water | tellsa,0.8462,5,4,2
tr_img_06465,0,,,that's | why | i'm | here. | mm-hmm.,0.0000,0,0,5
tr_img_06466,6,中原区 | 木月1丁目,central | district | the | first | of | the | months | of | the | year.,that's | right | middle-earth.,0.3168,0,10,3
tr_img_06467,2,,,showa | street.,0.0000,0,0,2
tr_img_06468,3,わら,straw,eye | a | smile. | a | smile. | straw | straw,0.2000,1,0,6
tr_img_06469,11,薄の限界に道る | HＤＲ対応で | ColorPrime技術で色域を | スリムボデイ | より一層広げる | 星空もくつきり表現 | スリム | デザイン,it's | just | a | thin | edge. | hdr | response. | i'm | going | to | show | you | a | few | examples. | slim | bodhi. | widen | out | more | it's | like | the | stars | stick | together. | slim. | design,it's | like | the | milky | way. | it's | like | the | milky | way. | widen | out | more | it's | about | the | limits | of | lightness. | slim | body. | slim. | deaiseso,0.5615,9,19,14
tr_img_06470,6,南口 | 南出口 | 甘奢 | 善子,south | entrance. | south | exit. | sweetie. | good | boy.,south | entrance. | south-out-of-the-art.,0.5657,2,5,1
tr_img_06471,2,南13条西18丁目,south | 13th | and | west | 18th.,south | 13th | and | west | 18th.,1.0000,5,0,0
tr_img_06472,9,国道52号 | 際枝 | 水駅,road | 52. | ♪ | ♪ | ♪ | ♪ | step | ♪ | ♪ | step | ♪ | ♪ | step | ♪ | ♪ | step | ♪ | ♪ | step | ♪ | ♪ | step | ♪ | ♪ | step | ♪ | ♪ | step | ♪ | ♪ | step | ♪ | ♪ | step | ♪ | ♪ | step | ♪ | ♪ | step | ♪ | ♪ | step | ♪ | ♪ | step | ♪ | ♪ | step | ♪ | ♪ | step | ♪ | step | ♪ | step | ♪ | ♪ | step | ♪ | step | ♪ | ♪ | step | ♪ | ♪ | step | ♪ | step | ♪ | ♪ | step | ♪ | step | ♪ | ♪ | step | ♪ | step | ♪ | step | ♪ | water | station.,-yes | pure | water. | shizura | station | fuji. | road | 52.,0.0405,2,82,6
tr_img_06473,2,一ル | やきとり及酒屋,one. | a | liquor | store.,bill. | i'm | a | frickin' | liquor | store. | ise.,0.5974,3,1,4
tr_img_06474,2,平岸1条2丁目,"no. | no, | no, | no. | no, | no, | no, | no, | no, | no, | no.",one,0.0303,0,11,1
tr_img_06475,1,伊藤義男,ito-man.,ito-man.,1.0000,1,0,0
tr_img_06476,7,乙る通信制 | 距島学園 | 高等学校 | 浜目吉 | キャンパス,i've | got | a | communication | system. | iseshima | school | high | school. | it's | a | beach. | it's | a | beach. | campus,i | can | get | through. | i | can | get | through. | kagoshima | it's | a | school. | high | school. | yokohama's | happy | birthday! | casopas,0.5111,4,12,14
tr_img_06477,3,幌平橋,akira | bridge,fukui | bridge,0.7857,1,1,1
tr_img_06478,6,三橋 | 弘帰 | 有限会社 | ム | 構造設計 | 一級建築士事務所,three | bridges | go | home. | a | finite | company. | m. | structural | design | first | class | architect's | office.,three | bridges | i'll | take | care | of | it. | limited | publicity | i'll | take | care | of | it. | structural | design | first | class | architect's | office.,0.6809,8,6,12
tr_img_06479,2,本6B限定! | ちやん,"this | book | is | limited | to | 6b! | oh, | shit.",let's | go! | let's | go! | let's | go! | oh | it's | a | chicken | pot. | before | i | was | born | 500 | (chuckles),0.2143,0,8,17
tr_img_06480,11,芥川龍多介主 | 礼音森神ネ社 | 浜光寺 | 弘京太助住居跡 | 現在地 | 彩山検校の幸) | し | 本所蔵前教歩,mr. | ryusuke | iwagawa. | i'm | here | to | help | you. | a | beach | temple. | kajita | resident. | current | location | (music) | (music) | shh. | premeditated | school | at | honshu,premarital | walk | the | shrine | of | ejima | yamayama. | i'm | sorry | fireworks | center | it's | a | green | rain. | it's | a | living | house. | i'm | on | national | arts | street. | medda | district | walking | road | i'm | at | both | stations. | i | live | in | gennosuke | ogawa. | the | death | offering. | i'm | going | to | take | you | to | the | two | e.r.s. | it's | haneno. | iwner | room. | current | location | i'm | sorry. | i'm | sorry. | the | inscription | on | the | fists. | the | mitahara | resident. | west | light | temple | for | starters,0.1142,7,15,65
tr_img_06481,4,八重洲一丁目,i'll | be | right | there.,central | central | i'll | be | right | back. | i'll | be | right | back.,0.4444,3,1,7
tr_img_06482,16,駐車社置番号を | 押してくださ | 番号を確認後 | 精算ボタンを | 精算,"give | me | the | parking | number. | push, | please. | after | checking | the | number. | i'm | going | to | need | a | check | button. | magnification",give | me | your | parking | location | number. | push | after | checking | the | number. | magnification | bonnoso | push | magnification,0.7172,9,10,6
tr_img_06483,7,オススメメニュー | 一限定 | 生チコ三ルク引 | おのミバタドラ | ジージクリーム | 大福,ossme | menu | one | limit | i'm | going | to | have | to | get | you | some | fresh | meat. | my | mibatadra. | siege | cream. | great | fascination,# | # | # | upper | island | i'll | be | right | back. | great | fascination | oh | it's | a | little | bit | of | a | crescendo. | i | can't | believe | you | didn't | do | it. | the | winter | limit! | ossme | menu,0.0274,5,15,26
tr_img_06484,1,2月4(月),(february | 4th),december | 4th. | (sun) | a | look | - | into | field | tomatoes. | there | you | go.,0.1980,0,2,12
tr_img_06485,3,中央バフ | 幌平橋 | 行啓通り整骨院,center | baff | akira | bridge | the | regiment | of | the | cyclopædia,center | bass | fukui | bridge | i'm | going | to | take | care | of | him. | i'm | going | to | take | care | of | him. | # | # | # | # | # | # | # | # | # | # | # | # | # | # | #,0.4064,3,6,30
tr_img_06486,2,宅赤橋,the | red | bridge,home | bridge,0.7097,1,2,1
tr_img_06487,9,総武線(各駅停車) | 秋葉原新宿中野。上野戸面,all | train | stations | stand | by. | nakano | akihara | nakano.,general | akira. | you're | welcome. | nakano. | it's | heading | for | uno.,0.4965,1,7,8
tr_img_06488,14,小田急バス | 芦花公園駅前 | 行先 | 成02 | 千歳烏山駅北口 | ウンマンカ | ご利用のお願い | 現金進 | IC運質 | 大人220円 | 大入216氏 | 0発110月0月108日,"koda | shortbus. | i'm | at | sakura | park | station. | path | to | two | hundred | and | twenty-two. | one | thousand-year-old | akiyama | station, | north | entrance. | ummanca. | i'll | take | care | of | it. | cash | ic | fortune | two | hundred | and | twenty | yen | an | adult. | mr. | 216. | zero. | october | 108th, | 110.",koda | shortbus. | i'm | at | sakura | park | station. | path | to | i'm | so | sorry. | i'm | so | sorry. | i'm | so | sorry. | i'm | going | to | need | you | to | do | the | best | you | can. | how | to | get | on | the | plane. | vehicles. | how | to | pay | the | fare. | the | bus. | you're | on | the | wrong | side. | get | in | through | the | front | door | and | take | off | from | the | middle | door. | it's | a | coin. | i'm | on | a | charger. | pre-payment. | grown-up | baby. | 220 | yen. | 110 | yen. | cash | cargo. | vehicles. | grown-up | baby. | 216 | yen. | 108 | yen. | two | hundred | and | twenty-two. | i'll | get | you | some.,0.1722,17,24,75
tr_img_06489,6,金 | 公正 | 取 | は,money. | justice | take | it. | huh.,the | council | of | justice. | i'm | at | the | auto | school. | justice,0.2385,1,4,9
tr_img_06490,12,改札外 | 駅長事務室 | お忘れもの承り所 | 9人早企 | 生小事列,out | of | modification | station | chief's | office. | i'll | forget | about | you. | nine | quick | plans | a | row | of | raw | shit.,out | of | modification | station | chief's | office. | i'll | forget | about | you. | i | don't | know | what | you're | talking | about.,0.8029,10,8,7
tr_img_06491,0,,,grace | heights.,0.0000,0,0,2
tr_img_06492,3,阿原 | 調布市緑ヶ丘２38,ahara. | two | hundred | and | thirty-eight | green | hill.,ogawa. | yo-un. | it's | a | dresser's | green | foothill.,0.5983,1,6,6
tr_img_06493,17,清永駅 | 静岡市役所清水庁善 | 静鉄新清永駅,kunihito | station. | shizuoka | city. | shikoku | shikoku | station.,shizura | station | shizuoka | city. | shikoku | shizura | station.,0.8676,4,3,3
tr_img_06494,3,六戸 | 8丁目,six-do. | eight.,middle-earth. | tree | moon | three.,0.3462,0,2,4
tr_img_06495,3,少0,small | 0,# | # | # | # | # | # | okinawa | cypriot | island | remaining | waves | # | # | # | # | # | # | ms. | miizumi. | megumi. | # | # | # | # | # | # | ms. | miizumi. | sakura | kunori. | beer. | # | # | # | # | # | # | remaining | waves | blue | seal. | i | was | born | in | the | united | states. | # | # | # | # | # | # | # | # | # | # | # | # | # | # | # | # | # | # | # | # | # | # | # | # | # | # | # | # | # | # | ms. | miizumi. | on | beer. | fabulous | mm-hmm. | it's | all | right. | it's | all | right. | a | hundred. | i'm | sorry. | miho. | old | wine. | miyako | old | wine. | cyrene | whoa | uh-huh. | s. | flowers | whoa | wow.,0.0000,0,2,107
tr_img_06496,1,,,burner. | sell.,0.0000,0,0,2
tr_img_06497,1,家任手古の,it's | an | old | house.,home | supplies. | thank | you.,0.4364,0,4,4
tr_img_06498,8,マリンターミナル | マリンビル,marine | terminal | marinville.,mariso | evening | miner. | marisobil.,0.6087,0,3,4
tr_img_06499,13,道 | 快活 | コミック | インタ | 女性専用エリア | シャワー | 店内完全分煙 | 雪ビル1FV | 朝和幌元初のとだわり。,the | way | i'm | so | happy. | a | comic | book. | interpretation | women's | only | area. | a | shower. | full | smoke | in | the | store. | snowbilt | 1fv | it's | the | first | time | i've | heard | it | from | you.,# | # | # | # | # | # | it's | a | soot | beer. | eight. | a | comic | book. | internet | karaoke | it's | for | women. | shiyu | the | store's | full | of | smoke. | yoichi. | twelve | or | so. | # | # | # | # | # | # | # | # | # | hokkaido. | she's | smiling | i | want | to | fill | it | it's | a | giraffe | beer. | it's | a | loco | beer | in | hokkaido. | thanks. | i'm | sorry | it's | from | my | original | grandfather. | i'll | be | right | back. | straight | - | forward | market. | # | # | # | # | # | # | # | # | # | # | # | # | # | # | # | # | # | # | # | # | # | # | # | # | # | # | # | # | # | # | # | # | # | i | don't | know | what | you're | talking | about. | bill | 4f. | he | was | born | in | 1945. | it's | like | the | originals | were | obsessed | with | it. | # | # | # | # | # | # | # | # | # | # | # | # | # | # | # | # | # | # | # | # | # | # | # | # | # | # | # | # | # | # | # | # | # | i'm | so | happy. | i'm | so | happy. | i'm | sorry. | i'm | sorry. | i'm | sorry. | this | is | bill. | half | price! | yumifuk. | isooneführer.,0.0499,14,16,165
tr_img_06500,5,メロウ | レジデンス | 北野 | 四目,merrow. | regence. | no. | no. | no. | fourth.,mingu | regence. | no. | no. | no | 4th | street.,0.7368,3,3,4
tr_img_06501,2,ロンジェヴィテ | 元住吉,ronjette. | hikichi.,lonzwete | hikichi.,0.8205,1,1,1
tr_img_06502,2,飯田,ida.,ida.,1.0000,1,0,0
tr_img_06503,21,"20分/200円 | 60分/100円 | 最大 | 昼問最大 | 料金 | 3,000円 | 月土 | 夜間最大 | 1200円 | 日祝 | 500円 | 駐車場名 | 日本橋人形町2丁 | 目第3","20 | minutes | and | 200 | yen. | 60 | minutes | per | 100 | yen. | maximum | maximum | day | question. | cost | 3,000 | yen. | moons | biggest | night | in | the | world. | 1200 | yen | happy | birthday | to | you! | 500 | yen. | parking | name | two | japanese | bridge | doll | towns. | and | third.",maximum | cost | the | moon! | the | earth! | parking | name | biggest | day. | 3 | - | happy | birthday. | - | happy | birthday. | 1 | japan | bridge | doll | 60 | minutes | per | 100 | yen. | biggest | night | in | the | world. | 500 | yen.,0.1213,19,21,14
tr_img_06504,46,口田 | 琴似2条5丁目 | 琴似本通いり | 西区役所 | 西消防署琴似出張所 | 西保健センター | 琴似神社 | 琴似小学校 | 札幌市山の手図書館 | 琴似市田兵村兵屋跡 | 北洋銀行琴似中央支店,"oda. | two, | five, | harp-like. | it's | the | ring | of | truth. | west | district | hall. | the | west | fire | department's | aquarium. | west | health | center. | the | harp | aquarium. | the | harp-like | elementary | school. | the | hand | library | in | yokohama | city. | the | remains | of | the | tepea | yoichi | village | soldier. | it's | a | central | branch | of | the | north | sea | bank.",out | voice | two | just | like | the | harp. | the | west | fire | department's | aquarium. | west | health | center. | the | harp | aquarium. | the | harp-like | elementary | school. | the | hand | library | in | yokohama | city. | it's | a | sign | of | the | takeshi | kota | village | army. | it's | a | central | branch | of | the | north | sea | bank.,0.0995,35,15,11
tr_img_06505,4,中原区 | 木月 | 2丁目,central | district | tree | moon | two.,middle-earth. | tree | moon | two.,0.6301,3,2,1
tr_img_06506,13,当駅で | 使えます | WiMaxに関す | るお間い合つせはこち | Uāお客様 | 日0120-929-818 | サボートセンタ | 受付時間 | 一2100(年中無休),at | this | station. | i | can | use | it. | i'm | going | to | talk | about | wimax. | it's | not | easy | to | get | caught | up | in | a | tight | spot. | u | ā | sir | day | 0120-929-818 | saboat | senta | recipient | time | (laughter),at | this | station. | i | can | use | it! | savvy | seso | evening. | recipient | time | freer | (grunts | throughout | the | year) | you | will | receive | 24 | hours | for | theft | and | loss | of | powder.,0.2272,8,26,20
tr_img_06507,1,信庫,it's | in | the | vault.,mountain | house. | the | warehouse. | the | rice | tastes | so | good | here. | oh. | 10 | fixed,0.2810,1,3,12
tr_img_06508,4,,,once | in | a | while. | a | tiger | hole.,0.0000,0,0,7
tr_img_06509,83,0人誓人 | 堂副平司刻 | フェルケール博物館 | 清水港湾博物館 | Verkehr博物館 | 静鉄新清永駅 | 静 | 新清水站 | 知医副 | 市役所清水庁舎 | 清水区役所 | 市役所清水庁舎 | 清水区役所 | 人可医梨人 | 内回医子墓 | 清水産業 | 情報プラザ | 清水声山 | 信息市塚 | Δ皇 | 豆斗亙 | 日牡十の墓 | 全目本検数協会清水出張所 | 日新目本検定協会清水事務所 | 2011年3月作成 | 清水次郎長の生家口 | 築地町町 | 青水次郎北出生 | 目の出町 | 港町(2) | 目本貨 | 数協会清水事務所 | 口 | フェルケール博物館 | 青水港高博物館 | 清水町 | 港町第二自治会館 | 波川海フェルター川物山 | キララシテイロ | 清水市民活町センタ,"zero | oathholders. | subtitles | by | tameemite | it's | a | map | museum. | the | manchure | bay | museum. | verkehr | museum | shikoku | shikoku | station. | quiet. | shinkazu | shizura | i'm | the | assistant | medical | assistant. | the | city's | hqui. | manchuria | hall | the | city's | hqui. | manchuria | hall | i'm | a | doctor. | i'm | a | m.o. | tombs | of | the | inner | med | children. | a | clean | water | industry. | information | plaza | shizuzuyama. | i'm | sorry, | i'm | sorry, | i'm | sorry. | delta | emperor. | i'll | be | right | back. | the | tomb | of | ten. | the | complete | book | of | records | the | office | of | the | sanitary | society | for | the | new | book | of | records. | it | was | created | in | march | 2011. | chief | shizuru's | living | room. | tsukiji | town | born | in | the | north. | it's | a | town | of | eyes. | port | city | 2-2. | illustrium | a | few | society | clean | water | offices. | voice | it's | a | map | museum. | the | blue | harbor | high | museum. | shizura. | port | town, | 2nd | abbey. | mt. | fuji | kilaushitaro. | senta, | a | city | of | shizura.",the | felkele | museum. | nintendo | bay | cyclopædia | shikoku | shizura | station. | i'll | be | right | back. | seung | jo | a | clean | water | industry. | information | plaza. | i | can't | believe | you're | here. | the | new | japan | probation | society's | clean | water | office. | sunrise | town | japan's | department | of | securities | research. | a | vagabond. | it's | called | the | huelket | museum. | the | felkele | museum. | it's | the | first | time | i've | ever | heard | of | it. | the | port | city | of | nintendo. | kilauati | it's | a | port | town. | i'll | take | care | of | it. | shizura. | i'll | be | right | with | you. | chief | shizuru's | house. | i'm | so | glad | you're | here. | it | was | created | in | march | 2011. | the | tomb | of | the | giants. | all | japan | correspondents | association | clean | water | supplies | tsukiji | nintendo | bay | cyclopædia | (for | fully | formatted | text | aquamarine | hall.,0.0890,53,89,64
tr_img_06510,3,日本槍 | 人形町,japanese | spear | doll | town,japan | bridge | it's | doll | town. | two.,0.6575,1,3,5
tr_img_06511,5,営業時間 | 日祝 | 牛繁,business | time | happy | birthday | to | you! | milky | way,i'll | be | right | back. | (screaming) | exo. | it's | a | seven-wheel | roast. | milky | way,0.4156,2,6,10
tr_img_06512,2,山本,yamamoto,yamamoto,1.0000,1,0,0
tr_img_06513,41,カラオケよさに | 1さん用等) | Oショウビ | Oア | べ | 藤田孝幸 | で | 清佐三男 | VAN火4 | ールルーム | 示 | のの | ズラップ | ダンスアカデミ | スペース | 中古レコードａCD | 高価買取! | まずはご相談下さい | AM11:00PM20:001不定休!,it's | like | a | phalanx. | (laughter) | oshavi | oah. | hey. | takashi | fujida. | so... | i'm | the | third | son | of | the | batak. | van | fire | four. | lun | room. | show | ? | zop | dance | akademi | space | used | record | acd | cost-in-a-life-out! | i'd | like | to | talk | to | you | first. | am11:00pm20:001 | indefinite | rest!,it's | the | largest | in | japan. | she's | a | social | dance | expert. | knujace. | réphys. | 1f | torres. | home | ma'am. | sphires. | cost-in-a-life! | i'd | like | to | talk | to | you | first. | beatlejos. | [infinite | rest] | old | leedo | reyud. | high | buying. | earth | (previously) | it's | expensive. | it's | expensive. | laundry. | # | # | # | # | # | # | it's | just | a | matter | of | time | before | it's | too | late. | dass | and | karaoke | stettsup | love. | la. | bu. | just | you. | dasos | dress. | powder | ah. | regulations | i | don't | know. | general | mm-hmm. | that's | what | i'm | talking | about. | # | # | # | (muttering) | (music) | (music | ends) | (music | ends) | (music | ends) | (music | ends) | deputy | mountain. | takashi | fujida. | i'm | the | third | son | of | the | batak. | ballroom | the | dasos | academy. | reyud.,0.1452,19,24,90
tr_img_06514,6,中央区 | 日本橋人形町二丁目区,central | central | i'm | in | the | second | district | of | japan's | bridged | doll | town.,middle-earth. | it's | the | second | largest | city | in | japan.,0.4875,3,9,5
tr_img_06515,13,快活 | カラオク | コミツク | インターネット | マッシコ | 景6時 | 寄11時,i'm | so | happy. | karaoke | rictuk. | internet | massico. | it's | 6 | o'clock. | 11:00 | p.m.,i'm | so | happy. | it's | just | like | a | fox. | isosaki. | mutsy. | morning | it's | 11 | o'clock. | the | next | morning. | six | o'clock. | power | laoque | no | stops. | claws. | please. | no.,0.4475,5,7,21
tr_img_06516,4,中原区,central | district,middle-earth. | no. | no. | no,0.2083,0,2,4
tr_img_06517,16,月極駐車場 | 口契約者以外の駐車は固く | お断いします | 口当駐車場内 | での事故 | 盗難等の責任は | 切負いかねます | 口騒音等、周りへの迷惑となる行為はおやめ下さい。 | 口無断駐車を発見した場合はレツカ一移動し | 罰金として金3万円申し受けします。 | 連絡先：株式会社ブランシャール | 満車,"the | moon's | top | parking | lot. | it's | hard | to | park | outside | of | a | client's | office. | no, | sir. | in | the | parking | lot. | and | there | was | an | accident. | what's | the | responsibility | for | the | theft? | i'm | afraid | you'll | be | in | debt. | don't | make | noise | or | cause | trouble | around | us. | it's | not | a | car. | it's | a | car. | i | will | accept | 30,000 | yen | as | a | fine. | contact: | brandsharll. | full | car.",it's | full. | the | moon's | top | parking | lot. | i | firmly | forbid | parking | other | than | the | contract. | there | can | be | no | responsibility | for | accident | or | theft | in | this | parking | lot. | don't | do | any | noise | or | trouble | around. | we're | going | to | have | to | find | a | parking | lot. | i | will | accept | 30 | contact: | brandsharll.,0.2335,25,39,25
tr_img_06518,2,水天宮前,akira.,as | you | can | see,0.1538,0,1,4
tr_img_06519,1,,,sempo-sama. | recruitarys. | sempo-sama.,0.0000,0,0,3
tr_img_06520,3,リードは | こちらをご利用ください。 | ネッットョク神ラソ川ウエインス武蔵ソち,where's | reed? | please | take | this. | i'm | going | to | ask | you | to | do | something | about | it.,where's | reed? | please | take | this. | he's | the | god | of | the | netto-yung-yins.,0.6186,5,10,6
tr_img_06521,4,中原区 | 木月 | 8丁目,central | district | tree | moon | eight.,middle-earth. | hust | three.,0.4286,0,5,3
tr_img_06522,5,サニーパレス仙川 | 調布市仙川町8-6-3 | ㈱伊藤企画 | 管理,"the | sony | palace, | sendai. | iseshima | city, | japan, | 8-6-3-3. | -the | ito | project. | manage",iseshima | city | manage | -the | ito | project. | sendai | sen | river,0.5780,5,7,4
tr_img_06523,13,ハンズを育てます | お冬様の声が | 接客応対について、ご意見・ご感想を | お聞かせください。 | いままで以上に | 物をしていただけますよう、 | ご意見・ご感想をお寄せください。 | お客様に気持ちよく、お買い | 東急ハンズは、 | BOXに` | お客様の声」,i'll | raise | hans. | i | can | hear | you | in | winter. | let's | take | a | look | at | the | guest-to-guest. | please | let | me | hear | it. | more | than | ever. | i'm | going | to | ask | you | to | do | something | for | me. | please | give | me | your | opinion. | i'm | sure | you'll | feel | comfortable | buying | your | customers. | (laughter) | i'm | going | to | go | to | box. | your | voice.,(laughter) | i'd | like | to | talk | to | you | about | the | guest-to-guest. | please | let | me | hear | it. | i'm | going | to | raise | hanz. | what | do | you | think? | let's | see | what | you | think. | [guessers | speaking] | # | # | # | what | do | you | think? | please | give | me | your | opinion. | (laughter) | i'm | going | to | show | you | how | to | do | this. | i'd | like | you | to | do | some | shopping. | i'll | try | to | improve | the | service | more | than | ever.,0.0509,30,26,39
tr_img_06524,4,中原区,central | district,middle-earth. | that's | why | i'm | here.,0.2333,0,2,5
tr_img_06525,2,武田,takeda.,water | number | takeda.,0.4516,1,0,2
tr_img_06526,11,清永駅 | 清水テルサ,kunihito | station. | pure | water | tellsa,shizura | station | pure | water | tellsa,0.8571,3,2,2
tr_img_06527,2,タクシーのりは,i'm | going | to | take | a | cab.,tacchi.,0.1951,0,6,1
tr_img_06528,1,ロの島しラャシい,it's | the | island | of | lo.,one | and | two | islands | inside.,0.5231,0,5,5
tr_img_06529,8,ピー&レストラン | カランドリエ | イダルサロン | スチュ | 一ムサロン,pee | and | the | restaurants. | carandier | adalsaron | stu. | i | am | samsaron,i'm | at | the | hotel. | i'm | at | the | hotel. | i'm | sorry | i'll | see | you | tomorrow. | i'm | sorry | the | beauty | room. | sakurai | yusukichi | samsaso | bridal | saloso | kalahari | yuichi | and | lesturaso | the | exit. | the | entrance. | sosso. | i'm | going | to | live. | i'll | see | you | tomorrow.,0.0652,2,8,39
tr_img_06530,25,1年防忠 | 無臭 | でよく効く | 衣類防虫 | タンスに | ダミよは! | (井出願中) | クロ一ゼツト川 | 防カビ剤配合 | 新開発 | スリムタイプ | おり | 防虫効果2O％UP! | X当社比 | オプンエッジ構造 | 隅々まで早く広がる! | おとリかえサイン付 | 3酒入 | 他の防虫剤とも併用できます | (大型クローゼット1本分) | マイラストは | イメージア,"it's | been | a | year. | i | don't | smell | it. | and | it | works. | a | clothing | bug. | to | tans. | how | about | you, | dami? | i'm | on | my | way. | black | zeit | vacuum | mix. | new | development | slim | type | ha. | insectproof | effect | 2o%up! | x | ratio | opun | edge | structure | it's | going | to | spread | to | every | corner | fast! | you're | gonna | have | to | sign | your | name | again. | three | bottles. | it | can | also | be | combined | with | other | pesticides. | one | big | closet. | (laughter) | imagea",the | bugs | on | your | clothes. | don't | you | dare! | (panting | patents) | i | don't | smell | it. | and | it | works. | it's | been | a | year. | mt. | to | tans. | gorden. | it's | for | clozes. | vacuum | mix. | to. | two. | new | development | slim | type | it | can | also | be | combined | with | other | anti-ventilants. | the | illustration | is | an | image. | i'll | take | care | of | it. | alternate | insectproof | effect | 20%up! | it's | going | to | spread | to | every | corner | fast! | open | edge | structure | it's | our | ratio. | signed | again. | indent | one | big | closet.,0.2218,44,28,34
tr_img_06531,2,大売由,i'll | sell | it | to | you.,i'll | see | you | in | a | minute. | i | don't | know | what | you're | talking | about. | it's | on | the | air!,0.2254,1,4,16
tr_img_06532,2,光天宮,akira.,inomiya.,0.4286,0,1,1
tr_img_06533,3,大橋龍治 | 井手）愛子 | 園田,great | britain | seiko. | akita.,the | great | bridge | dragon | king. | -yes. | aiko. | akita. | toto.,0.5825,2,2,7
tr_img_06534,7,丸の内線西新宿駅,it's | a | round | train | station.,it's | a | round | train | station.,1.0000,5,0,0
tr_img_06535,8,時間貸 | バイク | 高さ制限2.1M,i'll | lend | you | time. | bike. | height | limit | 2.1 | meters,height | limit | i'll | lend | you | time. | bike.,0.5739,7,2,0
tr_img_06536,11,優れた明暗表現カ＆臨場感サウンド | リビングが | 照明などの映り込みを抑え | 皇めきや金属の輝きも | サウンドに包まれる | 締まった黒を表現 | リアルに再現 | メガコントラスト＆直下型LＥD | 「S0und 6yOnkvoはオンキョー株式会社の受ス西飛です,"good | light | and | darkness | the | living | room. | and | that's | what | we're | going | to | do. | the | glory | of | the | thrones | and | the | luster | of | metal. | it's | wrapped | up | in | the | sound. | expression | of | closed | black | realize. | mega | contrast | & | & | lower | optic | ""s0und | 6yonkvo.",excellent | light | and | dark | expression. | impeccable | sensory | lie. | that's | the | registration | mark | of | the | onki | stock | company. | i'm | wrapped | up | in | a | lie. | the | living | room. | directly | lower | optic | mega | contrast | expression | of | closed | black | it's | not | going | to | work. | it's | not | going | to | work. | it's | not | going | to | work. | it's | not | going | to | work. | realize. | ♪ | and | the | glow | of | the | tingles | and | the | glow | of | the | metal | ♪,0.1330,29,14,41
tr_img_06537,5,北海道テクノ | サービス(株) | 式者,hokkaido | techno | (singing) | it's | called | the | formula.,he's | a | warrior. | decontamination. | hokkaido | techno | (samevis | stock) | expires,0.3867,2,5,7
tr_img_06538,23,中島新聞舗 | 岡新田 | 目利工業新園 | 乗車位置 | 2両(6(7 | 3両 | 一部列車を除く | 4両47 | 5両 | 6両 | 旦 | 8両 | 9両 | 待急ふじか | 3両 | 6両16 | 足元の数字を | お確かめください | 清水駅 | ロ小,"nakashima | newspaper | page. | okada. | i'm | going | to | take | a | look | at | this. | getting | in | position. | two, | six, | seven. | three. | except | for | some | of | the | trains. | four, | forty-seven. | five. | six. | now. | eight. | nine. | you're | waiting | for | me. | three. | six | twos | and | sixteen. | i'll | give | you | the | numbers | at | your | feet. | please | check | it | out. | shizura | station | loki.",cycling | position. | two. | three. | four. | five. | six. | seven. | eight. | nine. | except | for | some | of | the | trains. | i'm | sorry | three. | home | liner | six. | i'll | give | you | the | numbers | at | your | feet. | please | check | it | out. | shizura | station | nakashima | news | i'm | sorry | it's | a | newspaper. | cedade | skills | it's | a | daily | industrial | newspaper.,0.0433,31,25,19
tr_img_06539,9,八王子 | 府中 | 吉祥寺 | スクーン | 別,prince | eight. | i'm | in | the | middle | of | something. | yoshimi. | scoon. | no.,prince | eight. | i'm | in | the | middle | of | something. | yoshimi. | i'll | teach | you | how | to | do | it. | skull | i'm | at | sendai | station.,0.7004,9,2,12
tr_img_06540,8,大鳥 | 新大橋 | 清川橋 | 川橋通の,the | big | bird | new | great | bridge | shiragawa | bridge | to | the | river | bridge.,oshima | the | giant | powder | takahashi. | i'm | going | to | take | you | through | takahashi.,0.4194,2,10,10
tr_img_06541,2,鉄板居酒屋 | にしよつ,iron-leaf | liquor | store. | i'm | sorry.,iron-leaf | liquor | store. | oh,0.8378,3,2,1
tr_img_06542,4,学校法久札幌慈売学園 | 札幌第一幼稚園 | 札幌新陽高祭 | 札幌商科専,"the | school's | first | law, | the | p.d.'s. | it's | the | first | kindergarten | in | tokyo. | the | new | year's | eve | festival. | i'm | from | the | department | of | the | trading | department.",it's | all | right. | it's | all | right. | mm-hmm. | the | kindergarten | bus. | the | school's | lawman | it's | the | first | kindergarten | in | tokyo. | takashi | high | school. | it's | a | trade | school. | it's | a | trade | school. | the | kindergarten | bus. | nirvana | 200 | huh. | 14th | west. | 15th | west.,0.1034,10,15,30
tr_img_06543,11,Ｒ全線きつぷうりば | 自動き | 今 | 自動きつぷうり,"if | you | don't | mind, | i'll | be | right | behind | you. | auto | now. | auto | stuttering",auto | # | # | # | # | # | # | # | # | # | it's | from | the | shinkansen | line. | auto-flying,0.4021,1,12,15
tr_img_06544,4,豊平区 | 中の島1条3丁目1 | なか | しま,fabian | districts | it's | on | the | island. | it's | on | the | island. | i | don't | know. | shoe.,george | one | of | the | islands. | three | of | the | islands. | i | don't | know. | shoe.,0.7629,6,8,7
tr_img_06545,0,,,three | o'clock | station.,0.0000,0,0,3
tr_img_06546,16,営業時間のご案内 | 新車販 | サニビス受付 | 緊急連絡先のご案内 | フォルクスワーゲンカスタマーセンター | (フリーフォン) | JAFロードサービス,business | time | guide | new | car. | sanibis | receptionist. | i'll | give | you | an | emergency | contact. | volkswagen | customer | center | (freephone) | jaf | road | service,business | time | guide | i'm | selling | new | cars. | service | recipe | i'll | give | you | an | emergency | contact. | volkswagen | customer | center | (freephone),0.8242,15,5,4
tr_img_06547,3,清水区,guayry,purchase | it's | 1st | and | 2nd.,0.1000,0,1,5
tr_img_06548,1,南3西丁丁ミ三,south | 3rd | and | south | 3rd.,south | 13th | and | west | 7th | and | 1st. | central | central | water. | the | way | we | can't | stop | it. | # | # | #,0.3355,2,3,17
tr_img_06549,10,ギャラリー青蘭 | 古物商青蘭 | 北海道公安委員会 | 許司第559号 | 美術品 | 交通事故 | 仕事での | 労保険,"gallery | blue | orchids | ancient | blue | orchids | the | homeland | security | committee | in | hokkaido. | forgive | me, | 559. | art. | traffic | accident. | for | work. | work | insurance.",gallery | blue | orchids | it's | an | old | blue | orchid. | (music) | the | homeland | security | committee | in | hokkaido. | permissions | number | 559. | traffic | accident. | injury. | imprisonment | insurance. | for | work. | i'm | hurt. | i'm | sorry. | i'm | sorry.,0.6368,16,6,15
tr_img_06550,2,水重町丁巨,it's | huge.,it's | the | 7th | and | the | 7th.,0.4255,1,1,5
tr_img_06551,0,,,it's | a | citadel.,0.0000,0,0,3
tr_img_06552,5,3ドア乗車口 | 平日の | 0時00分 | 初電午前 | は座席のご利用ができません,it's | a | three-door | stop. | on | a | weekday. | 00 | p.m. | first | electric | morning | i | can't | afford | a | seat.,it's | a | six-door | stop. | on | a | weekday. | first | train | to | 10:00 | a.m. | i | can't | afford | a | seat.,0.7950,12,5,5
tr_img_06553,3,秋田美酒 | ほ元系,akita | yui. | it's | the | original | system.,the | beauty | room. | immaculate | ramen's | pleasure. | it's | from | hokkaido. | akita | rei. | fukuoka. | prosperity | %1 | pu-daed | kindua | kindua | pong-hoo.,0.2749,3,3,15
tr_img_06554,37,3/5ａで | 3/5ąで | 迎光臨 | 0人 | 免税 | 大決算 | ブランドフレーム | レンズ | 開催中! | 西島隆弘,so | let's | divide | both | sides | of | this | equation | by | 5a. | so | let's | do | that. | approximate | zero. | tax-free. | big | calculator | brand | frame | lens | it's | happening! | kisaki | nishishima.,accounting | sales | until | three-and-a-half | days. | # | # | # | # | # | # | until | three-and-a-half | days. | explosive | sales | it's | happening! | # | # | # | # | # | # | # | # | # | # | # | # | big | calculator | sales | it's | happening! | brassoid | frame | all | of | them. | maximum | all | of | them. | maximum | lens | glasses | accessory | # | # | # | it's | a | flash | of | light. | i | don't | know | what | you're | talking | about. | # | # | # | # | # | # | no | kiyoshi | nishishima. | # | # | #,0.1589,8,18,67
tr_img_06555,0,,,george | come | on. | come | on. | no,0.0000,0,0,6
tr_img_06556,35,ずおかけんちよう | 静岡県庁 | 静図具庁 | しずおかしやくしよ | 静岡市役所 | 静図市役所 | 人天堂外人 | あよいくゃくしよ | 葵区役所 | 葵区役所 | すんぷじょうこうえん | 図真男 | 駿府城公園 | 洞 | 府城公園 | 金平丞 | しんしずおかえき。ばすた一みなる | 新静岡駅・バスターミナル | 印印目 | 新静図站汽準冬点站 | 聞人,let's | go | to | bed. | shizuoka | prefecture | the | sistemics | agency. | i | don't | know | what's | going | on. | shizuoka | city | hall. | the | city | hall. | out | of | the | world. | i | don't | know | what | to | do. | zheng-ge's | office. | zheng-ge's | office. | i | can't | believe | this | is | happening. | the | true | man. | tsukoku | park. | cave | cygnus | park. | kingo. | i'm | so | sorry. | i'm | so | sorry. | i'm | so | sorry. | shinaoka | station | bus | terminal. | marked | it's | the | winter | spot. | listeners,i'm | going | to | sit | down. | shizuoka | prefecture | i'll | be | right | behind | you. | come | on | shizuoka | city | hall. | # | # | # | tsukoku | park. | it's... | it's... | it's... | it's... | it's... | it's... | it's... | it's... | it's... | it's... | it's... | it's... | it's... | it's... | it's... | it's... | it's... | it's... | it's... | it's... | it's... | it's... | it's... | it's... | it's... | it's... | it's... | it's... | it's... | it's... | it's... | it's... | shinaoka | station. | basta-minal | shinji | shizuoka.,0.1079,11,58,48
tr_img_06557,8,祥不出害。 | なので | でまませんo,innovation. | i'm | sorry. | do | not | remain,no | goods | (sanpole) | it's | for | sale. | i | can't.,0.2745,0,6,8
tr_img_06558,7,クポタ | おもちゃの | アララモデル | 売つてます!,coopta. | toy. | ara-ray | model. | they're | selling | it!,platform | oh | they're | selling | it! | from | shizuoka. | number | one. | collection | plamosal. | aska | model | toy. | kubota | pla. | lu.,0.3069,4,3,13
tr_img_06559,5,駐車を雨遠雨下さい | 株 | 新大商店 | の,i'd | like | to | see | you | park | in | the | rain. | stocks | the | new | big | store. | .,it's | not | our | business. | please | don't | park. | so | let's | say | i | have | a | stock. | the | new | six-quarters | store.,0.5689,3,12,15
tr_img_06560,5,男 | は | ナンミ,a | man. | huh. | nanmi.,male. | fashion. | a | monthly | magazine. | cooking | a | monthly | magazine. | craft | culture | it's | a | magazine. | (laughter) | i'm | going | to | tell | you | a | little | bit | about | this. | (cheering | monthly) | (laughter) | (music) | (music | ends) | (music | ends) | (creation | diet | monthly) | money. | setal | electrical | electricity | (information | monthly) | a | monthly | magazine. | sports | country | drama | that's | a | laugh. | you're | a | geisha. | kinetic | sports | a | book. | no | (singing) | (laughter) | a | car. | a | motorcycle. | oh.,0.0000,1,3,65
tr_img_06561,16,"コミー052 | タンダード(20グ | デラックス3,05250円 | 日視日3800円 | サービスタイム | 1部 | 宿泊 | 7100円 | 月木日 | (金)田 | 20時)22時10時","kommy | 052 | tungard. | 20 | grams. | dellax | 3, | 05250 | yen. | daylights, | $3,800. | service | time | parts | a | place | to | stay. | 7100 | yen. | moons | -data. | it's | 20 | o'clock, | 22 | o'clock, | 10 | o'clock.",it's | friday. | eureka. | soda. | dellats. | 2 | 2 | 5 | 3.800 | yen. | 3 | 7 | worker | yunichi | it's | saturday. | it's | sunday. | it's | sunday. | sa | onebis | aym. | parts | two. | a | place | to | stay. | it's | friday. | it's | saturday. | it's | sunday. | it's | sunday. | sunday | saturday | 1000 | yen | the | moon | and | the | tree. | -saturday. | it's | two | o'clock | it's | between | 20 | and | 12 | o'clock. | it's | 12 | to | 20 | o'clock. | it's | 12:00 | it's | between | 6:00 | and | 16 | o'clock. | it's | between | 6:00 | and | 19 | p.m.,0.0102,10,19,65
tr_img_06562,1,バイク,bike.,bike. | (less | than | 400cc),0.2941,1,0,3
tr_img_06563,11,元住吉 | 元住吉 | Y8ルマ百古 | 日吉 | もとすみよし | 武蔵小杉,hikichi. | hikichi. | y8-rumachian. | yoshikichi. | it's | okay. | kaji | koko.,hikichi. | hikichi. | kaji | koko. | it's | okay. | it's | okay. | yoshikichi.,0.7134,7,1,2
tr_img_06564,6,"握り７貫、茶瑤蒸しかに汁代 | 1,580円 | 元祖 | 全て税抜価格です。別途、消老 | お","he's | got | seven | fists. | he's | got | a | cup | of | tea. | 1,580 | yen. | original | it's | all | tax-deprived | prices. | oh.",original | circle | it's | all | tax-deprived. | on | the | other | hand | # | # | # | watch | out. | i'll | be | right | back. | i'll | be | right | back. | i'll | be | right | back. | i'm | going | to | get | you | what | you | like! | it's | seven | through | the | collar. | i'm | going | to | have | a | cup | of | tea. | oh | # | # | #,0.1226,8,10,43
tr_img_06565,4,,,multi-topics | laundry. | japan | i'm | a | member | of | the | mesoba | group. | introducing | japan | double. | paice | # | # | # | kazou | alpou | some | kind | of | cazoyu | alpents.,0.0000,0,0,24
tr_img_06566,6,すてしや | 上天井弁当 | 天井弁当 | 463円(500円) | 621円(670円),i | don't | know. | top | ceiling | valve. | the | ceiling | valve. | (laughter) | 621 | yen. | 670 | yen.,top | ceiling | valve. | incidentally | taxed | (laughter) | i'll | be | right | back. | i'll | be | right | back. | incident | of | the | tax.,0.4819,5,9,13
tr_img_06567,1,,,bank | of | tokyo | ufj.,0.0000,0,0,4
tr_img_06568,9,00:イW4 | テレビ付! | 元俗中 | 観 | ATV紋喫中! | で宣会最大150名様,"iw4 | tv! | exhibiting | look. | i'm | having | an | a-tv | show! | and | we're | up | to | 150, | sir.",it's | for | kyushu. | the | scarecrow. | drink. | the | floor | is | fully | heated. | i | don't | know | what | i'm | talking | about. | the | maximum | number | of | banquets. | we're | here. | the | tv | room. | we're | in | position! | that's | it! | sweets. | watch | the | game. | i'll | be | right | back. | it's | on | the | air! | you | have | to | make | an | appointment | early! | it's | a | shop. | tel: | it's | a | feast | of | up | to | 150.,0.1355,5,10,58
tr_img_06569,1,お願い,please.,please. | i'm | sorry | there's | a | lot | of | things | you | can | do | about | it. | please | don't | do | this. | # | # | #,0.1037,1,0,19
tr_img_06570,3,人形町通り,dolltown | street.,go | to | dolltown.,0.4865,0,2,3
tr_img_06571,0,,,# | # | #,0.0000,0,0,3
tr_img_06572,17,清水駅 | 三保 | 沼津 | 清水港 | 興津 | ののまえ,shizura | station | three. | numazu | guayry | bay | i'll | be | right | back. | before.,shizura | station | numazu | i'll | be | right | back. | i'll | be | right | back. | three. | guayry | bay | i'm | going | to | have | to | do | something | about | it. | the | heart. | days,0.4460,10,1,16
tr_img_06573,11,株式 | 会社 | 販売・ | 車検 | 修理 | 中部運輸局指 | 株式会社,stocks. | company | sales... | car | test. | fixed | central | transit | station | it's | a | stock | company.,stocks. | company | acetic | holmes. | it's | a | stock | company. | the | car | company. | sales | car | test. | fixed | central | transit | station,0.5946,12,1,6
tr_img_06574,11,明治座 | 都営浜町駅 | 兵町運動公園,meiji. | beach | town | station. | we're | at | the | war | town | sports | park.,meiji. | beach | town | station. | beach | town | sports | park.,0.8552,7,4,1
tr_img_06575,2,五丁目,five.,the | lawn. | five.,0.4167,1,0,2
tr_img_06576,1,段差注意,watch | your | step.,watch | your | step.,1.0000,3,0,0
tr_img_06577,1,,,north | river,0.0000,0,0,2
tr_img_06578,4,ここは日本橋 | LI琶印人 | 日本橋,this | is | the | japanese | bridge. | the | marker. | japan | bridge,where | are | we? | japan | bridge | seung | jo,0.4828,2,7,5
tr_img_06579,9,静岡北物 | 枚 | 黒はしべん | は | 円 | 火説き・フライ | 大受えびかさろ,shizuoka | north. | cards | the | black | one's | in | labor. | huh. | circle | firefly. | you're | gonna | have | to | do | it.,shizuoka | land | one | black | dick | circle | (breathing | free) | i'll | get | the | cherry. | i'll | get | the | cherry. | i'll | give | you | $480.,0.4000,4,13,16
tr_img_06580,11,中央区 | 南4条西1丁目2 | ロ,central | central | south | 4th | and | west | 1nd | and | 2nd. | lo.,central | central | 14th | and | south. | number | two. | kindua,0.6015,3,7,5
tr_img_06581,3,日本橋 | 人形町,japan | bridge | doll | town,japan | bridge | it's | doll | town. | one.,0.7887,3,1,3
tr_img_06582,2,中の島1条3丁目,it's | on | the | island. | it's | on | the | island | number | three.,it's | island | number | three | inside.,0.5636,3,7,2
tr_img_06583,11,庵 原 | 藤枝 | 清水駅 | 静清BP,i'll | take | care | of | it. | fuji. | shizura | station | clear | bp,igahara. | fuji. | clear | bp | shizura | station,0.5546,5,5,1
tr_img_06584,3,日本橋 | 人形町 | ミ丁目,japan | bridge | doll | town | mitothal,japan | bridge | it's | doll | town. | three.,0.7857,3,2,3
tr_img_06585,18,スリンデング不キパーて | メシンペンスペークソンクワン | モンテススパークリクエソシル | レイクデレル | ブリユットブレミエ | アレマチラ | (イクリア) | モytス | マラボラス,slyndong's | inoperable. | mesinspokesomkwan. | montespark | asks | sosil | lake | dreel. | briit | bremier | aremira. | (i'm | clear.) | moyts | marabolas.,"a | pre-school | shop. | sung-dong | barrel. | it's | called | ""sympanse | park | one."" | rastani. | montes | luío | de | la | luo | de | la | villeucuitpumie | white | wine. | belavinita | alma | - | tesla | (italy) | red | wine. | the | montesula | (chuckles) | masbolas. | (screaming)",0.0181,0,15,33
tr_img_06586,4,中原区 | 木月 | 2丁目,central | district | tree | moon | two.,middle-earth. | tree | moon | two.,0.6301,3,2,1
tr_img_06587,7,より | 住跨中,"no, | no, | no, | no, | no, | no, | no, | no, | no, | no, | no, | no, | no, | no, | no, | no, | no, | no, | no, | no. | i'm | in | the | middle | of | something.","raven | fish. | knife. | burn | fish. | gorillas | pig. | tri. | special | spar-lib | 2) | no | no | no | 5:00 | p.m. | rast | order. | 10:00. | ""sunday."" | # | # | # | taxing | out. | sea-hydrated | soybets | processing | to | mr. | birdfish. | i'll | be | right | back. | # | # | # | # | # | # | # | # | #",0.0256,0,26,44
tr_img_06588,7,東京メト口 | 日本橋駅,tokyo | meto. | japan | bridge | station,tokyo | metro | japan | bridge | station,0.9750,4,1,1
tr_img_06589,2,東京都星田区山国22一2 | 昭界山の3年,"japan, | japan, | japan, | japan, | japan, | japan, | japan, | japan, | japan, | japan, | japan, | three | years | of | showa | mountain.",south | of | rai | indoda | districts | showa | '63. | he's | a | farmer | in | april.,0.1973,2,14,10
tr_img_06590,7,ここは | 中西 | 北電興業(株)及い,where | are | we? | nakanishi. | (laughter),southwest | where | are | we? | the | rain | mass | display | board. | simplify | he's | been | treated.,0.4354,3,2,10
tr_img_06591,6,昼飲み | 朝飲リ | 大歓迎! | 500円,i'm | gonna | have | a | lunch. | i'll | drink | in | the | morning. | welcome! | 500 | yen.,i'm | gonna | have | a | lunch. | drinks | in | the | morning. | welcome! | we're | having | lunch!,0.8272,9,4,4
tr_img_06592,9,白洋舎元住吉店 | 営業時間 | 水曜日・第三木曜日 | 休日,"i'll | be | back | in | a | minute. | business | time | wednesday, | third | thursday. | holidays",i'll | be | back | in | a | minute. | business | time | the | holidays. | wednesday | wednesday | three | thursdays.,0.7793,8,4,6
tr_img_06593,7,追力の | 重低音 | USB接続 | 高出力20℃h,the | force | of | the | chase. | heavy | low | usb | connections | high | output | 20°ch,a | powerful | force. | heavy | low | high | output | 2.0ch | usb | connections,0.5238,6,6,4
tr_img_06594,9,ばんん | ク一トロ一シ申込後 | 貸店鯖 | 名動産 | エビント | の約5分 | 店 | 店,"phil | after | kunihito's | application, | a | rent-a-doodle. | real | estate | slynt. | about | five | minutes. | it's | a | shop. | it's | a | shop.",i | can't | wait | to | see | you | again. | it's | a | shop. | it's | a | shop. | the | gold. | a | rental | store. | the | real | estate | of | tohoku's | estate. | the | kudoroso | application | machine. | about | five | minutes. | mobitut | timed | (time | for | your | application) | so... | bi,0.0356,12,6,27
tr_img_06595,3,ブリリアン1 | 山慶大前,brienne | one. | omodaka | yamanaka,briria | soo-santa. | i'm | sorry,0.5000,0,4,4
tr_img_06596,5,中原区,central | district,middle-earth. | that's | the | fourth | of | january.,0.2535,0,2,6
tr_img_06597,7,中央区,central | central,central | central | it's | one | of | japan's | most | famous | dolls. | japan | bridge | it's | doll | town. | one.,0.2556,2,0,13
tr_img_06598,2,16台 | 式城石井群軍場種,16 | cars. | it's | called | the | shang | ishii | army.,ishii | ishii | 16 | cars.,0.4146,3,5,1
tr_img_06599,4,日本橋 | 人形町 | 一丁目,japan | bridge | doll | town | one.,japan | bridge | it's | doll | town. | - | nice | and | easy.,0.7083,3,2,6
tr_img_06600,7,肉ゃ魚を急速に冷やして | 鮮度長持ち! | 整理しやすい!２段チルド | 除菌脱臭 | おいしさ | ープ!,the | meat | is | so | cold. | it's | so | cold. | it'll | last | forever! | it's | easy | to | clean | up! | decontamination | it's | delicious. | pop!,it's | a | fast | cooling | of | meat | and | fish. | it'll | last | forever! | it's | easy | to | clean | up! | the | test | results | have | been | tested | to | determine | the | changes | made | after | driving | yichit | no | if | you | don't | hey | keep! | (imagets),0.3106,11,9,26
tr_img_06601,1,てービつかえます,i'm | a | little | freaked | out.,,0.0000,0,5,0
tr_img_06602,6,清水区 | 富士見町 | み | ちよら | 寸,guayry | it's | a | town | called | tokui. | m-h-o-o-n. | come | on. | snippets,purchase | it's | crazy. | 4th | street | of | shikoku.,0.4627,1,9,6
tr_img_06603,3,藤森茂樹,fujimori | morimori.,mr. | fujimori.,0.5143,0,2,2
tr_img_06604,11,藤枝 | 東静岡駅 | 浜松 | 静清B.P | この先200ｍ,fuji. | shizuoka | station. | sakura | matsu | clear | b.p. | 200 | meters | from | here.,fuji. | shizuoka | station. | sakura | matsu | clear | b.p.,0.7973,7,4,0
tr_img_06605,2,食,food.,food. | gurmme | street. | in | front | of | shizura | station.,0.1471,1,0,7
tr_img_06606,4,医療法人 | 社団 | おおしま転科,"i'm | a | medical | doctor. | the | company. | oh, | my | god.",i'm | a | medical | doctor. | the | company. | oh,0.8829,6,3,1
tr_img_06607,1,東ロバニウビル,east | robertyville,it's | called | the | east | day.,0.3077,1,1,4
tr_img_06608,0,,,friday | holidays.,0.0000,0,0,2
tr_img_06609,2,南13条西6丁目,south | 13th | and | west | 6th.,south | 13th | and | west | 6th.,1.0000,5,0,0
tr_img_06610,20,観光案内所 | 京王 | ねニのて…カウンター,a | tourist | tour. | king | kyung. | the | counter.,it's | a | tourist | tour. | (for | fully | formatted | text | king | kyung. | hey | counter,0.6944,5,2,7
tr_img_06611,4,日本橋 | 人形町 | 一丁目,japan | bridge | doll | town | one.,japan | bridge | it's | doll | town. | one.,0.8974,4,1,2
tr_img_06612,1,芝イビル,the | lawn | building.,kogaville.,0.2500,0,3,1
tr_img_06613,13,英会舌都安室 | レッスソ時ビ) | の44 | つ,it's | a | quiet | place. | it's | a | quiet | place. | (sobbing) | 44 | of | 'em. | 1,english | spoken | class. | let's | go | to | reyama's | time. | moon | earth | pow! | lena,0.3729,0,13,12
tr_img_06614,3,港区 | 慶大正門前,port | area | i'll | be | right | there.,port | area | i'll | take | care | of | it.,0.7470,3,3,4
tr_img_06615,4,中原区 | 木月 | 2丁目,central | district | tree | moon | two.,middle-earth. | tree | moon | two.,0.6301,3,2,1
tr_img_06616,2,きよ | 信託世じめ判た,i'm | here. | i | know | what | trust | is.,today. | i'm | starting | to | trust | you.,0.5349,2,5,4
tr_img_06617,2,関東近交部 | TDR-東京,kanto | intervention | tdr-city,kanto | kondo | tdr | tokyo,0.6207,1,2,3
tr_img_06618,39,"夕イムズ南13西5 | 月金曜 | 土日祝 | 当日24時まで | 当日24時まで | 成大料金 | 100円 | 1,000円 | 基本粉金 | 60分 | 200円 | 300円 | ×2千円5千円 | 1万円札使用できます。 | 駐車券の紛失にはくれくれもご注意下さい。紛失された場合は当社規定の駐車料金をいただきます | 入場の方法 | 駐車券発行機の前で | 停車して下さい。 | ボタンを押して | 駐車券をお取り | 下さい。 | ゲートが開き | 入場できます。 | 0に | ネツトなどに近つけないで下さい | 詳車券の紛笑についで | 切責任を負いませんて | 当は | トラブルの際は、緊急電話にてご連絡下さい、ご4時間係員が対応します。 | ご不明点はこちらまでご連絡下さい。 | タイムズサ | ービス株武会社 | でで","it's | 13th | west | 5th | south | of | iyms. | monday. | happy | birthday | to | you! | until | 24 | p.m. | until | 24 | p.m. | a | grand | charge. | 100 | yen | 1,000 | yen. | basic | powdered | gold | 60 | minutes. | 200 | yen. | 300 | yen. | x2000 | yen | 5,000 | yen. | you | can | use | 10,000 | yen | bills. | please | be | careful | if | you | lose | your | parking | ticket. | if | you | lose | it, | you'll | have | our | standard | parking | charge. | how | to | enter | it's | in | front | of | a | parking | pad. | please | stop. | press | the | button. | take | your | parking | tickets. | please. | the | gate's | open. | you | can | enter. | zero. | don't | get | too | close | to | netto. | (laughter) | i | don't | take | responsibility | for | this. | i'm | sorry. | in | case | of | trouble, | please | contact | the | emergency | phone, | and | your | four-hour | staff | will | take | care | of | it. | please | let | us | know | what | you're | missing. | and | timesa. | - | biss | stock | company. | okay.",south | times | it's | friday. | earth | days | a | celebration. | maximum | charge. | until | 24 | p.m. | circle | until | 24 | p.m. | circle | basic | charge. | min | circle | min | circle | two | thousand | yen. | five | thousand | yen. | you | can | use | 10 | # | # | # | please | be | careful | if | you | lose | your | parking | ticket. | if | it's | missing | introducing | methods | the | gate's | open. | you | can | enter. | parking | tickets. | don't | go | near | a | parking | ticket | or | a | magnetic | cell | phone | magnet. | it's | possible | that | you | can't | run | out | of | inventory | and | inventory. | we | are | not | responsible | for | the | loss | of | our | parking | tickets. | when | you're | in | trouble | please | contact | me | on | the | emergency | phone. | the | 24-hour | clerk | will | take | care | of | it. | please | let | us | know | what | you | don't | know. | it's | a | times | service | company.,0.0788,65,72,60
tr_img_06619,4,電源回線異常 | 取消 | 確認,the | power | line's | out | of | order. | discard | confirm,ijoo. | power | trunk | abnormal. | discard | confirm,0.6726,3,5,3
tr_img_06620,7,テナント | 朝集 | 8例11,"tenant | morning | booking | eight, | eleven.",tenant | let's | focus.,0.4118,1,4,2
tr_img_06621,43,あなたの声かけ」が | しゃない | 駅や車内を快適にする | 声をかけるという思いやり | それが、困っている方のサポートにない | `心地よい駅や車内づくりにもつながります | あなたの声かけ」を | 、必要としている人がいます | 「何かお因いですか」 | 音導犬を連れた方、 | 止まつてください!」 | 車いすをこ利用のお客さまには | お声かけ自体がサポートです | 危険を感じたらす | ぐ呼びかけを | 安心につながるサポートを | 優先席を必要とされている | お国りの外国人には | お国リの方にはひと声を | お客さまにはとうそ山のひと言を。 | 」のひと声を | 急いやリのｌ声かけ」が、誰かのサポートになる。 | 声かけ・サポートコ運動、はじめています。 | 東目本旅客鉄道株式会社 | 東武鉄道株式会社 | 西武鉄道株式会社 | 京成配鉄株式会社 | 京王聖鉄株式会社 | 小田急電鉄株式会社 | 東京急行配鉄株式会社 | 京浜急行電鉄株式会社 | 東京地下鉄株式会社 | 相模鉄道株式会社 | 新京成電鉄株式会社 | 東京都交通局 | ル株式会社 | 東京モレ | 一般社団法人 | 日本民営鉄道協会 | 後授：国土交通省,"your | voice. | i | don't | like | it. | i'll | make | the | station | comfortable. | i'll | make | the | car | comfortable. | the | compassion | of | speaking | up. | that's | not | how | you | support | the | people | in | trouble. | it's | a | nice | place | to | be. | it's | a | nice | place | to | be. | it's | a | nice | place | to | be. | your | voice. | (laughter) | is | there | something | wrong | with | you? | (laughter) | stop! | i'm | going | to | show | you | how | to | use | a | wheelchair. | it's | the | voice | itself. | it's | the | support. | if | you | feel | that | you're | in | danger. | call | it | in. | i'm | going | to | give | you | the | support | you | need | to | make | sure | you're | safe. | they're | gonna | need | a | priority. | i'm | not | a | foreigner | in | your | country. | i've | got | a | voice | for | you. | i'd | like | to | say | a | few | words | to | the | guests. | one | voice. | ""i'm | going | to | have | to | make | some | noise."" | it's | going | to | support | someone. | we're | starting | with | the | voice | support | movement. | east | coast | railroad | company. | east | railroad | company. | west | railroad | company. | the | tokyo | iron | company. | the | king's | st. | iron | company. | koda | s.e.i.e.l.d. | tokyo | express | iron | company. | tokyo | beach | express | electric | iron | company. | tokyo | subway | company. | i'm | talking | about | a | company | called | the | sabrid | railroad | company. | new | tokyo | electric | iron | company. | tokyo | city | traffic | administration. | it's | a | stock | company. | tokyo | mole | company | lawman. | the | japanese | civil | railway | association. | (applause)","(laughter) | make | the | station | and | the | car | comfortable. | no | come | on. | oh | the | compassion | of | speaking | up. | that's | why | people | are | in | trouble | there's | someone | in | need | of | your | voice. | the | ""singing"" | of | your | mind | and | of | your | heart | is | someone | else's | excuse. | i'm | going | to | start | the | ""singing | and | sweat"" | exercise. | east | japanese | traveler | railroad | company. | tokyo | express | electric | company. | east | railroad | company. | west | railroad | company. | tokyo | beach | express | electric | iron | company. | tokyo | subway | company. | it's | a | double-railer | company. | new | tokyo | electric | iron | company. | tokyo | electric | iron | company. | kyon | king's | electric | company. | koda | s.e.i.e.l.d. | tokyo | monolith | company. | general | c.i.a. | the | japanese | civil | railway | association. | (applause) | tokyo | city | traffic | administration. | can | i | help | you? | your | voice | is | the | best | you | can | do. | come | on | in. | are | you | okay? | if | you're | in | trouble | they're | gonna | need | a | priority. | say | ""please"" | to | the | guests. | (laughter) | one | voice | at | a | time. | ""take | the | blind | guide | dog | call | me | as | soon | as | you | sense | danger. | (laughter) | i'm | sure | you'll | find | a | way | to | make | it | safe. | oh | who? | mm-hmm.",0.1092,109,108,66
tr_img_06622,2,入口,the | entrance.,the | entrance.,1.0000,2,0,0
tr_img_06623,1,ココヘス,koshers.,i'm | coming | in.,0.1538,0,1,3
tr_img_06624,6,ダイエット | 本型維持 | 運動不足等 | お気軽に二相談 | 下さい。 | 予約優先,diet | keep | main | type | i | don't | know. | i | don't | have | enough | exercise. | it's | nice | to | talk | to | you. | please. | appointment | priority,ditto | i'm | gonna | keep | him | in | shape. | i | don't | know. | i | don't | have | enough | exercise. | don't | worry | about | it. | please. | appointment | priority,0.8024,12,9,10
tr_img_06625,0,,,i'll | take | care | of | you. | # | # | #,0.0000,0,0,8
tr_img_06626,6,アトレ秋葉鹿3 | し | 喫煙席 | WAしH,attre | autumn | deer | three. | shh. | smoking. | wah,atre | akira | two. | smoking. | yes,0.6222,1,6,4
tr_img_06627,5,"8km以下 | 高さ制限2,1M","less | than | five | kilometers. | height | limit, | two, | one | meters.",less | than | five | kilometers. | one-way | street.,0.7040,4,5,2
tr_img_06628,6,幌平橋 | 中の島 | 次は中島公園,"akira | bridge | the | island | inside. | next | stop, | nakashima | park.",fukui | bridge | (laughter) | nakashima | park. | the | island | inside.,0.4932,6,3,2
tr_img_06629,7,浜松 | 藤枝,sakura | matsu | fuji.,sakura | matsu | fuji.,1.0000,3,0,0
tr_img_06630,3,当店の精米は | 国産来を | 更用してます,we're | looking | for | gravy | rice. | i'm | coming | to | see | you. | i'm | taking | it.,we're | looking | for | gravy | rice. | it's | a | national | rice | plant. | i'm | using | it.,0.8172,7,6,6
tr_img_06631,1,太田,ota.,ota.,1.0000,1,0,0
tr_img_06632,1,シホ皇クリーニング,shiho | cleaning.,he's | a | white | man. | he's | a | krysog. | # | # | #,0.2466,0,2,10
tr_img_06633,5,井印ム下北浪 | やャンヘーン | 20161117木) | シモキタ好きおススメの,"i'll | tell | you | what. | yeah, | yeah, | yeah, | yeah, | yeah, | yeah, | yeah. | 20161117 | trees. | i'm | not | sure | if | i'm | going | to | be | able | to | do | that.",koda | #my | junior | year | campbell. | (tokyo) | (sun) | i'm | not | sure | if | i'm | going | to | be | able | to | do | that.,0.6469,12,13,7
tr_img_06634,12,船橋津田沼千葉方面 | 総武線(特急快速 | 女速 | 道田酒,"it's | headed | to | kiyaki | hashita | numazu. | all | arms | line, | move | fast. | mathematics. | i'm | drinking | takeda.",all | right | i'm | going | to | the | bridge. | i'm | going | to | the | beach. | i'm | going | to | the | beach. | speed | speed | cygnus | soda | numa. | fifteen. | fifteen.,0.2658,3,12,21
tr_img_06635,0,,,po. | kri-nisok,0.0000,0,0,2
tr_img_06636,8,J0TETSし | ばつてつ | 水車町5丁目 | イワクラホーム前,j0tes. | i'm | sorry. | it's | five | in | the | water. | before | ike | home.,i | don't | think | so. | it's | five | in | the | water. | before | ike | home.,0.8481,8,3,4
tr_img_06637,6,ここは | 設園個店 | 16・3 | 北電興業(株投し,where | are | we? | a | garden | shop. | 16 | and | 3. | we're | going | to | go | to | the | north | electric | corporation.,where | are | we? | the | rain | mass | display | board. | i'm | setting | you | up. | south | west. | he's | been | treated.,0.5280,4,14,13
tr_img_06638,2,本家のス | 業してます,from | the | main | house. | i'm | working | on | it.,today | it's | 16 | o'clock. | from | i'm | in | business. | ice-heated | chicken | and | rice. | the | oven.,0.1852,3,5,11
tr_img_06639,11,お手洗 | レストラン街(アステイ東館 | 川 | ショッピング街( | (パルシエ食彩館) | クイクメッセ母ム,wash | your | hands. | i'm | at | the | restaurant. | i'm | at | the | east | east | department. | river | the | shopping | district. | (parasie | siege) | the | quikmedse | mamm.,restaurant. | wash | your | hands. | it's | a | shopping | town. | (assidian | hotel) | (parasie | siege) | # | # | # | # | # | # | about | six. | # | # | # | # | # | # | maynaby. | # | # | # | # | # | # | # | # | # | # | # | # | # | # | # | # | # | # | # | # | # | maynaby.,0.3135,7,15,42
tr_img_06640,1,ゆいま一て,let's | do | it.,# | # | # | # | # | # | tokimoto | # | # | # | # | # | # | # | # | # | takama | i'm | so | sorry. | don't | worry | about | it. | i'd | like | to | speak | with | you.,0.1530,1,2,29
tr_img_06641,3,上丁一丁目,"one, | two, | three, | four.",roads | # | # | # | # | # | # | fabric | city | i'll | be | right | there. | i'll | be | right | there. | nakashima.,0.2361,0,4,18
tr_img_06642,8,世田谷区 | 商田五丁目9 | 給 | 田502 | 号,itagawa | valley | i'm | on | my | way. | i'm | on | my | way. | i'm | on | my | way. | paying. | tata | 502. | no.,itagawa | valley | excuse | me. | mm-hmm. | hey. | hey. | oh | tokita | busa | 5a02. | let's | do | it. | come | on.,0.4762,2,16,14
tr_img_06643,1,王北瞿日定休目,it's | a | holiday.,every | wednesday | holiday.,0.6383,1,2,2
tr_img_06644,7,調布市 | 親ヶ丁丁目,pair | city. | parental | love.,cycling | city. | two | green | foothills. | green | hill | i'm | playing | tennis. | let's | see | if | we | can | draw | a | circle.,0.2788,1,3,17
tr_img_06645,4,募集!,i | need | you!,i | need | you!,1.0000,3,0,0
tr_img_06646,2,中の島1条3丁目,it's | on | the | island. | it's | on | the | island | number | three.,one,0.0822,0,10,1
tr_img_06647,2,南13条西7丁目,south | 13th | and | west | 7th.,south | 13th | and | west | 7th.,1.0000,5,0,0
tr_img_06648,10,親9時 | まで受仁 | 火水木金土日祝 | 施術時間 | 午前 | 午後,it's | 9:00 | p.m. | i | don't | know | how | long | i've | been | here. | i'd | like | to | congratulate | you | on | that. | duration | of | the | treatment. | morning | in | the | afternoon,workday | night | 9:00. | the | receptionist. | duration | of | the | treatment. | morning | in | the | afternoon | moon | fire. | water. | uh-oh. | money. | earth | happy | day.,0.4595,8,18,13
tr_img_06649,4,中原区 | 木月 | 2丁目,central | district | tree | moon | two.,middle-earth. | two. | tree | moon,0.5479,3,2,1
tr_img_06650,0,,,it's | a | start. | three | hundred | and | forty | years. | ki. | stocks. | company | i'll | be | at | the | shop.,0.0000,0,0,16
tr_img_06651,0,,,the | great | bridge | building | stock | company.,0.0000,0,0,6
tr_img_06652,0,,,there's | only | so | many | of | them. | no,0.0000,0,0,7
tr_img_06653,3,電話番号 | 年内ＰＭ８時まで営業,phone | number | business | until | pm8 | of | the | year.,"""the | crescent | heart. | "" | phone | number",0.2718,2,6,4
tr_img_06654,3,おかべ,"oh, | shit.",oh,0.3077,0,2,1
tr_img_06655,3,高さ制限,height | limit,height | limit,1.0000,2,0,0
tr_img_06656,4,日本橋 | 人形町 | 二丁目,japan | bridge | doll | town | two.,japan | bridge | it's | doll | town. | one.,0.8462,3,2,3
tr_img_06657,2,芦花公園尺,sakura | park,sakura | park | station,0.7222,2,0,1
tr_img_06658,2,南13条西14目,"13th | west | 14th, | south.",south | 13th | and | west | 14th.,0.6230,2,2,3
tr_img_06659,5,自動体外式除細動器 | 設置しています,auto | body | external | defibrillator. | we're | setting | it | up.,auto | body | external | defibrillator. | we're | setting | it | up.,1.0000,8,0,0
tr_img_06660,2,中の島1条3丁目,it's | on | the | island. | it's | on | the | island | number | three.,it's | island | number | three | inside.,0.5636,3,7,2
tr_img_06661,4,中原区 | 木月 | 3丁目,central | district | tree | moon | three.,middle-earth. | tree | moon | three.,0.6494,3,2,1
tr_img_06662,2,帰社に・すつと・まつすく | ツクイ,i'll | be | back | at | the | office. | i'll | be | right | back. | zucu.,to | the | welfare | of | the | community. | straight | ahead. | tsquire.,0.4384,1,10,8
tr_img_06663,6,江尻口 | 西口,ebina. | western | gate,western | gate | that's | right.,0.5091,2,1,2
tr_img_06664,12,オッ | イケル | ハンバーグ | 430円 | 220円 | ト | ライスセッ | 味噌汁付き) | おかわり目由 | 2月 | だよ!,"oh. | yikes. | hamburger. | 430 | yen. | 220 | yen. | to. | rice, | rice, | rice, | rice, | rice, | rice, | rice. | (george | citrus) | i'll | give | you | another | one. | february | yes!",ot! | yike! | hasovag | 480 | yen. | single | rice | setts | $220. | i'm | free | to | go | that's | it!,0.4247,1,23,14
tr_img_06665,2,新矢七橋,the | new | yabashi | bridge.,new | arrow | bridge.,0.6800,2,2,1
tr_img_06666,8,中奥区 | 日本商く豚町丁目,nakanji | it's | a | japanese | trade-in-the-art | pig | town.,central | central | it's | the | largest | city | in | japan.,0.3740,1,6,7
tr_img_06667,1,ひひき,pick.,japan's | bridge | resort. | frequency,0.1395,0,1,4
tr_img_06668,15,総武線 | (各駅停車) | 秋葉原 | 新宿 | 中野・ | 上野方面,all | arms | line. | (panting) | akira. | nakanori. | nakano... | it's | heading | for | uno.,akihara-kun. | in | the | direction | of | nakano-ono. | general,0.3822,0,11,7
tr_img_06669,4,中原区 | 木月 | 8丁目,central | district | tree | moon | eight.,middle-earth. | three. | tree | moon,0.5455,2,3,2
tr_img_06670,9,目央に照朝し橋り | 最 | 揚 | 一み目の橋で | 橋 | に | は | 際田川か | 江戸切絵図,it's | a | light | bridge | in | the | eye. | top | up | on | the | first | bridge. | bridge | ! | huh. | nakatagawa. | edo's | sequoia,ian | bridge. | it's | not | a | big | deal. | it's | not | a | big | deal. | it's | a | big | deal. | we're | going | to | have | to | do | something | about | it. | we're | going | to | do | something | about | it. | we're | going | to | do | something | about | it. | it's | not | just | the | soil. | it's | the | soil. | it's | the | soil. | it's | the | soil. | we | used | the | drains | to | drain | the | river. | akira. | it | was | opened | next | to | you. | (laughter) | it | was | built | at | the | same | time | as | the | cutting. | it | was | named | after | the | first | bridge. | it | was | about | 13 | long | and | two | and | a | half | wide | at | the | bridge. | the | river's | banks | are | loaded | with | water | from | all | over | the | country. | it's | a | very | simple | thing | to | do | there | were | a | lot | of | people | going | around | the | bridge | that's | why | i'm | here. | ako. | i'll | take | you | to | mizuzushi. | i'm | going | to | make | it | fly. | i | crossed | it | first. | as | a | bridge | it's | known. | conspiracy | hey | # | # | # | i'll | be | right | back. | i'll | be | right | back. | eyong-yang | drawing | fujisawa. | i'll | take | care | of | it. | it's | one | of | the | best | places | in | the | city. | # | # | # | # | # | # | # | # | # | # | # | # | two. | it's | one | of | the | best | places | in | matsui. | iseshima | hotel. | two | o'clock. | # | # | #,0.0114,9,10,203
tr_img_06671,8,もつカ! | カレー総研公認 | 力レ | 一煮込み | カレー総研公認 | カレー煮込み | 清,hold | it! | calais | general's | approval. | power. | a | bowl | of | stew. | calais | general's | approval. | i'll | put | some | curry | on | the | table. | pure,# | # | # | # | # | # | # | # | # | # | # | # | pure | water. | the | power | to | hold. | # | # | # | i'm | pretty | sure | he's | got | it | all | under | control. | i'm | going | to | boil | it. | i'm | sorry. | i'm | sorry. | i'm | sorry. | ma'am. | premium | # | # | # | rhein. | # | # | # | no. | # | # | # | # | # | # | pure | water. | # | # | # | # | # | # | # | # | # | # | # | # | # | # | # | # | # | # | # | # | # | # | # | # | # | # | # | # | # | # | pure | water. | blasod | it's | a | big | deal. | # | # | # | # | # | # | pure | water. | blasod | it's | a | big | deal. | name,0.0556,3,18,107
tr_img_06672,0,,,attention.,0.0000,0,0,1
tr_img_06673,0,,,it's | an | eight-wood-wood | company. | eightth | man's | stock | company. | five,0.0000,0,0,9
tr_img_06674,2,ステーショシホード,sthishod,stressoo | board.,0.4000,0,1,2
tr_img_06675,10,本日の営業は | 終了いたしました。 | 営業時間,today's | business | is... | you're | done. | business | time,let's | see | if | we | can | figure | out | what's | going | on | today. | you're | done. | business | time,0.4852,4,3,11
tr_img_06676,1,大,large,i'll | be | right | back. | i'll | be | right | back. | sushi. | two-seven-seven. | sushi. | large | tsukiji | market | large | hey | the | manager. | it's | all | yours | i'll | be | right | back. | !,0.0000,1,0,25
tr_img_06677,1,オズ,oz.,hoodsichop | genius.,0.1739,0,1,2
tr_img_06678,6,低圧 | 南12条西8丁目,low | pressure | south | 12th | and | west | 8th.,south | 12th | and | west | 8th. | low | oppression | ba. | lu. | bu. | gah. | s.,0.4923,6,1,6
tr_img_06679,6,ショッピング街 | (パルシェ,the | shopping | town. | (palche),(cheering),0.2791,0,4,1
tr_img_06680,7,柳川公園 | 行免 | 調布市コミュニテイバス | 仙川 | 駅 | 仙01,"ogawa | park. | runnin' | comunitatibus, | a | seasoning | city. | sengawa. | station | send01",the | entrance | to | the | forest | ogawa | park. | koda | shortbus. | send01 | sengawa | station. | the | mosquito | communitybus. | forward,0.4407,3,7,13
tr_img_06681,1,小池,little | pond,little | pond,1.0000,2,0,0
tr_img_06682,1,ブクハウス757,butchhouse | 757.,o-o-o-o-o-o-o-o-o-o-o-o-o-o-o-o-o-o-o-o. | 757.,0.2500,1,1,1
tr_img_06683,26,公共施設 | だいだいいろ | 文化施設 | むらさまいろ | 宿泊施設 | みどりいろ | 総合販売 | みすいる | レジャー | ももいろ | 般建物 | ちやいろ | お問い合わせは | 交通県本本部,"public | facilities. | that's | what | i'm | talking | about. | cultural | facilities. | stay | away | from | me. | a | shelter. | you're | going | to | have | to | be | green. | total | sales. | i'm | sorry. | ledger. | stay | with | me. | cygnus | hey, | hey, | hey, | hey, | hey, | hey, | hey, | hey, | hey, | hey, | hey, | hey, | hey, | hey, | hey, | hey, | hey, | hey. | what | can | i | do | for | you? | traffic | main | headquarters",that's | what | i'm | talking | about. | stay | away | from | me. | don't | fuck | with | me. | don't | look | at | me. | stay | with | me. | hey | public | facilities. | cultural | facilities. | a | place | to | stay. | total | sales. | lezjah | general | building | what | can | i | do | for | you? | stocks. | company | transmigration | center. | turkeya | egypt,0.1565,26,32,20
tr_img_06684,1,,,it's | dangerous! | please | get | off | and | walk.,0.0000,0,0,7
tr_img_06685,4,日本橋 | 人形町 | 一丁目,japan | bridge | doll | town | one.,japan | bridge | it's | doll | town. | one.,0.8974,4,1,2
tr_img_06686,3,南ノ条テア整骨院 | ＳＥＬＫｏゃＳぃＬＮ,"the | south | nodes, | thea's | cyclopædia. | selk-so-l-n.",south | 7th | and | c.e. | a | group | at | the | care | institute.,0.4320,2,4,8
tr_img_06687,7,日吉 | 元住吉 | 綱島 | ひよし,yoshikichi. | hikichi. | takshima | great.,yoshikichi. | hikichi. | great. | takshima | yoshikichi.,0.7551,4,0,1
tr_img_06688,3,場内徐行,slow | instrument,intensifies | there's | a | car | going | straight | ahead. | it's | for | the | disabled. | two. | what | about | huck? | watch | out | for | ge-tabba. | step | by | step,0.1064,0,2,22
tr_img_06689,1,,,year | end | of | the | year | it's | a | new | year's | eve. | no | rest | omo-sama!,0.0000,0,0,13
tr_img_06690,2,,,ito.,0.0000,0,0,1
tr_img_06691,1,サイクル&バスライド,recycling | & | bassid,recycling | & | bassid,1.0000,3,0,0
tr_img_06692,4,バス | ここは | 水天宮前,the | bus. | where | are | we? | akira.,edo. | the | bus. | 100 | yen | where | are | we? | aquamarine | previous,0.6429,5,1,5
tr_img_06693,0,,,no,0.0000,0,0,1
tr_img_06694,3,宮代町 | ここりら,miyagi | city | here.,miyagi | city | from | here. | medicine.,0.6885,3,0,2
tr_img_06695,4,香るStick,burn,burns. | palmam | spam | langold.,0.2162,0,1,4
tr_img_06696,13,注 | 意 | 車両高さ制限 | カサ・ウィズタリア | もして居) | ウイークリークラブサ | 生活必需品完備,"tit | hmm. | vehicle | height | limit | casa | wizria. | i'm | on | it. | wiy | creek, | loveza. | i'm | ready | for | life's | necessities.",attention | casa | wiessalia. | daily. | wickley. | i | can't | get | in | there | without | you! | wiy | creek | love | thests. | i've | got | everything | i | need. | vehicle | height | limit,0.2102,5,13,19
tr_img_06697,1,,,south | 11 | west | 7. | hills | park | side | 16,0.0000,0,0,8
tr_img_06698,1,高野,takano.,no. | no. | no | 4th | street. | takano.,0.2979,1,0,5
tr_img_06699,2,豚は前応目 | 町赤豚のバラ,pigs | are | a | front. | a | red | pig | rose.,original | black | pig. | i'm | sorry | trademark | registration | (laughter) | black | pig | roses.,0.3673,1,7,10
tr_img_06700,7,,,central | central | it's | a | japanese | bridge | doll | town. | japan | bridge | it's | doll | town. | one.,0.0000,0,0,14
tr_img_06701,0,,,yokichi | 4-9.,0.0000,0,0,2
tr_img_06702,51,桜上水 | 当駅構内施設の階層図 | 男子トイレ | 工スカレ | 条内所 | 女子トイレ | 階段 | だれでもトイレ | コインロッカー | 待合室 | 自動体外式除細動器 | エレベーター | 現在地から地上までの | バリアフリー主要ルート | 北口方面口 | 地上出口へ | コンコ | ス階 | ム | ツム督 | ホーム階へ | ホ一ム噌 | 南口方面出口 | 新宿 | 方面 | 現在地 | 地上出口 | 改札階へ | 改札階へ | 改札階 | 改民階へ | 橋本方面 | 京王八王子・高尾山口 | ホ一ム店,"sakura | water | the | hierarchy | of | this | station's | internal | facility. | the | men's | room. | workmate. | the | entrepreneur. | the | women's | bathroom. | stairway | everybody | goes | to | the | bathroom. | coin | locker | waiting | room. | auto | body | external | defibrillator. | elevator | and | that's | what | i'm | going | to | talk | about | today. | the | main | barrier | free | route. | north | entrance. | to | ground | exit. | conco. | stairway. | m. | tumbong | homeroom. | i'm | sorry. | i'm | sorry. | i'm | sorry. | south | entrance | exit. | nakanori. | i'm | on | my | way. | current | location | ground | exit. | to | the | resale | floor. | to | the | resale | floor. | modifications | i'm | going | to | get | you | to | the | reconciliation. | to | hashimoto. | prince | yao, | prince | takaguchi. | a | kiichi | shop.",sakura | water | the | hierarchy | of | this | station's | internal | facility. | # | # | # | i | don't | know | what | to | do. | waiting | room. | etherther | escort | stairway | yunrosis. | auto | body | external | defibrillator. | male. | the | women's | bathroom. | anyone | can | do | it. | and | that's | what | i'm | going | to | talk | about | today. | the | main | barrier | free | route. | it's | called | the | cypriot | citadel. | homeroom. | homeroom. | homeroom. | homeroom. | homeroom. | homeroom. | to | the | resale | floor. | to | the | resale | floor. | to | ground | exit. | south | entrance | exit. | north | entrance | exit. | to | ground | exit. | you're | welcome. | it's | where | we're | going. | to | the | resale | floor. | to | the | resale | floor. | homeroom. | current | location | prince | koyoko | it's | where | we're | going.,0.1073,61,40,43
tr_img_06703,38,出口 | 琴似小学校 | 琴似神社 | 琴似屯田兵村兵屋跡 | 西区民センタ | 西区役所 | 西保健センタ | 五郵便局 | 山の手図書館,the | exit. | the | harp-like | elementary | school. | the | harp | aquarium. | it's | a | sign | of | the | takuta | village | army. | central | central | west | district | hall. | west | healthator | five | post | office. | the | hand | library | on | the | mountain.,the | exit. | the | harp-like | elementary | school. | the | harp | aquarium. | it's | a | sign | of | the | takeshi | kota | village | army. | western | people's | center | west | district | hall. | west | health | center. | west | post | office. | the | hand | library | on | the | mountain.,0.8541,28,5,8
tr_img_06704,4,日本橋 | 人形町 | 一丁目,japan | bridge | doll | town | one.,japan | bridge | it's | doll | town. | one.,0.8974,4,1,2
tr_img_06705,3,二の物は | イシターネット | 飛科で更い放上,two | things. | issernet | he's | on | the | air | force. | he's | on | the | run.,this | is | the | building. | iso-a-a-a-a-a-a-a-a-a-a-a-a-a-a-a-a-a-a-a-a-a-a-a-a. | it's | free. | it's | free.,0.3814,1,11,8
tr_img_06706,6,丸ぶ | 丸ぶ | 創業記念 | 別ご奉仕会 | 当もん | 1-005し,"round | round | it's | the | first | time | i've | ever | done | it. | a | separate | service | meeting. | no, | i | didn't. | so | let's | do | that.",cypriot | cypriot | it's | the | first | time | i've | ever | done | it. | the | service | meeting. | speciality | i | don't | know. | haleton | i'm | a | member | of | the | club. | smock. | i'm | sorry | # | # | # | i'm | 880. | i'll | give | you | a | thousand. | pity. | 1900.,0.0140,12,9,27
tr_img_06707,5,20時まで | セット | 000夫 | アサヒぷいんと | プソントショッブ,until | 20 | o'clock. | set | a | thousand | husbands. | i | don't | know. | pusontsov,print | prissoyotsup | i | don't | know. | until | 20 | o'clock. | i'm | drunk. | setsher | i'll | give | you | a | thousand. | the | heel. | 500 | yen. | home | cooking,0.4706,7,4,15
tr_img_06708,6,真崎灯台今,"takasaki | lighthouse, | now.",takasaki | lighthouse,0.8400,1,2,1
tr_img_06709,7,幌西 | キッズ公園 | 南14条西15丁目 | 札幌市中央区 | 連絡先 | 中央区土木部維持管理課,zheng-west | kid | park. | south | 14th | and | west | 15th. | in | the | middle | of | yokohama | city | contacts | central | central | central | ministeration,tahiti | park. | south | 14th | and | west | 15th. | in | the | middle | of | yokohama | city | contacts | central | central | central | ministeration | i'll | be | right | there. | i'll | be | right | there. | i'll | be | right | there.,0.7254,17,2,13
tr_img_06710,8,北野四丁目 | 行先 | 調布市コミュニティバス | 仙川駅 | 仙01 | 仙川駅緑ヶ丘 | く信現パス! | 路線運行図,"northon | street. | path | to | the | mosquito | communitybus. | sengawa | station. | send01 | sengawa | station, | green | hills. | it's | a | ghost | pass! | runway | diagram",koda | shortbus. | northon | street. | path | to | we're | going | to | have | to | do | something | about | it. | sengawa | station. | send01 | sengawa | station. | green | hill | i | don't | know | what | you're | talking | about. | runway | diagram | white-hospital | college. | white-gay | girl. | college | entrance. | sengawa. | sengawa | station. | citizen | tennis | court | in | the | city. | green | hill | northon | street. | the | main | entrance. | deprecated | time | table | sendi | station | i'll | give | you | 200 | yen. | shoe | yen | i'll | give | you | 206. | i'll | give | you | 103 | yen. | cash | or | something. | cards | i'll | get | you | some.,0.2078,12,8,70
tr_img_06711,1,商,a | merchant.,bank | of | iwase. | old | northland | bank,0.3214,0,2,6
tr_img_06712,5,晩弘御殿 | 鳥魚 | 彦酒屋,"good | evening, | sir. | birdfish. | a | liquor | store.",ma'am. | a | liquor | store. | birdfish. | i'm | going | to | have | to | do | it | myself. | i'm | making | my | own | shop. | you're | under | your | feet. | i'll | be | right | with | you. | two.,0.1811,4,3,24
tr_img_06713,4,中原区 | 木月 | 4丁目,central | district | tree | moon | four.,middle-earth. | tree | moon | 4th,0.5205,2,3,2
tr_img_06714,16,中島公園 | Lトフト大ロI | 中品公院 | 中島公園 | 地下鉄中島公園駅 | トフト大IロI | 地鉄中品公園站 | 地鐵中島公園店,nakashima | park. | ltoft | gyro | the | house | of | commons. | nakashima | park. | subway | nakashima | park | station | toft-big | iroi | i'll | be | right | back. | i'll | be | right | back. | i'm | going | to | go | to | nakashima | park.,nakashima | park. | # | # | # | nakashima | park. | all | over | the | subway,0.3438,6,25,5
tr_img_06715,3,中の島1条３丁,three | of | the | islands | inside.,it's | island | number | three | inside.,0.5263,2,3,3
tr_img_06716,9,熊処条三 | 写 | 営業時間 | 月〜本:170002：00日究007000 | 地下1階 | 金・土17：80〜8：00 | 目曜目 | 定休目,"three | bears. | photo | business | time | i'll | see | you | in | the | next | video. | ground | floor. | gold, | earth. | day | of | the | week. | responsibilities",i'll | be | right | back. | photocopies | ground | floor. | business | time | the | moon. | the | tree. | gold... | earth. | a | holiday. | sunday | residents,0.5201,8,13,11
tr_img_06717,4,日本悟 | 形町勢 | 二丁目,"shizuru, | japan | towns | two.",japan | bridge | it's | doll | town. | two.,0.5135,2,2,4
tr_img_06718,1,成城一一スアカデミラ1,akadira | 1.,that's | what | i'm | talking | about. | free | experience | lessons | the | manjidani | castle.,0.0926,0,2,11
tr_img_06719,4,円山店 | 不動産の,it's | a | round | shop. | real | estate.,real | estate. | bitg | it's | a | round | shop.,0.5393,6,0,1
tr_img_06720,4,清水橋北,shizura | bridge,takahashi | bridge.,0.6857,0,2,2
tr_img_06721,1,川イツ持田,iseshima.,i'll | be | right | back. | i'll | be | right | back. | i'll | be | right | back. | i'll | be | right | back.,0.1017,0,1,16
tr_img_06722,3,日ホ橋 | 」目,sunho | bridge | 1st,japan | bridge | one.,0.6341,1,2,2
tr_img_06723,4,ほ | の巻,hey. | a | scroll.,port | area | it's | 3rd | and | 2nd.,0.3636,0,3,6
tr_img_06724,4,中原区 | 木月 | 2丁目,central | district | tree | moon | two.,middle-earth. | tree | moon | two.,0.6301,3,2,1
tr_img_06725,14,興津 | 清水駅 | 日本平 | 船越 | 清水港,i'll | be | right | back. | shizura | station | nigeria | nigeria | ship's | moving. | guayry | bay,i'll | be | right | back. | i'll | be | right | back. | shizura | station | ship's | moving. | nigeria | nigeria | guayry | bay,0.7080,12,0,4
tr_img_06726,0,,,japan | bridge,0.0000,0,0,2
tr_img_06727,16,柳川公園 | 行先 | 調布市コミュニテイバス | 仙川駅 | 仙01 | 仙川駅今緑ヶ丘 | <循環バス! | 路線運行図 | 緑ヶ良児叢館 | O北野四丁目 | O郡川公園 | 公園前団独北口 | O市民テニスコート入ロ | 緑 | 霧の,"ogawa | park. | path | to | comunitatibus, | a | seasoning | city. | sengawa | station. | send01 | sendai | station, | now | green | sahill. | cycling | bus! | runway | diagram | the | green | aquarium. | i'll | be | right | there. | (dramatic | theme | playing) | (dramatic | theme | playing) | (dramatic | theme | playing) | (dramatic | theme | playing) | o | county | river | park. | park | prento, | north | entrance. | o-c-c-c-c-c-o. | green | the | fog.",koda | shortbus. | ogawa | park. | path | to | munittibus | sendo1 | sengawa | station. | sengawa | station. | green | hill | cycling | bass | runway | diagram | i | can't | believe | you're | here. | well | third | green | hill. | we're | in | the | square. | north | entrance | to | the | park's | prefecture. | white-hospital | college. | i'm | going | to | take | care | of | it. | green | bridge | white-gay | girl. | college | entrance. | sengawa. | it's | a | green | hill | elementary | school. | the | main | entrance. | northon | street. | ogawa | park. | green | hill | everyone's | forest | entrance. | i'm | sorry | ogawa | bridge,0.1089,18,33,57
tr_img_06728,15,ワ全線きっぷうりば | 自動き | もの | 新 | 自動きっぷラり,it's | all | over | the | line. | auto | what? | no. | auto-flying,auto | if | you're | on | the | line | auto | stuttering | shinkansen.,0.5441,2,7,7
tr_img_06729,4,田丁目,tadashi.,it's | the | port | district | of | sanda | 2nd.,0.1786,0,1,7
tr_img_06730,15,システムトイレ | シートタイプ | 各社共通 | 明めきったお部屋でも | 週間二オわない! | の色が | シート | 周分の | オンッコを | らくく吸収 | 1週聞消具抗菌 | ユニチャーム | ペットケア | デオトイレ,system | bathroom | sheet | type | each | company | in | common. | in | a | room | full | of | lights. | i | don't | have | two | weeks! | it's | a | color. | sheet | i'm | going | to | draw | it | like | this. | get | on | with | it. | absorption | it's | been | a | week. | it's | been | a | week. | it's | been | a | week. | uniquem | pet | care | deo | toilet.,closed | room. | but... | i | won't | be | able | to | give | you | two | a | week! | system | bathroom | sheet | type | each | company | in | common. | the | color | of | your | pee. | ! | easy! | tisheet | a | week. | . | cough. | mm-hmm. | absorption | a | week's | dry | smell. | antibacterials | uni. | charm. | deo | toilet.,0.2248,19,33,25
tr_img_06731,2,南13条西10丁目,south | 13th | and | west | 10th.,south | 13th | and | west | 10th.,1.0000,5,0,0
tr_img_06732,5,3この堤防高は | 海板 | 津,(laughter) | seaboard | tzu.,we've | got | to | get | out | of | here. | seagulls | construction,0.3158,0,3,9
tr_img_06733,13,昭和通り口 | 日比谷線 | 化粧室 | 昭和路出口 | 善子 | 公共阿所 | 斗卦會,showa | street. | eclipse | line | laundry. | showa's | exit. | good | boy. | public | a. | i'll | be | right | back.,showa | street. | showa's | exit. | the | estuary | line. | he's | in | the | maturation | room. | public | school.,0.4655,5,10,9
tr_img_06734,1,静鉄ラクシーのりば,it's | a | silica | laxie | pheasant.,the | silica-tac-tac-dong.,0.4444,0,5,2
tr_img_06735,0,,,i | don't | know.,0.0000,0,0,3
tr_img_06736,18,週末ス | 8730円 | 2560円 | 娘入日に | 幾流は | ブ山ーリア内 | 土休日の | ご利南開沿日の | シリーバス | 2日0荷幼 | 前白まで | 一バスだが | 東時タ(ブのフリ | 楽しみふじさいお! | お(い! | 主休百の2日間 | ご自由にね取り下さい,"it's | the | weekend. | 8730 | yen. | 2560 | yen. | on | the | day | of | my | daughter's | arrival, | how | many | streams? | in | buguoria. | on | a | holiday. | it's | from | the | south | coast | day. | silybus | two | days, | ten | kids. | until | the | white. | it's | just | a | bus. | that's | what | i'm | talking | about. | i'm | having | fun! | it's | so | hot! | two | days | of | the | main | vacation. | you're | welcome | to | take | it.",it's | been | two | days | since | i've | been | on | the | train. | the | weekend. | path | 2 | i | don't | know. | 8 | mm-hmm. | watch | it. | come | on! | the | start | date | for | this. | to | the | front | on | a | ride. | on | an | evening | eve. | that's | what | i'm | talking | about. | in | fres | one | area | it's | a | normal | train. | it's | a | normal | car. | on | a | holiday. | enabled | for | two | days. | it's | a | single | bus | from | eve. | there's | lots | of | ways | to | have | fun! | it's | a | car. | it's | a | car. | use | duration | duration | (laughter) | two | days | on | a | holiday. | until | march | 24 | the | weekend. | the | weekend. | the | weekend. | path | path | path | the | weekend | pass. | fritchilia | you're | welcome. | ten!,0.0584,31,31,78
tr_img_06737,1,,,south | 8th. | nakashima | park. | kellies.,0.0000,0,0,5
tr_img_06738,0,,,left | turnout.,0.0000,0,0,2
tr_img_06739,3,(氏金郡 | 沿,mr. | gold | county. | frequency,superlow | interest | rates,0.3051,0,4,3
tr_img_06740,12,Dビ | 有機 | 天津甘栗 | モンド | セレクション | 金賞受賞,david. | organic | soy | sauce | monde | separation | he | won | the | gold | medal.,organic | it's | so | sweet. | it's | got | skin | on | it. | it's | easy | to | eat! | that's | funny. | oh | it's | so | sweet. | consul | celeste | he | won | a | gold | medal.,0.4411,5,6,21
tr_img_06741,20,清水マリンパーク・イベント広場 | 日の出埠頭 | 港湾合同庁舎 | マリンビル | マリンターミナル,watermarine | park | event | square | sunrise | harbour | port | of | substance. | marinville. | marine | terminal,marisopa | square. | sunrise | harbour | port | of | union. | marisoville. | mariso | evening | miner.,0.7407,4,8,7
tr_img_06742,2,地方発送 | 承ります!,"local | transmission | yes, | sir!",# | # | # | # | # | # | # | # | # | it's | a | scroll. | it's | called | the | chogma. | it's | a | scroll. | it's | called | the | chogma. | local | transmission | i'm | sorry. | # | # | # | # | # | # | the | color | of | the | travel | the | color | of | the | travel | # | # | # | tay-y-y-y-y-y-y-y. | # | # | # | scarecrow | # | # | # | # | # | # | # | # | # | # | # | # | # | # | # | # | # | # | # | # | # | # | # | # | # | # | # | residents | sunday. | # | # | # | # | # | # | yes | i'm | a | member | of | the | club. | hmm. | auto | door.,0.0793,2,2,94
tr_img_06743,23,埼京線 | 埼京線 | 赤羽 | 武蔵浦和 | 池袋・新宿･大崎 | 大宮川越方面 | りんかい線方面 | 南口改札,"cygnus | line | cygnus | line | red | feather. | kozano | koura | ikebag, | rancho | ozaki. | we're | on | our | way | across | omegawa. | it's | in | the | middle | of | the | line. | south | entrance | rendition",cygnus | line | a | red | feather. | omiya | cygnus | line | i'm | sorry. | i'm | sorry. | i'm | sorry. | it's | in | the | middle | of | the | line. | south | rotation | bill,0.6701,14,13,10
tr_img_06744,11,近勝リリバークの | ご案内 | 洋のリ川ヒク | 南12西6駐車場 | 三井のリパーク | 南13西6駐車場 | 現在地 | 駐めやすさは、 | 三井のリパ一ーク | 川,"it's | the | closest | thing | you've | ever | seen. | come | with | me. | the | river | hik | of | ego. | 12 | west | 6 | parking | lot, | 12th | and | 6th. | river | park, | mii. | parking | lot | 13th | west. | 6th | west. | current | location | it's | very | easy | to | do. | it's | the | lipacque | of | mii. | river",it's | a | nearby | park. | let | me | show | you | around. | the | park's | open | at | miui. | river | park | it's | a | parking | lot | river | park | it's | a | parking | lot | river | park | current | location | river | park | it's | easy | to | be | in | a | position | to | be | in | a | position | to | be | in | a | position | to | be | in | a | position | to | be | in | a | position | to | be | in | a | position | to | be | in | a | position | to | be | in | a | position | to | be | in | a | position | to | be | in | a | position | to | be | in | a | position | to | be | in | a | position | to | be | in | a | position | to | be | in | a | position | to | be | in | a | position | to | be | in | a | position | of | responsibility.,0.1049,15,30,101
tr_img_06745,1,,,south | 12th. | workshop.,0.0000,0,0,3
tr_img_06746,25,エキパ]地下駐車場 | エキパ」地下停年場 | 静岡中央郵便局 | 静図中央局 | 静岡音楽館 | 静音黍廂 | タクシーのリは | 副人舎乙 | 出租牟站,"[explicit | parking] | ""exp"": | shizuoka | central | post | office. | six | central | central | shizuoka | music | hall | i'll | be | right | back. | i'm | going | to | take | a | cab. | i'll | be | right | back. | i'll | be | right | back. | i'll | be | right | back.",it's | a | cab | man. | i'll | be | right | back. | i'll | be | right | back. | i'm | at | the | post | office. | underground | parking | lot. | # | # | # | i | don't | know | what | you're | talking | about. | # | # | # | # | # | # | exp. | exp. | a | cup | of | tea. | a | cup | of | tea. | # | # | # | # | # | # | # | # | # | shizuoka | tea.,0.1046,13,22,44
tr_img_06747,2,山央以 | 南げ条国9二2,yamao | yamanaka | 922 | south | cyclopædia.,13 | south | central | central,0.3784,1,4,3
tr_img_06748,13,無断駐車禁吐 | 無断駐車の車はレッカーにて専用駐車場 | へ移動し | 1河国以上 | 不法庭車料金時間に付き | 500円を頂きます | 又1の日を過ぎた場合は勝手に処分致し | ます。 | 事故等については一切青任は | 負いません | 無断駐車警理愛議念社 | (おワイン・パーキシグセシター,"no | parking. | no | parking. | cars | that | don't | have | a | car, | they're | parked | by | a | sticker. | it's | a | single | parking | lot. | let's | move | on. | more | than | one | river. | it's | an | illegal | garden | car | charge | time. | i'll | give | you | 500 | yen. | if | it's | another | day | past, | you'll | be | dealt | with | on | your | own. | i'm | sorry. | there's | no | evidence | of | any | blue | for | any | of | these | accidents. | i | don't | owe | you | anything. | parking | and | parking | watch. | (whistling | peroxygsester)",no | parking. | there's | a | parking | lot | in | an | abandoned | car. | it's | an | empty | parking | lot. | i'll | take | 500 | yen. | i | don't | owe | you | anything. | parking | administrative | constitution | company. | so | let's | say | i | have | a | stock. | i | can't | believe | you're | here. | he | moving | back | that's | how | much | i'm | willing | to | pay | for | it. | that's | how | much | i'm | willing | to | pay | for | it. | over | 10 | it's | an | illegal | parking | time. | if | it's | another | 10 | days | i'm | sorry. | yes | i'm | not | responsible | for | any | of | the | accidents.,0.0862,33,42,51
tr_img_06749,4,出 | 入口 | 人口,out | the | entrance. | population,"""bike | drive | safely."" | entrance. | the | entrance.",0.4318,2,2,4
tr_img_06750,1,,,waynes | group,0.0000,0,0,2
tr_img_06751,12,出口 | JR静岡駅 | タクシー乗場 | 駅前交番,the | exit. | jr | shizuoka | station. | taxi | station. | in | front | of | the | station.,the | exit. | shizuoka | station. | takto. | in | front | of | the | station. | auto,0.8686,9,3,2
tr_img_06752,15,静岡駅 | 静図站 | JR人I天PノIg | バスのリば | 印人印印雪 | 公交牟站,shizuoka | station. | cyclopædia | jr | man | pnoig | it's | a | bus | ride. | marked | snow. | i | don't | know | what | to | say.,seung | jo. | the | back | of | the | bus. | shizuoka | station.,0.1949,2,16,7
tr_img_06753,30,出口 | MOAアートホールゴ七海道 | 札幌第一病院 | 静和記念病院 | 西老人福祉センター | 北海道獣医師会館 | ポリテクセンター北海道,"the | exit. | moa | art | hallgo | seven | fabulous | one | of | the | best | hospitals | in | the | world. | shikoku | memorial | hospital. | i'm | at | the | h.i.a. | center. | the | kunihito | medical | center. | polytech | center, | hokkaido",the | exit. | aquilho | hokkaido | one | of | the | best | hospitals | in | the | world. | shikoku | memorial | hospital. | i'm | glad | you're | here. | (dramatic | theme | playing) | (dramatic | theme | playing) | (dramatic | theme | playing) | kunihito's | hospital | in | hokkaido. | polytechceso | evening,0.0649,15,15,19
tr_img_06754,0,,,he's | in | the | garage. | he's | in | the | garage. | no | parking. | please.,0.0000,0,0,11
tr_img_06755,1,コ-ヒ,koh-hee.,edo. | beans. | frequency | coffee. | # | # | # | # | # | # | # | # | # | # | # | # | corhi. | it's | just | a | matter | of | time | before | it's | too | late. | hot. | pretty | much. | oh. | hot. | # | # | # | corhi. | manco. | float | i'll | be | right | back. | coded. | # | # | # | earth | coffee. | # | # | #,0.0062,0,1,51
tr_img_06756,21,京滅時使用司 | 夫印面を上にして | 方向を合わせて挿入 | してください | つee,you're | my | servant | when | you're | in | tokyo. | raise | your | husband's | mark. | insert | by | orientation | please. | ae,enabled | for | blinking | raise | your | arrow | face. | insert | by | orientation | please.,0.6486,6,10,5
tr_img_06757,10,お手洗い | JR清水駅 | 清水区役所,bathroom. | jr | clean | water | station. | manchuria | hall,bathroom. | aquamarine | hall.,0.5556,1,6,2
tr_img_06758,3,仙川 | をきれいに美し | 東京都,sengawa. | it's | beautiful. | tokyo | city,sengawa. | it's | beautiful. | it's | beautiful. | tokyo | city | green | cook | hill,0.6719,5,0,5
tr_img_06759,5,ダイエットレらギのカラダヘ | 小ツトヨナ | 女性 | 専用,"i'm | a | dieter. | i'm | a | caradha. | yo, | jonah. | woman. | for | personal | use.",i'm | gonna | take | you | to | a | place | where | you | don't | even | know | what | you're | talking | about. | hot | yoga. | woman. | it's | for | you.,0.4066,4,8,18
tr_img_06760,1,っ占です,it's | a | big | deal.,i'm | at | the | store! | a | liquor | store.,0.4776,1,3,6
tr_img_06761,0,,,how | many | times?,0.0000,0,0,3
tr_img_06762,2,南14条西9丁目,14 | south | and | 9 | west.,14 | south | street,0.6383,2,3,1
tr_img_06763,3,五T目 | 水04195６道,five | t's. | water | 104156.,the | lawn. | five. | water. | the | way,0.4638,0,4,6
tr_img_06764,3,製創元条 | や地友 | 御も常よ歩屋のめ,"original | bill | hey, | old | friend. | you're | always | a | walker.",it's | a | genre. | it's | a | genre. | it's | a | genre. | i'll | take | care | of | him. | i'll | take | care | of | him. | the | stock | company's | prosthesis. | ikeda | security | department. | ikeda | shop. | ikeda | shop. | ikeda | shop. | ikeda | shop. | ikeda | shop. | drug | trade. | we're | moving | in. | anti-demony.,0.0500,1,8,41
tr_img_06765,5,交通 | 事故 | 打ち | むち | 各種保険取,traffic | accidents | strike | raid | all | kinds | of | insurance.,traffic | accidents | a | whip. | strike | variances | resurrected | i'll | take | care | of | it.,0.6424,4,4,8
tr_img_06766,17,アリンス | 真空チルド | 製氷 | 製氷停止 | 節電 | 冷凍 | 冷蔵 | 製氷 | 冷却モード | 真空チルド | 操作部ロツク | おそうじ | デリシヤス冷凍 | (3秒押し) | (5秒押し) | (3秒押し),"alyns. | vacuum | tierdo | ice | making | ice | out. | trinette | cryonics | refrigerated | ice | making | cooling | mode | vacuum | tierdo | operation | rotsk | hey, | hey, | hey, | hey, | hey, | hey, | hey, | hey, | hey, | hey, | hey, | hey, | hey, | hey, | hey, | hey, | hey, | hey, | hey, | hey, | hey, | hey, | hey, | hey, | hey, | hey, | hey, | hey, | hey, | hey, | hey, | hey, | hey, | hey, | hey, | hey, | hey, | hey, | hey, | hey, | hey, | hey, | hey, | hey, | hey, | hey, | hey, | hey, | hey, | hey, | hey, | hey, | hey, | hey, | hey, | hey, | hey, | hey, | hey, | hey, | hey, | hey, | hey, | hey, | hey, | hey, | hey, | hey, | hey, | hey, | hey, | hey, | hey, | hey, | hey, | hey, | hey, | hey, | hey, | hey, | hey, | hey, | hey. | delician | freezing | three | seconds. | (panting) | three | seconds.",waterwater | open | multiplicity | trinette | trinette | operation | talks | - | i'm | freezing. | - | i'm | freezing. | refrigerated | he's | weak. | he's | weak. | fast | ice. | ice | making | ice | out. | a | vacuum | cut | vegetables | strong | accelerated | terisisssfree | vacuum | tierdo | the | vacuum | ice | temperature. | vacuum | tierdo | cooling | mode | terisisssfree | three | seconds. | (for | fully | formatted | text | hey | ice | making | three | seconds.,0.0482,19,89,34
tr_img_06767,6,3月3 | 手前の角左折 | すく左側 | 宝町3,march | 3. | turn | left | in | front | of | you. | left | side. | treasure | town | 3,2014-2000. | march | 31st. | turn | left | in | front | of | you. | right | left. | treasure | town | 3,0.8360,10,3,4
tr_img_06768,1,高原ギ,highland | gyoi,mt. | fuji. | your | high-end | beer. | your | highness. | highland | beer | a | seat.,0.2178,1,1,10
tr_img_06769,1,,,middle-earth. | tree | moon | one.,0.0000,0,0,4
tr_img_06770,1,日田十山ののぐす,ida | tenyama's | grave.,mr. | takahara. | mt. | fuji. | # | # | #,0.3077,0,3,7
tr_img_06771,9,プリン本常 | 」ク | 侍 | アソン本餅 | プン本餅 | テすきの店 | すすの店 | すすきの店,"principia | one, | two, | three, | four. | a | samurai. | asonmoto | punmoto | it's | my | favorite | store. | solo's. | it's | a | soot | shop.","a | samurai's | principe. | five | articles | of | oath. | one | material | one | secret | no. | ""ramel."" | ""hatatwe."" | parent | the | sono | code | the | guy's | in | trouble. | plumbing. | principia | prisomoto | it's | a | soot | shop. | principia | it's | a | soot | shop. | principia | tesinabbesi | ""it's | hard | to | live | with.""",0.0248,7,11,34
tr_img_06772,5,安全にご利用いただくために | 次のことにご注意くだきい | 走っま | 全き込まれたいように | 組いまのがなまわないたつに,to | make | sure | you're | safe. | and | i'm | going | to | tell | you | a | little | bit | about | that. | run! | i'm | going | to | make | sure | you're | completely | in | there. | and | i'm | going | to | show | you | a | couple | of | examples.,to | make | sure | you're | safe. | (laughter) | i | don't | walk. | i'm | not | running. | i | won't | let | you | down. | power. | don't | call | me | that. | and | i'm | not | going | to | let | you | do | that. | don't | get | lost. | i | can't | take | it | anymore.,0.1651,13,23,26
tr_img_06773,3,小芝神社,the | little | grass | shrine.,the | little | shire | shrine.,0.8667,3,1,1
tr_img_06774,0,,,mount | hane-doo. | frequency | showa | 17 | to | 25 | years.,0.0000,0,0,8
tr_img_06775,33,セキュリティパーキングシステム駐車場 | 30分/100円 | 60分/100円 | 夜間最大料金 | 500円 | ツルハドラッグ南8条店様ご利用で | 60分無料となります | Ｊセキュリティパーキングシステム | ＪＰＭパ一ク南８条 | 当駐車場は | 聖門のナシン | 車両を拘束する機器は一切こさいませんが | お帰りの際には | 必ず精 | 算機にて駐車料金を | 所在地：北海道札幌市中央区南8条西7丁目 | お支私い下さい。 | 徴収に要した費用 | 駐車料金を未私いで出庫された場合は | 未私い駐車料金の他 | 全てを後日請求させていただきます。 | また刑法の規定によの犯罪行為となのますので | 日本駐車場メンテナンス(株) | 緊急連絡逸 | あらかじめ往御注意願います,"security | parking | system | park. | 30 | minutes | per | 100 | yen. | 60 | minutes | per | 100 | yen. | the | maximum | charge | of | the | night. | 500 | yen. | it's | for | you, | mr. | zurha-sharf, | the | eightth | amendment. | you'll | be | free | 60 | minutes. | j.h.s.e.c.p.e.c.e. | 8nd | of | jpmp. | this | is | the | parking | lot. | the | nassin | of | the | holy | gate. | we're | not | going | to | have | any | equipment | to | hold | the | vehicle. | when | i | get | home, | i'm | sure | of | it. | i'm | gonna | put | you | on | a | calculator | and | you're | gonna | get | a | parking | charge. | (dramatic | theme | playing) | (dramatic | theme | playing) | (dramatic | theme | playing) | i'm | sorry. | it's | the | money | you're | going | to | need | to | collect. | if | you're | in | a | parking | lot, | you're | going | to | have | to | pay | for | it. | besides | my | unskilled | parking | charge, | i'll | charge | you | everything | later. | it's | also | a | criminal | act | by | the | law | of | justice. | (applause) | i've | lost | contact | with | you. | please | be | careful.",a | parking | lot | for | an | yacuitypa. | 30 | minutes | per | 100 | yen. | 60 | minutes | and | 200 | yen. | 500 | yen. | the | maximum | charge | of | the | night. | it | will | be | free | for | 60 | minutes | number | eight | (dramatic | theme | playing) | (dramatic | theme | playing) | (dramatic | theme | playing) | (music) | emergency | contact | yacilispa | aquiststem | please | be | careful | in | advance. | nakashima | park. | guiller. | this | is | the | parking | lot. | it's | a | little | bit | more | complicated | than | that | we're | not | going | to | have | any | equipment | to | hold | the | vehicle. | when | i | get | home | i'm | going | to | charge | you | a | parking | fee | for | that. | please | pay | it. | everything | in | the | parking | lot | is | recorded | by | a | surveillance | mela. | i | don't | know. | so | let's | see | if | we | can | figure | out | what | the | parking | cost | is. | (laughter) | the | exact | cost | of | the | collection. | i'll | charge | you | everything | later. | it's | not | a | crime. | it's | not | a | crime. | it's | a | criminal | act.,0.2113,85,61,62
tr_img_06776,6,喫席 | 35席 | 30席 | ひェエド,"i'm | sorry. | i'm | sorry. | 35 | seats. | 30 | seats. | oh, | my | god.",smoking. | thirty-five. | no | smoking. | 30 | seats. | power | fed.,0.4397,2,9,6
tr_img_06777,10,午前の受付 | 7時80 | 分から | 11時30 | 分 | 午後の受付 | 時から | 時,morning | receptionist. | 7:80. | i | know. | 11:30. | min | the | afternoon | receptionist. | from | time | to | time. | time,morning | receptionist. | 7:30. | 11:30. | the | afternoon | receptionist. | it's | two | o'clock. | six | o'clock.,0.7386,6,9,6
tr_img_06778,2,中の島1条3丁目,it's | on | the | island. | it's | on | the | island | number | three.,one,0.0822,0,10,1
tr_img_06779,8,三田 | みた | 芝公園 | 白金高輪,mida. | i | see | it. | it's | a | lawn | park. | white | - | gold | ring,mida. | i | see | it. | it's | a | lawn | park. | white | - | collider,0.9231,10,2,1
tr_img_06780,6,ールフェア開催中 | ジ正 | 0%0門,we're | hosting | the | luff. | djibouta | 0 | 0-0.,congratulations | on | your | graduation. | we're | hosting | the | pearl | fair. | 10 | 30 | equal | equal | equal | equal | fafshon | yue. | fafshon | yue. | fafshon | yue. | fafshon | yue. | fafshon | yue. | equal | # | # | # | # | # | # | # | # | # | # | # | # | # | # | # | 10 | 20 | 30 | 10 | 10 | 10 | 10 | 20 | 20 | 20 | 20 | 30 | 30 | 30 | 30 | # | # | # | # | # | # | # | # | # | # | # | # | jørgen | form | i | don't | know | yet. | i'm | sorry. | i'm | sorry. | i'm | sorry. | you're | a | bargainer. | you're | a | bargainer. | you're | a | bargainer. | i'm | here. | 20 | fe | brego. | let | me | show | you | around. | it's | a | time | of | relaxation. | the | elevator | hall. | yes | vias | iyen. | yoe. | laundry.,0.0741,3,4,109
tr_img_06781,0,,,kyungu | style | # | # | # | i | don't | know. | # | # | # | # | # | #,0.0000,0,0,14
tr_img_06782,1,Oつ東日六本社ビ川,"on | the | east | side | of | the | river,",,0.0000,0,7,0
tr_img_06783,5,PＡＲＳペルッア | ペルシャ縅露 | キリム・サラサ直輸入 | ペルシャ彼条置朝入,parsperach | persia | kilim | salasa | remedy. | the | persians | entered | the | hazor | in | the | morning.,(for | fully | formatted | text | persian | carpet | salasa | remedy. | kilim...,0.4233,2,11,7
tr_img_06784,27,静岡県庁 | 静具庁 | 御幸町 | スラジメジ | 御幸町 | 駿府城公園 | その祖北から爪い山のマ | 山会 | 府城公 | 企平下 | 新静岡駅 | 新静図站 | 伝馬町 | 西店 | 侍弓町,shizuoka | prefecture | shizushi | agency. | good-bye. | surraise. | good-bye. | tsukoku | park. | it's | from | the | far | north. | the | mountain | meeting | your | highness. | you're | out | of | your | mind. | shinaoka | station. | shinji. | it's | a | long | trip | town. | west. | manjidani.,good-bye. | good-bye. | i | don't | know | what | you're | talking | about. | it's | a | run-a-do-do-do-do-do-do-do-do-it-all. | shinaoka | station. | i'll | take | care | of | you. | tsukoku | park. | seung | jo. | shizuoka | prefecture | sir. | it's | just | a | matter | of | time. | i | can't | tell | you | how | much | i | love | you. | seung | jo.,0.0859,13,21,30
tr_img_06785,4,徐行 | 最 | 設差、公暫に | ご注意くだごい,step | by | step | top | i'll | be | right | back. | i'll | be | right | back. | be | careful.,slowest | line | spacing | please | be | careful.,0.4755,2,12,4
tr_img_06786,8,`案内 | 小田急線では、 | 都営大江工戸線の | 最終軍車への接続はしておりません | 電車が遅れたり、乗り換えに時間が | かかると、間に合わない場合があります | ご利用のお客さまはご注意ください。 | 駅長,"i'll | show | you. | i'm | going | to | show | you | how | to | do | that. | it's | called | ""the | city | of | ecdo | line."" | we | have | no | connection | to | the | final | vehicle. | the | train's | delayed. | it's | time | to | change | trains. | it's | going | to | take | a | while | to | figure | out | what's | going | on. | please | be | careful | with | your | guests. | station | manager",let's | go. | the | train's | either | late | or | the | train's | running | out | of | time. | we | have | a | connection | to | the | last | train. | it | may | not | make | it | in | time. | the | customers | who | use | it | are | very | careful. | station | manager | on | the | line | oda | it's | on | the | tokyo | edo | line.,0.0300,13,42,35
tr_img_06787,0,,,aoyama.,0.0000,0,0,1
tr_img_06788,3,パラトククランッアをクシ全んイは | フインドッェャを | ハピーアッパクマク,i'm | not | sure | if | you'll | ever | get | enough | of | the | paratokranchair. | give | me | the | huddja. | hapiakakmakmak.,all | 66 | species | and | that's | what | i'm | going | to | talk | about | today. | with | a | bottle | of | wine. | standard | 98. | there | are | 45 | different | kinds | of | cocktail | yahoos. | happy | hour.,0.0585,2,14,27
tr_img_06789,5,日水酒 | 清水港次郎長シリズ | 太,"aquamarine. | kiyoshi | bay, | deputy | chief | shiriz. | fat",kilimoto | i've | got | a | guy | with | me. | i'll | be | right | back. | (dramatic | theme | playing) | (dramatic | theme | playing) | i'm | sorry | i'm | at | 1130. | mt. | fuji | i'm | sorry. | i'm | sorry. | i'm | sorry. | shizuoka | sweet | summer | i'm | sorry | iso. | shizuoka | sweet. | stone | fence | i'm | sorry. | i'm | sorry. | i'm | sorry. | it's | special. | ale's | sake. | ale's | sake. | ale's | sake. | ale's | sake. | japanese | wine. | the | tree's | deputies.,0.0515,0,7,61
tr_img_06790,0,,,by | the | way | water | number | south | 11 | west | 7. | he's | a | dentist. | # | # | # | # | # | # | tomorrow's | dental | clinic. | # | # | # | # | # | # | # | # | # | line | # | # | # | # | # | # | # | # | # | # | # | # | # | # | # | # | # | # | # | # | # | # | # | # | # | # | # | # | # | # | # | # | # | # | # | #,0.0000,0,0,67
tr_img_06791,1,,,,1.0000,0,0,0
tr_img_06792,1,ラ飛貧海透物,it's | a | rastafarian.,saito | mizuzuru | saito | mizuzuru | high | quality | sea | saito | mizuzuru | high | quality | sea | saito | mizuzuru,0.1972,0,3,14
tr_img_06793,1,8藤子スタジオ,fujiko's | studio.,elevator | one-man. | fujiko | studio. | ice | view,0.4638,1,1,5
tr_img_06794,4,万世町中 | 軽重両圧,all | over | the | world. | low-frequency | biceps,it's | all | over | the | world. | it's | for | light | vehicles.,0.6087,4,2,5
tr_img_06795,5,鷹市 | 北野四丁,eagle | city | four | northeasts.,three. | mitaka | city | i'm | 8th | and | northeast. | check | left | and | right. | i | don't | think | so.,0.3662,1,3,14
tr_img_06796,0,,,gurmme | street. | street | of | ginza. | city,0.0000,0,0,6
tr_img_06797,1,,,ishima | city.,0.0000,0,0,2
tr_img_06798,22,青永次郎長の生家 | 清水次郎長出生之家 | 青永マリンビル | 清水海洋大 | 人可 | エスパルスドリームプラザ | S-Pulse琴勾一場 | 山人晋人堂司平訂式 | フェルヶケール博物館 | 清水港湾博物館 | Verkehr博物箱,that's | why | i'm | here. | shinji | shizura. | blue | marlinville. | aquamarine. | i'm | full | of | people. | esspire | dream | plaza. | s-pulseharp | point | i'm | not | sure | if | i'm | going | to | be | able | to | do | this. | the | ferd | scale | museum. | the | manchure | bay | museum. | verkehr | museum | box,chief | shizuru's | house. | i'm | so | glad | you're | here. | manchuria | manchuria. | nintendo | bay | museum | i | don't | know | what | you're | talking | about. | worker's | pulse | it's | a | map | museum. | a | pure | water | marinville.,0.0459,5,36,25
tr_img_06799,6,販売中 | 円 | お札中止 | つり銭切れ | れたまシつのあるまいは | とないますのでごおほはお止めくさい,"marketing | circle | stop | the | tag. | i'm | out | of | change. | it's | a | little | bit | like | this, | but | it's | a | little | bit | like | this. | i | don't | think | so.",marketing | circle | stop | the | tag. | i'm | out | of | change. | a | wet | bill. | a | wet | bill. | i | don't | want | to | use | it.,0.6709,13,13,8
tr_img_06800,6,キャンペーン | 大人気コ三ス | 足(フツトン十整体(ボデイ | 40分 | 30分 | 5000円,"the | campaign. | grown-up | spirit. | i | don't | know | what | you're | talking | about. | 40 | minutes. | half | an | hour. | 5,000 | yen.",cypriot | pesoso | grown-ups. | (panting) | half | an | hour. | 40 | minutes. | 5,0.4955,5,13,5
tr_img_06801,6,大江戸線 | 新宿駅,edo | line | tokyo | station.,edo | line | tokyo | station. | edo | line | i'm | sorry. | i'm | sorry. | i'm | sorry.,0.5000,4,0,8
tr_img_06802,6,簡単安和 | 全自動 | 啓通り店 | コインランドリー | ふわふわランド,easier | peace. | all | autos | the | ree | street | shop. | the | laundromat. | it's | a | pygmy | land.,easy | don't | worry. | all | autos | illiteracy | the | laundromat. | it's | a | pygmy | land.,0.7400,8,6,4
tr_img_06803,4,中原区 | 木月 | 1丁目,central | district | tree | moon | one.,middle-earth. | tree | moon | one.,0.6301,3,2,1
tr_img_06804,8,千歳通 | が見だい。 | お君徒を美買にしたい | お冬第と第に美園,a | thousand | years | old. | see? | i'd | like | to | buy | you | some | beauty. | it's | the | winter's | first | and | second | most | beautiful.,# | # | # | a | thousand-year-old | street. | # | # | # | oh | # | # | # | byte | # | # | # | # | # | # | # | # | # | i'm | in | business. | i'm | in | business. | i'll | be | right | back. | i'll | be | right | back. | i'll | be | right | back. | fabulous | inhalation. | sit | down. | # | # | # | # | # | # | the | charge-sharbic. | i | don't | think | so. | a | smile. | i | want | to | see | your | smile. | i | want | to | make | you | smile. | smile | with | the | guests. | i | want | to | be. | beavold. | winter. | ma.,0.1304,4,16,78
tr_img_06805,1,北,north,no. | no. | no | 4th | street.,0.2286,0,1,5
tr_img_06806,2,東日本檜 | 三丁目,i'll | be | right | back. | three.,tohoku | bridge | three.,0.5517,1,4,2
tr_img_06807,1,,,empty,0.0000,0,0,1
tr_img_06808,1,目販,foreplay,shizuoka! | pa. | a | dislodged | water | stopper. | a | chilean | paper | vending | machine. | you're | a | good | student. | so... | the | building.,0.0506,0,1,18
tr_img_06809,4,地方発送承ります | 部 | 水,we're | sending | you | in. | section | water.,aquamarine. | we're | sending | you | in. | i | was | a | fish | shop. | there's | no | such | thing | as | an | old | yakuza. | it's | a | retailer. | i'll | bet | you'll | be | fine. | the | holidays. | aquamarine. | i'm | in | business.,0.2175,4,2,28
tr_img_06810,0,,,it's | an | ice | fresco. | general | water | # | # | #,0.0000,0,0,9
tr_img_06811,5,みた,i | see | it.,mida. | i | see | it.,0.7647,3,0,1
tr_img_06812,3,江尻東,ebina.,ebina.,1.0000,1,0,0
tr_img_06813,4,インド・チベット・ネパール料理店 | カレ一は越薬膳! | ザ激能 | ヒマシ十仙楽部,the | indian | timbette | neal | restaurant. | he's | got | a | pharmacie! | zagreb. | i'm | sure | you'll | be | happy | to | meet | me.,it's | a | restaurant. | it's | a | restaurant. | hi | hi | gyoza's | too | good | to | be | true. | that's | a | super-medicine!,0.4586,4,14,13
tr_img_06814,2,さえる | 冬の奥大瀬,"i | will. | in | the | back | of | the | winter, | ose.",here. | even. | in | the | winter,0.5455,2,7,3
tr_img_06815,3,2輪車 | 三TC | 我店,two-wheeler. | 3tc | we're | here.,two-wheeler. | it's | a | shop.,0.7385,1,3,3
tr_img_06816,3,ヘレイ | とん,heley. | no.,helper. | hey. | i'm | looking | for | you!,0.4000,0,2,6
tr_img_06817,1,ち丁月の,it's | a | small | month.,mong-sama. | ginza,0.2326,0,4,2
tr_img_06818,4,医療法人社団 | 内田藤科医院 | 内剛会,medical | services. | inwada | medical | school. | integration,inda's | dentist's | office. | medical | services. | integration,0.5238,3,3,3
tr_img_06819,20,エキパ地下駐車場 | エキパ」地下停奉珣 | 静岡中央郵便局 | 静図中央邸局 | 山天生引季g学知字 | 静岡音楽館 | 静図音館,extra | basement | parking | lot. | i'm | going | to | go | to | the | basement. | shizuoka | central | post | office. | shizushi's | central | residence. | maturation | g's | shizuoka | music | hall | the | symphony,"""expa | ""exp"" | underground. | shizuoka | central | post | office. | i | don't | know | what | you're | talking | about. | shizuoka | music | hall | aoi | i | don't | know | what | you're | talking | about. | i | don't | know | what | you're | talking | about. | i | don't | know | what | you're | talking | about.",0.2075,7,18,32
tr_img_06820,2,坂場 | 月町売中原区奈月2-69:,"stairway | 2-69, | month-to- | month-to-month, | nara.",stairway | march | 2-698,0.3846,1,4,2
tr_img_06821,7,OSBパワードブレミアムサウンド | USBパワードスピーカの革命 | 最新テクノロジーで業界をリードする | 技術集団の新ブランド0Iās0ñicが贈る | ハイパワープレミアムサウンド,osb | power-dreme | sound | the | revolution | of | usb | power | dospika | we're | going | to | lead | the | industry | with | the | latest | technology. | i'm | going | to | give | you | a | new | brand | of | the | technology | group | ās0's. | high | power | premium | sound.,i'll | lead | the | industry | with | the | latest | technology. | high | power | premium | sound.,0.5040,11,25,1
tr_img_06822,7,電重乗 | 寝てても貯まる | 西 | ポインしが | 書車で下多する入になろろ,electricity | it'll | save | you | while | you're | sleeping. | west. | it's | a | lead. | you're | going | to | have | to | write | a | lot | of | letters.,i'll | take | the | train. | it's | all | there. | it's | all | there. | the | point. | if | you're | going | to | do | that | i'm | going | to | be | a | person | who's | going | to | play | on | the | train. | # | # | # | # | # | #,0.0103,6,15,31
tr_img_06823,1,南11西8,south | 11th | and | south | 8th.,south | 11 | west | 9. | child,0.6349,1,4,4
tr_img_06824,4,南部ルート | 都営西国駅 | 墨メ役所 | 左面,southern | route | city | west | state | station. | it's | the | ink | mejolli. | left | side,southern | route | city | and | state | station. | medda | district | hall. | it's | where | we're | going.,0.6600,6,6,7
tr_img_06825,4,芝 | 五丁日 | 永008283道,"the | lawn. | five | days. | it's | a | long | way, | 80883.",the | lawn. | five. | water | 80883.,0.6875,3,6,2
tr_img_06826,4,奈川会院 | の先 | 木場6-9-8,nara | resident | at | the | end. | woodfield | 6-9-8.,akigawa | medical | school. | a | doctor. | the | circulatory | system. | that's | where | we're | going. | woodfield | 6-9-8.,0.5000,3,4,11
tr_img_06827,27,レツクス南13西5パーキンク | 24日 | 60分 | 200円 | 平日500円/王日祝700円 | 入庫後12時間 | 最大 | 最大料金 | 繰返しあり | 糸入庫した時点での曜日・祝日を基に最大料金が適用されます | 人料金は後精算(出庫時)てす | 1駐車の際には0 | のフラツプ板が下がっているのを確認の上 | 入庫下さい。 | ２。出庫。精算の際に | 2後進区てのつくり車室大入れe下さし | ほ解除されます | 沿庫下さい | 重後お乗り下さい | 氷 正アロパーッ装着車の庭車は・ご遠意下さい | ご落意願し進します | 札幌警備株式会社 | 緊急時の連絡先 | 株式会社レックスコーポレーション | 運宮芸社,"13th | west, | 5th | prickin' | south | of | leeds. | 24th | 60 | minutes. | 200 | yen. | 500 | yen | on | weekday. | 700 | yen | on | festival | day. | twelve | hours | to | stock. | maximum | maximum | charge | there's | a | return | the | cost | of | the | day | is | equal | to | the | amount | of | time | it | takes | to | store | it. | we'll | charge | you | back | to | the | stock | market. | one | parking, | zero. | (laughter) | please | enter. | two. | explosives. | we're | going | to | have | to | do | something | about | it. | it'll | be | lifted. | i'd | like | to | see | the | inventory. | get | in | the | back | seat, | sir. | you're | welcome | to | have | an | ice-aupered | garden | car. | i'll | go | forward | with | your | request. | it's | a | security | company. | in | case | of | an | emergency. | the | stock | company's | rex | corpusion. | america.",south | rex | min | circle | it's | been | 12 | hours. | maximum | maximum | charge. | there's | a | return | workday | circle | happy | birthday | to | you! | circle | that's | what | i'm | going | to | do. | the | maximum | charge | applies | to | the | holiday | based | on | it. | the | fee | is | for | the | revaluation. | one | (laughter) | please | enter. | please | take | two | backward | steps | and | slowly | enter | the | car | room. | be | sure | to | step | over | the | flap | board | and | park | in | position | for | a | car | stop. | the | four | flaps | will | automatically | rise | and | lock | in | a | few | minutes. | it's | not | a | car. | it's | not | a | car. | it's | a | car | please | don't | do | this. | so | let's | think | about | it | a | little | bit. | there's | been | an | accident | in | the | parking | lot. | and | i'm | not | responsible | for | the | theft. | you | can | use | a | thousand | yen | bill. | you | can | also | issue | receipts. | so | let's | do | that. | please | don't | make | a | mistake | parking | the | parking | lot. | after | 3 | valuation | (laughter) | i'd | like | to | go | out. | if | you're | on | board | five | please | be | careful. | contact | in | case | of | an | emergency. | it's | a | security | company. | the | stock | company's | rex | corpusion.,0.0081,55,62,126
tr_img_06828,5,カレ一総研公認 | 煮込み | カレー総研公認,he's | all | clear. | cooking. | calais | general's | approval.,name | we | don't | know | what | we're | talking | about. | pure | water. | i've | got | a | curry. | calais | general's | approval. | no. | no. | i'll | put | the | curry | in | the | pan. | it's | a | tourist | tour. | it's | a | tourist | tour. | # | # | # | high | # | # | # | the | hospital. | # | # | # | # | # | # | # | # | # | (december | 4th) | # | # | # | tomatoes. | it's | coming | in. | i'm | just | pouring | hot | water. | it's | ready. | # | # | # | in | a | day | (popopopoca) | it's | easy | for | you. | # | # | # | easyball. | # | # | # | # | # | # | # | # | # | # | # | # | calais | general's | approval. | rae. | pure | water. | brand | it's | a | big | deal. | # | # | # | # | # | # | i'll | put | some | curry | on | the | table. | snip | i'm | sorry. | i'm | sorry. | i'm | sorry. | ma'am. | premium | pure | water. | brand | it's | a | big | deal. | snip | ma'am. | premium | # | # | # | # | # | # | i'm | sorry. | i'm | sorry. | i'm | sorry. | pure | water. | brand | it's | a | big | deal. | # | # | # | to. | # | # | # | # | # | # | half | ripe. | # | # | # | tree | # | # | # | the | king! | # | # | # | securities | tea | # | # | # | kanzaki's | power. | # | # | # | snafh,0.0237,3,4,189
tr_img_06829,7,四中学受ひよル | ひよし雪 | 屋 | 築幹堂,"i'm | a | four-year-old | student. | snowy | snow | hey, | hey, | hey, | hey, | hey, | hey, | hey, | hey, | hey, | hey, | hey, | hey, | hey, | hey, | hey, | hey, | hey, | hey, | hey, | hey, | hey, | hey, | hey, | hey, | hey, | hey, | hey, | hey, | hey, | hey, | hey, | hey, | hey, | hey, | hey, | hey, | hey, | hey, | hey, | hey, | hey, | hey, | hey, | hey, | hey, | hey, | hey, | hey, | hey, | hey, | hey, | hey, | hey, | hey, | hey, | hey, | hey, | hey, | hey, | hey, | hey, | hey, | hey, | hey, | hey, | hey, | hey, | hey, | hey, | hey, | hey, | hey, | hey, | hey, | hey, | hey, | hey, | hey, | hey, | hey, | hey, | hey, | hey, | hey, | hey, | hey, | hey, | hey, | hey, | hey, | hey, | hey, | hey, | hey. | tsunami.",thank | you. | i'm | sorry | to | have | to | ask | you | for | your | junior | high | school | exam. | pissers. | eclipse,0.0762,1,100,16
tr_img_06830,3,無料体験 | レッズン | 実施中!,free | experience. | rezen. | it's | in | operation!,free | experience. | lesson | it's | in | operation.,0.9038,4,2,2
tr_img_06831,10,6番線ののか家 | 総武線(名駅停革) | 船橋・千葉方面,"the | house | on | the | 6th. | all | right, | let's | go. | bridges | and | chiba.",line | 6 | general | bridges | and | chiba.,0.5556,3,9,3
tr_img_06832,1,R川乗藤井ビル,toto | iiville | on | r | river.,stocks. | company | fujiiville. | no | all | right,0.5854,0,5,6
tr_img_06833,4,日本橋 | 入町 | 一丁目,japan | bridge | i'm | in | town. | one.,japan | bridge | it's | doll | town. | one.,0.8916,4,2,2
tr_img_06834,31,JＲ清水駅 | マリナート | 清水文化会館 | JR人I天 | 清水站 | 人口天 | 山 | 市役所清水庁舎・清水区役所 | 市役所清水庁舍清水区役所 | 人己 | 人口天却人卜・人口天不 | 静鉄新清水駅 | 静鉄新清水站 | 山人口天 | 人天印夫,"jr | clean | water | station. | marinart. | the | chrysanthemum | museum. | the | jr-a-i-e. | manchuria. | demosphere | mountain | (for | fully | formatted | text, | see | publication) | (for | fully | formatted | text, | see | publication) | (for | fully | formatted | text, | see | publication) | the | self. | no | population. | no | population. | shikoku | shizura | station. | shikoku | shikoku | mountain | population | the | marker.",shizura | station | marinato | (for | fully | formatted | text | # | # | # | shikoku | shizura | station. | # | # | #,0.3813,6,40,10
tr_img_06835,7,お桜上水 | さくらじよつすい | 上北沢 | 下高井戸,the | cherry | water. | i | don't | know. | hanzawa. | low | well,sakura | water | hanzawa. | low | well | it's | so | good.,0.5366,3,6,5
tr_img_06836,7,やきとり家 | すみれ | 笑,a | wretch. | out. | smile.,smile. | it's | an | old | house. | out.,0.3582,2,2,4
tr_img_06837,3,北野 | 四丁目,no. | no. | no. | 4th | street.,island | sea | no. | no. | no | 4th | street.,0.7895,4,1,3
tr_img_06838,4,5ス0 | ブしト,5s0 | bult,s. | here | you | go. | s4.,0.2703,0,2,5
tr_img_06839,2,クリーンパイツ | 町部,clean | pineapples. | town,glynjits. | a-h-a-a-a-d.,0.3200,0,3,2
tr_img_06840,2,甘酒横丁,sweet | wine | knife.,sweet | wine | knife.,1.0000,3,0,0
tr_img_06841,2,中の島1条3丁目,it's | on | the | island. | it's | on | the | island | number | three.,it's | island | number | three | inside.,0.5636,3,7,2
tr_img_06842,4,おを様へ願い | 水が流れくくなっております | 流れろすで | レパーをあげて下すい,"may | i | have | your | attention, | please? | the | water's | starting | to | flow. | let's | go. | i'll | give | you | a | receipt.",i'd | like | to | have | a | guest. | the | water's | getting | harder. | until | i'm | out | of | here. | please | raise | the | lever.,0.4387,5,13,14
tr_img_06843,4,岡部 | 中原区 | 木月,hydr | central | district | tree | moon,i'll | be | right | back. | middle-earth. | tree | moon,0.4681,2,3,5
tr_img_06844,2,締切,due,due,1.0000,1,0,0
tr_img_06845,8,中央区 | 日本商人沿町丁目,central | central | the | japanese | trade | fair.,middle-earth. | one | japanese | bridge | doll.,0.5773,1,5,4
tr_img_06846,62,Tポイント貯まります。 | ご精算は後払い(お帰りの際)です。 | 故障。 | トラブル時は | こちらまでご連絡ください | 日i7 | 車室番号をご確認ください。 | 駐連場路 | 札幌南12西6 | 使用できません | 車案番号と料金を確認し | 入力して | ださい | を押し | ので | 1精算 | アプリのグウンロードはこち | 料金をお支払いください | サー | ビス券/カード | 1000紙“ | エカードをお持ちのお客様へ | コイン | 00円 | ご精算金額に応じて | 1ポイントが | 貯まります | 一PoiNt | の説の並り | 緊急連絡先 | リパークコー | ルセンター | て出庫し | 駐車場名 | リパーク札親南12西6 | つリ・領収書ば | 下の取出口 | から出ます | 復払 | 法人惠用 | マイルが出まのます | 圏四 | エポイントが好まります | 取 | 三井のリパ一ク,"t-points | will | be | stored. | i'll | pay | you | later | (when | you | return | home). | it's | not | working. | when | you're | in | trouble. | please | let | me | know | you're | here. | day | i7 | please | check | your | room | number. | concentration | track | 12th | and | 6th | west | of | hokkaido. | unable | to | use | i'll | check | the | car | plan | number | and | the | fare. | okay, | here | we | go. | you've | got | to | be | kidding | me. | press | i'm | sorry. | 1 | array | the | app's | google | is | comfortable. | please | pay | the | fare. | sir. | bispass/ | card | 1000 | paper | cypriots | i | want | you | to | have | an | e-card. | coin | 00 | yen. | depends | on | the | amount | of | money | you're | paying. | one | point. | i'll | store | it. | 1 | point | it's | a | line | of | theories. | emergency | contact | rigorco. | lucent | i'm | out | of | stock. | parking | name | riverau, | 12th | and | 6th. | i'm | gonna | need | a | bill. | downside | exit. | let's | get | out | of | here. | revert | it's | for | you. | it's | going | to | be | miles. | circle | 4 | i'd | like | an | ephemeral. | take | it. | it's | the | lipacre | of | mii.",it's | not | working. | it's | not | working. | please | keep | in | touch. | 12th | and | 6th | west | of | hokkaido. | parking | name | check | the | car | number | and | the | fare. | use | amount | 200 | yen. | boyo. | 200 | yen | from | now | on. | claws. | boyo. | it's | 200 | yen. | i'll | give | you | one | boysoso. | in | accordance | with | your | payment | it's | a | poise. | i'll | save | it | for | you. | river | park | emergency | contact | parking | name | reek | yul | seso. | it's | 12th | west | 6th | of | river | river | river | river. | i'm | sure | the | board | is | down. | let's | go. | let's | go. | let's | go. | let's | go. | the | change. | the | receipts | are | from | downstairs. | yusso | river | park | cretit | usage | statement. | park | certificate | change/ | receipts | i'll | pay | you | later. | it's | only | for | the | corporation. | i'm | sorry. | i'm | sorry. | i'm | sorry. | magnification | sa | onebis | this | is | it. | it's | a | little | bit | more | complicated | than | that. | i'll | save | you | a | lot | of | miles. | i'll | save | you | a | bowl. | i'll | pay | you | later | (when | you | return | home). | i | can't | use | it. | (laughter) | please | check | your | room | number. | calculator | please | insert | it. | i'll | put | them | together | raise | the | arrow | face | two | and | a | half | and | a | half | yen. | i | can't | do | it. | so | let's | say | that | this | is | equal | to-- | let's | say | that | this | is | equal | to-- | let's | say | that | this | is | equal | to-- | let's | say | that | this | is | equal | to-- | let's | say | that | this | is | equal | to-- | let's | say | that | this | is | equal | to-- | let's | say | that | this | is | equal | to-- | ten | thousand | yen | bills. | if | we're | going | to | take | back | the | count | a | thousand | bills. | press | the | check | button. | enter | your | car | number. | magnification | repositories | parking | certificate | exploding. | i | can't | repay | you. | sweat. | give | it | back. | i'll | take | care | of | it.,0.0521,76,84,205
tr_img_06847,2,美味しさ五ツ星 | 北隆新幹線,it's | delicious. | north | hanazawa.,it's | delicious. | northland | shinkansen. | # | # | #,0.6957,2,2,5
tr_img_06848,4,緑ヶ丘みんなの森入口 | 仙川駅 | 仙0イ | 騒線連行図,"green | hill, | the | entrance | to | the | forest. | sengawa | station. | sendai. | a | line-up | diagram.",we're | going | to | be | in | the | woods | for | everyone | on | the | green | hill. | yumichi | nitabas | sendo1 | sengawa | station. | sengawa | station. | green | hill | cycling | bus. | line-to-run | diagram | sengawa | station. | i'm | taking | you | to | yuichi | nitabas | i'll | get | you | some. | # | # | # | ? | i'll | tell | you | what.,0.1138,6,7,40
tr_img_06849,0,,,i'm | so | glad | you're | here. | sadako.,0.0000,0,0,6
tr_img_06850,4,賃貸 | ø買う | マネー比較,rent | i'll | get | you | a | premedium. | money | comparison,rent | i'll | buy | it. | money | comparison,0.7619,4,4,2
tr_img_06851,3,やおぶし,"no, | no, | no, | no, | no, | no, | no, | no, | no, | no, | no, | no, | no.",oh,0.0260,0,13,1
tr_img_06852,2,対馬,fighter | against | horse.,fights | against | each | other.,0.7586,1,2,3
tr_img_06853,6,12月 | おイ木み,december | yaki.,december. | yaki.,0.9697,1,1,1
tr_img_06854,16,クレジットカードをご利用いただナます | の部分に挿入して下さい。 | クレジットカード | のクレジットカードを使用する場合 | に入れて下さい | 現金を先 | 必す | 現金と力一ドを併用する場合、,you've | been | using | your | credit | card. | please | insert | it | into | the | part. | credit | cards | so | let's | say | i | have | a | credit | card. | let | me | in. | cash | first. | i | have | to. | so | we're | going | to | use | cash.,please | use | your | credit | card. | so | let's | say | i | have | a | credit | card. | credit | cards | please | step | into | the | part. | and | that's | what | we're | going | to | do. | be | sure | to | put | the | cash | first.,0.1328,23,13,11
tr_img_06855,1,中庫注意,keep | your | eyes | open.,be | careful | with | the | inventory. | the | car's | leaving.,0.4045,0,4,8
tr_img_06856,2,キャス,cass.,khys.,0.4000,0,1,1
tr_img_06857,2,人形町,doll | town,it's | doll | town.,0.7333,1,1,2
tr_img_06858,2,中の島1条3丁目,it's | on | the | island. | it's | on | the | island | number | three.,it's | island | number | three | inside.,0.5636,3,7,2
tr_img_06859,4,居酒屋 | 太魚 | 神理生をし | 久,a | liquor | store. | fat | fish. | i'm | a | rationalist. | no.,taste. | one | after | the | other. | a | liquor | store. | fat | fish. | south | cooking | and | reservation | kunihito. | the | main | store.,0.5700,5,4,13
tr_img_06860,10,北海道立文学館 | 姜国神社 | 伊夜日子神社,"hokkaido | cyclopædia | i'm | at | the | miyagi | shrine. | iwaji | iwaji, | miyagi.",it's | the | fukuoka | university | of | hokkaido. | it's | a | shinto | shrine. | i'm | ichiji | shikoku.,0.3789,3,7,10
tr_img_06861,11,鴨々川ななめ通り | 鴨鴨川料道 | 鴨鴨川斜道 | すすきの | ヘ人引上 | 薄野,just | like | you | said. | isegawa | tokui. | isegawa's | slope. | soot. | heroes. | shino,just | like | the | river | raven. | 300. | shino | soot. | # | # | # | i'm | on | the | slope | of | the | tohoku | river. | i'm | on | the | slope | of | the | tohoku | river.,0.3134,4,7,23
tr_img_06862,2,電動シャッタ | 国戸責王施,electric | shatter | imprisonment | king.,electric | shutters. | rainpots. | workman's | license.,0.6250,1,3,4
tr_img_06863,2,テナントo! | さつき通り,tenanto! | just | like | you | said.,just | like | you | said. | # | # | # | i'm | looking | for | tenant. | yu | life. | lu. | # | # | # | # | # | # | # | # | # | # | # | #,0.2907,4,1,22
tr_img_06864,0,,,prolonged,0.0000,0,0,1
tr_img_06865,2,中の島条2丁目,it's | the | island | code | two | inside.,one | and | two | islands | inside.,0.5974,2,4,3
tr_img_06866,4,港松,port | matsu,port | bridge,0.5600,1,1,1
tr_img_06867,10,名刹の | 永子伏巻 | 毎月24日年後1時より | 本堂にて合同供養法要厳修 | 先祖伏養若事新社 | 電話予約司511-5917 | 受付毎日午後1時4時 | 豊川稲荷別院 | 玉宝禅寺祖院: | 開創明治31年,"for | his | name. | the | permafrost. | it's | been | 24 | days | every | month | from | 1 | o'clock | in | the | afternoon. | in | the | main | building, | the | martial | law | of | co-operation | is | strict. | ancestors | and | young | people's | association. | telephone | reservation | 511-5917. | it's | 1:04 | p.m. | every | day | at | the | reception. | tokugawa | food | resident | the | cemetery | of | the | pantheon: | he's | been | here | for | 31 | years.",instrument | # | # | # | - | i'll | be | right | back. | king. | water | supply. | ancestors | i | pray | for | everything. | hey | it's | been | 24 | p.m. | every | month | since | 1 | p.m. | in | the | main | building | recipe | open | it's | between | 1 | p.m. | and | 4:00 | p.m. | every | day. | i'll | be | back | in | 31 | years. | phone | reservation | 511-5917. | it's | the | chrysanthemum. | i | don't | know. | # | # | # | i've | got | six | tokugawa | food | resident | tokugawa | # | # | #,0.2610,24,34,46
tr_img_06868,24,清水魚市場・河岸の市 | 清水亀市均 | 河岸市瑤 | 。フ人生OII(人メ) | 青水テルサ | 静図市奈部勤蒡者福祉中心 | 清永 | 人可天副早人 | エスバパルスドリームプラザ,"a | city | on | a | freshwater | fish | market | and | a | river | bank. | manjidani | city | i'm | going | to | take | care | of | you. | i | don't | know. | blue | water | tellsa | i'm | at | the | center | of | seung | jo's | life. | hironori. | i'm | a | man, | an | impertinent | man. | esba | pulse | dream | plaza.",facility | guide | powderfish | market. | the | city | on | the | river. | # | # | # | riverside | market | pure | water | tellsa | # | # | # | esperance | dream | plaza. | # | # | #,0.3618,8,37,18
tr_img_06869,1,公園門一432,432 | park | gate.,park | h-482.,0.5161,1,2,1
tr_img_06870,2,で,so...,chinese | food. | prime | minister.,0.2000,0,1,4
tr_img_06871,12,東京都庁 | 都営大江戸線都庁前駅,"tokyo | city. | tokyo | edo | station, | prefecture.",tokyo | city. | tokyo | edo | station | i'm | at | the | front | station.,0.6880,4,2,6
tr_img_06872,7,ミビョーネ | ミビョーナ | 未病を治そう! | 未病を治す | すかながわ宣言協力店! | 協力活動 | 神奈川県,michaeline. | mibijona. | let's | get | rid | of | this | disease! | i'm | gonna | cure | him. | i | don't | know | what | to | do | with | it. | cooperation | kanagawa,mibjönna. | mibjön. | let's | get | rid | of | this | disease! | i'm | not | sure | if | i'm | going | to | cure | the | disease. | kanagawa,0.6234,10,12,9
tr_img_06873,7,南口剪票口 | 南口札 | 南口剪票口 | 甘番 刑替子,"south-a-things. | south-england | tag | south-a-things. | sweetie, | money | changers.",south | entrance | rendition,0.3509,0,7,3
tr_img_06874,7,静岡市田 | 全合巡幼場 | 田道1号,shizuoka | yota. | all | - | rounding | children's | places | way | one.,shizuoka | city | highway | one. | we're | at | the | converging | station.,0.3673,2,7,7
tr_img_06875,10,鷹匠 | 栄町 | 伝馬町 | 鷹匠 | 菊町 | 俵弖町 | 人Hフ卜Ol,master. | it's | a | nice | town. | it's | a | long | trip | town. | master. | yumachi. | i'll | be | right | back. | man | hfust,master. | # | # | # | it's | a | nice | town. | # | # | # | it's | a | run-a-do-do-do-do-do-do-do-do-it-all. | # | # | #,0.4659,7,11,10
tr_img_06876,1,祖日屋,it's | an | early | dater.,i'll | take | care | of | you. | 100 | the | sunriseer.,0.4444,0,4,8
tr_img_06877,6,中央区 | 日奈西町二丁目,central | central | 2nd | street | of | nara.,central | central | i'm | from | japan. | i'm | from | japan. | i'm | from | japan.,0.5312,2,4,9
tr_img_06878,25,ななゼラム洗濯機 | 洗浄 | Aラ710 | 泡先浄 | 温水 | 洗承 | 洗濯 | 脱水容量 | 乾燥容量 | 洗剤液を | ガンコな汚れも | あたためて洗う! | 素早く落ちる! | 本体 | 幅6000 | 奥行 | サイズ | (イメージ図) | メ排水ホース含まず | (イメーシ図),zellum | washing | machine. | washing | ala | 710 | fabulous | cleanup | hot | water | wash. | washing | dehydration | dry | capacity | i'm | gonna | need | some | cleaning | fluid. | i've | got | a | lot | of | dirt | in | my | face. | i'm | gonna | wash | it! | it's | going | to | fall | fast! | main | body | six | thousand | width. | entrepreneur | size | (impressions) | no | water | hoses. | (imisi | diagram),hey | wash... | dehydration | capacity | dry | capacity | a | book. | body | size | 60.0cm | wide | hot | water | browsing | cleaning | fluid | i | don't | know | what | you're | talking | about! | (imitation) | it's | quick. | browsing | i've | got | a | lot | of | dirt | on | my | hands. | it's | going | to | fall | fast! | immaculate | diagram | washing | pure | not | including | the | drain | hose.,0.1462,21,31,30
tr_img_06879,0,,,please | be | careful. | there's | a | vicious | dog | out | there.,0.0000,0,0,9
tr_img_06880,4,三井の | リパク | 入口はこちら,i'm | going | to | meet | you. | rack. | this | is | the | entrance.,river | park | it's | easy | to | stand | up | for | this | is | the | entrance.,0.7027,5,5,7
tr_img_06881,1,日本の画,japanese | painting.,japanese | drink. | sifke.,0.6522,1,1,2
tr_img_06882,2,中の島1条3丁目,it's | on | the | island. | it's | on | the | island | number | three.,it's | island | number | three | inside.,0.5636,3,7,2
tr_img_06883,29,メンズ | アクセサリ | シューズ | アンダーウエア | レデイース | レディース | アクセサリー | シューズ | キッズ | ベビー | キッズ90-170cm,men's. | accessory | shoes. | underware | residence. | ladies. | adornment | shoes. | kiz. | baby. | kid | 90-70cm,assorted | zuze. | adornment | mesozo | tiz. | baby. | tiz. | zuze. | adornment | ladies. | ladies.,0.4601,3,9,8
tr_img_06884,3,中もトマトの人ふへo. | レラューシーは | マトひす。ニれセビ,there's | tomatoes | all | over | the | house. | relahysy. | matto-chan.,the | tadpole | tomato | is | popular. | it's | soft. | it's | sour. | i | don't | think | so. | it's | a | tomato. | more | sweeter,0.2941,1,7,17
tr_img_06885,10,出口 | 出口 | 善子 | 御幸町 | 俵弓町方面 | 御幸町 | 伝馬町方面,the | exit. | the | exit. | good | boy. | good-bye. | i'm | on | my | way | to | kajijicho. | good-bye. | it's | heading | for | the | long | island.,the | exit. | the | exit. | good-bye. | # | # | # | good-bye. | we're | on | our | way | to | longbourn.,0.6245,9,11,6
tr_img_06886,2,世田谷区谷田ふ丁目6番子 | 小林,i'm | the | sixth | son | of | itagawa. | kunihito,isegawa | district | porta | kunihito,0.3908,1,6,3
tr_img_06887,3,スタッフ | 藤集,the | staff. | fujisawa.,the | staff. | i | need | you!,0.5926,2,1,3
tr_img_06888,2,中央区 | 南4条西の丁,central | central | south | 4th | and | west.,central | central | 14 | south,0.6667,3,3,1
tr_img_06889,4,中原区,central | district,no | middle-earth.,0.3333,0,2,2
tr_img_06890,15,井川 | 浄斉BP | 藤枝 | 東静岡駅 | 消水駅 | ター,isegawa. | pure | bp | fuji. | shizuoka | station. | we've | got | a | dehydrated | station. | tah.,taichi | isegawa. | calm | down. | fuji. | shizuoka | station. | shizura | station,0.6630,4,8,5
tr_img_06891,1,三昧,triangular,i | don't | know | what | you're | talking | about.,0.1967,0,1,7
tr_img_06892,0,,,it's | called | the | eclipse | market.,0.0000,0,0,5
tr_img_06893,2,中の島1条3丁巨,three | of | the | islands | inside | are | huge.,it's | island | number | three | inside.,0.4494,1,6,4
tr_img_06894,0,,,it's | a | fish's | fish's | fish. | i | don't | know | if | it's | a | five-year-old | cell.,0.0000,0,0,13
tr_img_06895,2,や山俊夫 | ネ京郡ミ産市北野中-5一4,"hey, | seung | jo | yamayama. | i'm | sorry, | i'm | sorry, | i'm | sorry.",masao | nakayama. | 4-5-4-4-4.,0.3077,0,10,3
tr_img_06896,36,"タイムズ南12西6 | 月金曜 | 土日祝 | 当日24時まで | 500円 | 800円 | 60,200円 | 60,100円 | 60,300円 | 60分 | X2千円5千円 | 1万円札使用でまます | 駐車券の約失にはくれくれもで注意下さい。紛失された場合は当社規定の駐車料金をいたださます | 入場の方法 | 駐車券発行機の前で | 停車して休さい。 | ボタンを押して | 駐車券をお取り | 下さい。 | ゲートが開き | 入場できます。 | マクネットなどに近つけないで下さい。 | 駐車券は曲けたり磁気(集帯電話 | 切責任を負いません | 当湖は | トラブルの際は、緊急電話にてご連絡下さいā4時間係員が対応します。 | ご不明点はこちらまでご連紹下さい | タイムズサービス株式会社","south | times, | 12th | and | 6th. | monday. | happy | birthday | to | you! | until | 24 | p.m. | 500 | yen. | 800 | yen. | 60,200 | yen. | 60, | 100 | yen. | 60,300 | yen. | 60 | minutes. | x2000 | yen | 5,000 | yen. | i'm | going | to | use | 10,000 | yen | bills. | be | careful | if | you | lose | your | parking | ticket. | if | you | lose | it, | you'll | have | our | regulations | parking | charge. | how | to | enter | it's | in | front | of | a | parking | pad. | stop | and | rest. | press | the | button. | take | your | parking | tickets. | please. | the | gate's | open. | you | can | enter. | please | don't | get | too | close | to | mcnet | or | anything | like | that. | the | parking | tickets | are | crooked | and | magnetic | bands. | i | don't | take | responsibility | for | this. | we're | in | the | lake. | if | you're | in | trouble, | please | contact | the | emergency | phone. | if | you | don't | know | anything, | please | join | us. | the | times | services | company.",it's | 12th | and | 6th | west | of | iyms. | it's | friday. | soil-day | celebration. | until | 24 | p.m. | 800 | yen. | 60 | minutes. | 100 | yen | 8:00 | to | 21:00 | 60 | days. | 300 | yen. | until | 24 | p.m. | 500 | yen. | 8:00 | to | 21:00 | 200 | yen. | 100 | yen | 60 | minutes. | maximum | charge. | basic | charge. | you | can | use | a | bill | for | 2 | be | careful | when | you | lose | your | parking | ticket. | if | you | lose | it | introducing | methods | it's | in | front | of | a | parking | pad. | please | stop. | push | bosaso. | parking | tickets. | it's | going | to | open. | it's | going | to | open. | you | can | enter. | please | keep | your | parking | tickets | away | from | me | or | your | magnetic | cell | phone. | you | can't | do | it. | you | can't | do | it. | you | can't | do | it. | you | can't | do | it. | you | can't | do | it. | we | are | not | responsible | for | the | loss | of | our | parking | tickets. | please | contact | the | emergency | phone | when | it | comes | to | the | quads | if | you | don't | know | anything | it's | a | company | called | iesa | one.,0.1194,69,63,87
tr_img_06897,16,南口 | 大通公園・すすきの方面 | 出口 | 南出口 | 南出口 | 墨号 | 善丁,south | entrance. | i | don't | know. | the | exit. | south | exit. | south | exit. | the | ink. | good | knife.,south | entrance. | i'll | be | right | back. | i'll | be | right | back. | soo-dono. | the | exit. | south | exit. | south | exit.,0.6420,8,7,9
tr_img_06898,3,,,,1.0000,0,0,0
tr_img_06899,3,日本橋 | 小舟町,japan | bridge | busttown,japan | bridge | it's | a | fishing | town.,0.6471,2,1,4
tr_img_06900,1,日電一丁目,one | suntan.,it's | the | japanese | bridge.,0.3182,0,2,4
tr_img_06901,5,日本酒 | 清水港次郎長シリズ | 士,"japanese | wine. | kiyoshi | bay, | deputy | chief | shiriz. | man.",japanese | wine. | earth | ale's | sake. | ale's | sake. | ale's | sake. | patent | the | stone | wall. | wine. | a | bottle | of | wine. | shizuoka | # | # | # | # | # | # | wine. | chief | regiment | chief | shizuru | port. | # | # | # | # | # | # | # | # | # | # | # | # | # | # | # | # | # | # | # | # | # | # | # | # | good | wine. | # | # | # | # | # | # | # | # | # | # | # | # | mt. | fuji | # | # | # | [ | picture | on | page | 17] | shizuoka | # | # | # | curry. | pure | water. | # | # | # | five. | # | # | # | pure | water. | i've | got | a | curry. | clean | green | tea.,0.0796,3,5,99
tr_img_06902,2,日本橋,japan | bridge,central | central | japan | bridge,0.5833,2,0,2
tr_img_06903,26,24円 | ナピパーク静14È6 | 入出庫時は口ツ | 板が | 下降し | とを必ず目視でご確認下きい。 | 昼間 | 24時間最大料金 | 30分毎に | 100円 | 夜間 | 100円 | 60分毎に | 入庫後２４時間を過ぎると左記料金が加算されます。) | ナビパークご利馬コ | ロロック版を乗り越ラストンパーまで | コN | OSARISスターツクル | ープ,"24 | yen. | napi | park | still, | 14o6 | when | you're | in | and | out, | you're | talking. | the | board. | down. | i'm | sure | you'll | be | able | to | see | through | your | eyes. | daylight | the | maximum | cost | of | 24 | hours. | every | half | hour. | 100 | yen | nighttime | 100 | yen | every | 60 | minutes. | if | you're | past | 24 | hours | after | the | inventory, | you'll | have | to | add | a | left-to-hand | charge.) | na'vi | park. | i'm | going | to | take | the | rock | version | and | i'm | going | to | take | you | to | the | rastamper. | kon | osaris | starsckle | p-p.",all | of | you. | ! | le. | be | sure | to | make | sure | that | the | board | is | down | when | you | enter | the | store. | day | gate | it's | between | 8:00 | and | 20:00. | 100 | yen | in | 30 | minutes. | nighttime | 100 | yen | every | 60 | minutes. | 14 | west | 6 | south | of | napoléon. | the | maximum | cost | of | 24 | hours. | 1000 | yen | after | 24 | hours | we've | got | to | get | over | the | rockboards. | we've | got | to | get | over | the | spooppers. | the | board | will | rise. | i'm | going | to | send | the | charges | to | the | counter. | (laughter) | seung | jo! | welcome | to | na'vipa. | # | # | # | # | # | # | # | # | # | # | # | # | cost | # | # | # | # | # | # | # | # | # | # | # | # | # | # | # | # | # | # | # | # | # | # | # | # | # | # | # | # | # | # | # | # | # | it's | a | waste | of | attention. | # | # | # | i'll | be | in | touch | with | you | in | the | evening. | # | # | # | # | # | # | immunity. | this | is | a | parking | lot | 14 | west | 6 | south | of | napoléon. | # | # | # | # | # | # | # | # | # | # | # | # | # | # | # | # | # | # | # | # | # | # | # | #,0.0417,35,46,158
tr_img_06904,4,日本橋 | 人形町 | 一丁目,japan | bridge | doll | town | one.,japan | bridge | it's | doll | town. | one.,0.8974,4,1,2
tr_img_06905,4,ノサイクレショップ | 今シフン考ナかたギ服は | き.と来年モ者ません,"the | nocient | shop. | i'm | going | to | take | a | look | at | this. | and | next | year, | i | won't | be | afraid.",recycling | water. | the | clothes | you're | wearing | just | now... | i | won't | wear | it | next | year.,0.4229,4,14,10
tr_img_06906,9,芝浦 | 日本橋 | 品川 | 銀座 | 第一京浜,shibura | japan | bridge | tokugawa | ginza | i'm | going | to | take | you | to | the | beach.,japan | bridge | ginza | you | know | what? | tokugawa | the | first | beach | in | tokyo.,0.4649,6,7,6
tr_img_06907,8,日本橋駅,japan | bridge | station,japan | bridge | station,1.0000,3,0,0
tr_img_06908,11,ばんん | 貸店舗 | ク一トロ一ン申込機 | 名不動産 | ミトント | 0約5分 | (8車込みにかか0間) | 店 | 店,"phil | a | rental | store. | kichitro | one-on-one | application | machine. | real | estate | mittenst | about | five | minutes. | eight | cars, | or | zero. | it's | a | shop. | it's | a | shop.",it's | black. | a | rental | shop. | the | real | estate | of | tohoku's | estate. | appropriate | right | here. | timed | about | five | minutes. | the | hour | of | your | request. | # | # | # | # | # | # | it's | a | shop. | # | # | # | # | # | # | yeah. | # | # | # | the | gold. | # | # | # | # | # | # | # | # | #,0.0817,12,12,41
tr_img_06909,3,産地直送!! | 名様,it's | going | straight | to | the | country! | master.,fresh! | i'm | sending | you | home! | fresh | fish. | five | points | i | can't | help | it. | it's | fresh. | two | seats. | room | four. | master. | # | # | # | # | # | # | # | # | # | # | # | # | # | # | #,0.1136,2,5,33
tr_img_06910,4,東京北 | 練馬店,north | of | tokyo | the | cavalry.,# | # | # | north | of | tokyo | the | cavalry.,0.8537,5,0,3
tr_img_06911,2,23区第水3一13一4 | 大潔,"23rd | area, | 313,144. | candor.",i'm | sorry,0.2273,0,4,2
tr_img_06912,4,良雄 | 三橋 | 三橋土建 | 有限会社,yoshio. | three | bridges | threehashi | securities | a | finite | company.,three | bridges | yoshio. | limited | publicity | threehashi | securities,0.5541,5,3,2
tr_img_06913,0,,,take | care | of | the | moment. | it's | important. | now.,0.0000,0,0,8
tr_img_06914,5,清水合同庁舎,shizuzushi's | union | building.,shizuzushi's | union | building.,1.0000,3,0,0
tr_img_06915,6,酒場 | 今王 | 立寄り,bar. | king | now. | stand | by.,snacks. | bar. | it's | gold. | tonight. | stand | by. | registration | marks,0.4954,3,2,6
tr_img_06916,5,三鷹市 | 北野四丁目町,mitaka | city | it's | northeast | city.,mitaka | city | 5th | and | northeast.,0.7692,2,3,3
tr_img_06917,1,三店で本を買らたら,i | bought | a | book | in | three | stores.,the | points | are | packed! | if | you | buy | this | book | book | i | don't | have | enough | money | for | my | family.,0.3473,2,5,16
tr_img_06918,5,1成27年は | 燃費基準十20％達成車 | 氏トナス車 | 下成 | 国重交父道大臣治車,so | let's | see. | the | fuel-funding | standards | of | 10.20 | percent | success. | mr. | tonas. | underlined | the | prime | minister's | train.,24 | years | old. | elevation | standards | plus | 20% | bio-cars. | low | emissions | gas | cars. | 17 | years. | we're | down | 75% | i'm | with | the | minister | of | traffic.,0.5015,3,14,20
tr_img_06919,3,プレール日本隅ミ番食 | 中央区東日本橋3-516,"it's | the | prey's | first-class | meal. | east | japan | bridge, | central | district | 3-516",it's | the | preul | japanese | bridge. | east | japan | bridge,0.6203,4,7,4
tr_img_06920,7,南14西1 | くすり | 化粧品 | 日用品 | 月9 | ら | 南14条店,14th | southwest. | sniveling. | cosmetics. | daily | equipment | nine | a | month. | hey. | 14th | street.,zurha | drag. | zurha | drag. | sniveling. | # | # | # | # | # | # | daily | equipment | # | # | # | # | # | # | # | # | # | # | # | # | tokho | and | fat. | i | don't | know. | yes. | # | # | # | # | # | # | ! | i'm | gonna | do | it. | tokho | track | moon | it'll | work. | days | days | days | huh. | zulha | point. | hey | drugs. | zurha. | drugs. | zurha. | mountain | nose | mountain | nose | 11 | south. | 14 | west. | # | # | # | morning | and | night. | time | from | to | operations | time | 11 | south. | 14 | west. | south | west. | # | # | # | # | # | # | # | # | # | # | # | # | # | # | # | 14th | west | luja | drugs. | the | crane. | gag. | diamonds | les. | # | # | # | # | # | #,0.0423,4,8,110
tr_img_06921,2,炭火鳥焼 | 蔵島,a | coal | - | burning | fire. | aoshima,a | coal | - | burning | fire. | fabulous | hey. | it's | okay.,0.7573,5,1,4
tr_img_06922,3,南９西 | くすり,nineth | southwest. | sniveling.,# | # | # | # | # | # | # | # | # | a. | # | # | # | # | # | # | rent-car. | khaleesi. | # | # | # | medicine. | sniveling. | cosmetics. | for | the | day | you're | gonna | need | a | prescription | for | every | hospital. | south | west.,0.0517,1,2,36
tr_img_06923,2,江尻東1一5,1415 | ebbet.,permissions | march | 31st. | where | are | we? | one-five-one-one-one-one-one-one-one-one.,0.0962,0,2,7
tr_img_06924,2,こども | 110番,son | of | a | bitch. | 110.,if | there's | anything | you're | afraid | of | come | here | now! | son | of | a | bitch. | 110.,0.4444,5,0,9
tr_img_06925,12,登品遺跡 | 6Kい | 日本平動物園,gemstones. | 6k. | japan | plain | zoo,tohoku | shizuoka. | i'm | going | to | go | up | there | and | i'm | going | to | go | up | there | and | i'm | going | to | go | up | there | and | i'm | going | to | go | up | there | and | i'm | going | to | go | up | there | and | i'm | going | to | go | up | there | and | i'm | going | to | go | up | there | and | i'm | going | to | go | up | there | and | i'm | going | to | go | up | there | and | i'm | going | to | go | up | there | and | i'm | going | to | go | up | there | and | i'm | going | to | go | up | there | and | i'm | going | to | go | up | there | and | i'm | going | to | go | up | there | and | i'm | going | to | go | up | there | and | i'm | going | to | go | up | there | and | i'm | going | to | go | up | there | and | i'm | going | to | go | with | you. | japan | plain | zoo,0.0661,3,2,127
tr_img_06926,2,金沢.伊勢志摩･山陰山陽 | 東北出張女子旅,"iseshima. | a | trip | to | tohoku, | north | and | south.",iseshima. | tohoku.,0.4935,1,7,1
tr_img_06927,0,,,# | # | # | the | lunar | month | of | kawasaki.,0.0000,0,0,8
tr_img_06928,3,練馬総合体育館前,before | the | cavalry.,before | the | cavalry.,1.0000,3,0,0
tr_img_06929,7,SOTeTSし | つてつ | 平岸1条2丁目,"so | let's | look | at | this. | powder | no. | no, | no, | no. | no, | no, | no, | no, | no, | no, | no.",i | don't | think | so. | one,0.2985,0,17,5
tr_img_06930,1,口焼井当,ichii.,it's | a | fixed | number | from | the | founding | of | japan's | 406 | years. | a | stone-hunting | lunch. | popular | number | one. | tayaki's | department | store. | how | many? | the | main | store. | south | west. | 13 | west | 9.,0.0248,0,1,30
tr_img_06931,4,や,hey.,fire. | mm-hmm. | a | coal | miner. | you're | gonna | make | it. | drink.,0.1026,0,1,10
tr_img_06932,4,中原区 | 木月 | 1丁目,central | district | tree | moon | one.,middle-earth. | hust | one.,0.4242,1,4,2
tr_img_06933,1,豊平区,fabian | districts,no | oh | george | rectangle,0.3043,0,2,4
tr_img_06934,2,南13条西14丁目,south | 13th | and | west | 14th.,south | 13th | and | 14th.,0.8814,4,1,0
tr_img_06935,4,東中 | 野,east | field,to | the | east,0.2963,1,1,2
tr_img_06936,16,小田急線 | 小岡急袋 | 京王井の頭線 | 京王井之斗畿 | 出口 | (西口) | 出口(西口) | 香子(知審 善子),"a | line, | koda. | kooka | snack. | the | headline | of | kyobashii. | inoue, | kyung | soo-yeon. | the | exit. | (singing) | (exhales) | (exhales | west.) | koko | kosuko | koko.",a | line | # | # | # | the | headline | of | kyobashii. | # | # | # | the | exit. | (singing) | the | exit. | (execution),0.6711,8,13,10
tr_img_06937,7,水道杯 | 山区 | 人O学日卜人 | 食反田橋,a | water | cup. | mountain | areas | i'm | an | o.t. | student. | the | eta | tada | bridge.,mountain | areas | ikeda | bridge,0.5079,2,11,2
tr_img_06938,1,督ボ18キ,knitting | 18-ki.,# | # | # | frequency | it's | 18 | to | 21 | years.,0.2609,0,2,9
tr_img_06939,8,中央区 | 四本橋町丁目ç,central | central | take | a | look | at | this.,central | central | eight | o'clock | in | the | morning. | japan | bridge | room | town. | one.,0.5139,2,5,10
tr_img_06940,4,最長 | 口 | 払い!,longest | voice | pay!,longest | recurrence | pay!,0.7755,2,1,1
tr_img_06941,4,やきにく | 焼,i'm | sorry | to | bother | you. | burn,i'm | sorry | to | bother | you. | food. | burn | circle,0.8211,6,0,2
tr_img_06942,0,,,i'll | be | right | back. | (dramatic | theme | playing) | (dramatic | theme | playing) | (dramatic | theme | playing) | (dramatic | theme | playing),0.0000,0,0,16
tr_img_06943,1,高戸や,it's | not | like | i'm | going | to | be | able | to | do | it.,your | highness. | highland | building | your | highness. | mt. | fuji. | # | # | # | # | # | # | the | dojo | # | # | #,0.4130,0,11,19
tr_img_06944,4,赤りたたみ,red.,a | pipe | table. | it | folds | pitchea. | about | 200 | pounds | [70 | kg] | color: | plaun/ | natural | taxes,0.0345,0,1,15
tr_img_06945,3,労災 | 交通事故 | 各種重健康保険取我い,the | disasters | traffic | accident. | i've | got | a | lot | of | high-end | health | insurance.,the | disasters | traffic | accident. | all | kinds | of | health | insurance.,0.7955,7,5,2
tr_img_06946,4,渡邉美和 | こちら | 渡邊美咲 | 右のポス,inoyumi. | this | way. | misaki. | right | pos,iwayumi. | misaki. | i'll | take | care | of | you. | miyumi. | miho. | three | of | the | nine | of | ikeda | five. | hello.,0.2807,1,5,16
tr_img_06947,2,未式会社 | メディカャ,unrecognized | med-kaa.,medsato. | it's | a | stock | company.,0.2623,0,2,5
tr_img_06948,3,駅長室,station | chief's | room,station | chief's | room,1.0000,3,0,0
tr_img_06949,1,コに空た,i'm | in | ko.,corpo's | village.,0.3750,0,3,2
tr_img_06950,6,8両編成 | 号車 | 弱 | 冷房車,eight | formations. | car. | weak. | the | air-conditioning | car.,it's | a | little | bit | more | complicated | than | that. | it's | weak. | the | air-conditioning | car.,0.6512,4,3,9
tr_img_06951,31,さつぱろガイド) | 北海道神宮 | 冥斗0王 | 北海道神宮 | 円山公園 | 圓山公園 | 圓山公園 | 世下鉄円山公園駅 | 地鉄圓山公園站 | 地鐵圓山公園站 | 円山バスターミナル | 田人印山目 | ト早O | 國山公共汽李冬起站 | 圓山巴土總站,"(things) | kunihito. | he's | the | last | king | to | have | a | son. | kunihito. | circle | mountain | park. | i'm | at | tsunama | park. | i'm | at | tsunama | park. | iseshima | park | station. | i'll | be | right | back. | i'll | be | right | back. | i'll | be | right | back. | circle | mountain | bus | terminal | it's | tadashi's | mountain. | quick | o. | i'm | so | sorry, | i'm | so | sorry. | i | can't | believe | you're | here.",kunihito. | kunihito. | circle | mountain | park. | i'm | at | tsuoyama | park. | i'm | at | tsuoyama | park. | subway | circle | park | station | i'll | be | right | back. | i'll | be | right | back. | i'll | be | right | back. | circle | mountain | bus | terminal | all | right | bitsso | i'm | so | sorry | i | don't | know | what | you're | talking | about,0.2946,32,25,14
tr_img_06952,6,台林当美 | 受付けます | 木場店 | この先 | 洲崎神社前,"i'm | so | happy | to | be | here. | i'll | take | it. | the | kimchi | shop. | where | are | we | going? | before | the | miyagi | shrine,",apothecary. | the | kimchi | shop. | a | prescription | for | every | hospital | in | the | country. | i'll | take | it. | that's | where | we're | going. | before | the | miyagi | shrine,0.5153,10,10,13
tr_img_06953,4,丸ぶ | 丸 | 楽記念 | 別ご奉仕会,round | circle | a | memorial | a | separate | service | meeting.,# | # | # | cypriot | # | # | # | circle | it's | the | first | time | i've | ever | done | it. | special. | the | service | meeting.,0.5051,3,5,17
tr_img_06954,17,コーヒー | カフェラテ | EＶeァy,coffee. | casualties. | evey,coffee. | casualties. | i'll | take | care | of | it. | i'm | sorry. | i'm | sorry. | i'm | sorry.,0.4286,2,1,11
tr_img_06955,1,,,central | central | hikanka | niger,0.0000,0,0,4
tr_img_06956,3,メま式着ビキなレコスニし | 肌走 | (谷重),"it's | a | very | fancy | recosing | thing. | skin | i'm | sorry, | i'm | sorry.",untested | items | skinwear. | (various) | gora | and | shots. | you | are | not | allowed | to | try | on | the | above | item.,0.1923,0,11,17
tr_img_06957,2,南10条西目,south | 10th | west.,south | 10th | and | west | 1st.,0.7692,2,1,3
tr_img_06958,2,1-レ-2B0 | テイツアウレネまで,1-re-2b0 | i'm | gonna | take | you | to | tets | aurene.,yuichi | i | can | take | care | of | it.,0.5510,1,7,6
tr_img_06959,4,屋外広告物許司 | 桜上水,outdoor | advertising | permissions. | sakura | water,outdoor | advertising | permissions | sakura | water | huh.,0.9286,4,1,2
tr_img_06960,12,川館 | つのの | 札阪天文合 | あけばのリート・コミュニアイゼンタ,the | riverhouse. | it's | a | big | one. | cyclopædia | i'm | an | athlete. | i'm | a | communist.,tranquilization | the | pronunciation | hall. | astronomical | obs. | the | art | & | community | center | in | the | dawn.,0.3063,1,12,13
tr_img_06961,4,日本橋 | 人形町 | 二丁目,japan | bridge | doll | town | two.,japan | bridge | it's | doll | town. | two.,0.8974,4,1,2
tr_img_06962,0,,,video,0.0000,0,0,1
tr_img_06963,22,レ | 一20 | 0の00c6 | ア | ふ | セラトボーリア | 卜` | ル | 司 | ビ | 山岡 | ラーメン | とんミつ,le. | one | hundred | and | twenty. | 0 | 00c6 | a. | hmm. | seratobria. | i'll | be | right | back. | lu. | sir. | bi | yamaoka | ramen. | i'm | sorry.,ramen. | yama | circle | the | yamaoka | family. | ramen. | # | # | # | # | # | # | the | house | of | ramen. | bremem. | it's | a | soot | shop. | # | # | # | oh | trebi. | anak. | hurst | more. | it's | just | a | matter | of | time. | saron. | hey | bell. | a | butterfly. | marie | club. | # | # | # | snacks. | wandering | second | wahgo. | st. | boer. | snacks. | lounge. | i'm | sorry. | salt | i'm | going | deep | in | the | kooks. | watch | out | for | snow. | the | yamaoka | family. | # | # | #,0.0243,4,17,69
tr_img_06964,5,と | 久松町10-10 | 久松小正門前,and... | ten-ten-tenths | of | kumatsu | city. | kumikan | ota.,i | don't | know. | kumikan. | hissa. | real | estate | the | pines. | ten-ten-tenths | of | kumatsu | city. | kumikan | ota. | (3661-3211),0.6139,6,1,10
tr_img_06965,4,日太橋 | 人形町 | A-イ | 二丁目,sakahashi | doll | town | a-y-y. | two.,japan | bridge | it's | doll | town. | two.,0.5610,2,3,4
tr_img_06966,10,代々木四丁目 | 五新宿案内 | APＥス | NTT新宿本社ビ州 | 東京オ | ペラシテ,"i'll | be | right | there. | a | tour | of | the | 500-year-olds. | apes | ntt's | headquarters, | bi. | tokyo | pellacith",i'm | on | my | way. | i'm | on | my | way. | i'm | on | my | way. | we're | going | to | take | you | there. | first | station. | tokyo | obelatette | yeah. | # | # | #,0.3230,2,13,24
tr_img_06967,3,お8ま8,eight | eight.,empty | i've | got | a | gun | to | fire. | fire. | a | little | dangerous.,0.2472,0,2,11
tr_img_06968,2,中の島1条3丁目,it's | on | the | island. | it's | on | the | island | number | three.,it's | island | number | three | inside.,0.5636,3,7,2
tr_img_06969,11,墨田区内補環バス | すみだ百景 | すみまるくん | きんしちょうえききたぐち | 錦系田駅北園 | 錦条町站北日 | 錦系町站北口,"i'm | sorry, | i'm | sorry. | i'm | sorry. | it's | over | in | the | corner. | excuse | me, | sir. | i'm | so | nervous. | i'm | sorry, | but | i | don't | know | what | to | say. | i'm | sorry, | i'm | sorry, | i'm | sorry. | i'll | be | right | back. | i'll | be | right | back. | i'll | be | right | back.",i'm | sorry | it's | over | in | the | corner. | excuse | me | i'm | so | tired | it's | the | north | entrance | to | manchuria | city | station. | i'm | going | to | take | care | of | it. | i'm | going | to | take | care | of | it. | i'm | going | to | take | care | of | it. | i'm | going | to | take | care | of | it.,0.0507,14,30,34
tr_img_06970,6,とんクつの | 出前承り | とんかつの | デリバリー | お持ち帰り専門店,it's | like | a | hammer. | record | some | kind | of | thing. | delia. | it's | a | to-go | shop.,oh | # | # | # | i'm | out | of | here. | delia. | it's | a | to-go | shop. | i | don't | know. | # | # | # | # | # | # | # | # | # | # | # | # | # | # | # | # | # | # | # | # | # | # | # | # | # | # | # | # | # | # | # | # | # | # | # | # | # | # | # | # | # | # | # | # | # | dried-instinct. | interpretation | # | # | # | # | # | # | # | # | # | # | # | # | # | # | # | # | # | # | # | # | # | # | # | # | # | # | #,0.0930,6,8,84
tr_img_06971,5,元科 | 地蔵尊京 | 地（蔵（尊前（谷さ) | 地蔵尊餅 | 松蔵尊煎餅,"ex-con. | hikichi. | (george | kajitani) | i'm | sorry, | i'm | sorry, | i'm | sorry. | matsumoto | koto",original | kasai | kabuki | it's | nice | to | meet | you. | original | kasai | koto. | # | # | # | original | earth | frequency | honor. | the | roast. | i'll | take | care | of | it. | uh-huh. | i | don't | know. | remedy | i'll | be | right | back. | circle | original | kasai | kabuki | original | kasai | kabuki | a | bundle | of | men. | # | # | # | circle | one | bag. | # | # | # | circle | circle | it's | a | seed. | one | bag. | circle | # | # | # | circle | king | soo-kun. | one | bag. | circle | illusion | # | # | # | snow | white | one | bag. | # | # | # | circle | yusaki | one | bag. | # | # | # | circle | # | # | # | kyon-hong | one. | circle | fascination | # | # | # | # | # | # | the | middle | volume. | # | # | # | circle | # | # | # | one | bag. | circle | # | # | # | a | turtle | boy. | one | bag. | # | # | # | circle | original | incoming | kasai | kabuki | one | bag. | # | # | # | circle | hey. | shh. | original | i'm | sorry | one | bag. | # | # | # | circle | # | # | # | incoming | kasai | kabuki | # | # | # | # | # | # | circle | # | # | # | one | bag. | circle | i'll | see | you | in | a | minute. | one | bag. | mm-hmm. | # | # | #,0.0361,1,11,179
tr_img_06972,3,小急バス | ゴル練習場前,a | short | bus. | before | gol | practice.,ms. | koda | before | the | golf | course. | path | to,0.5155,1,5,7
tr_img_06973,1,コツモコー,hoximoco.,cosmocourt.,0.6000,0,1,1
tr_img_06974,0,,,attention,0.0000,0,0,1
tr_img_06975,0,,,yamada.,0.0000,0,0,1
tr_img_06976,3,手告り惣菜弁当 | 電話011-512-3ハ32,i'd | like | to | thank | you | for | the | thank | you | so | much. | phone | 011-512-3 | ha32.,it's | a | hand-to-hand | lunch. | it's | a | pine | shop. | phone | 011-512-3432,0.4068,1,13,9
tr_img_06977,11,次世代高画質技術 | 入力対応 | ハイダイナミックレンジ | 030ラン | 0s30ライン | 対応機種 | メソフトウェアアップデートによりしtraHDブルーレイ規格のHDR信号に対応,next-generation | high-quality | technology | input | options | high | dynamic | range | 030 | run. | 0s30 | line | recipients | so | we're | going | to | have | to | do | a | little | bit | more | work.,next-generation | high-quality | technology | high-frequency | walnuts | input | options | casualties,0.4605,5,20,3
tr_img_06978,22,6番線 | 新幹線 | 名古屋･京都-新大阪方面 | ひかり号-こだま号 | 7番線 | 新横浜・品川・東京方面,"line | 6. | shinkansen. | nagoya | kyoto, | new | osaka. | the | drawer. | line | seven. | to | tokyo, | new | yokohama.",shinkansen. | the | drawer. | line | 6. | nagoya | kyoto | and | new | osaka. | line | seven. | new | yokohama | tokugawa | it's | somewhere | in | tokyo.,0.4453,11,4,8
tr_img_06979,5,マARTNE | 神奈川 | 県宅地建物取引業協会 | 全国宅地建物取引業保証協会神奈川本部,"maartne | kanagawa. | the | state | building | trade | association. | naragawa | headquarters, | god | of | the | national | building | trade | enforcement | association.",the | house | building | society. | the | home | building | trade | association | in | kanagawa. | the | national | home | building | trade | association | public | advantages | i'm | a | lawman. | public | advantages | i'm | a | lawman.,0.2850,8,9,19
tr_img_06980,4,自転車置場 | 四国NA上 | オプ通リ歯科医院,cycling | station. | top | of | shikoku. | opal | reciprossary | clinic.,cycling | station. | i'm | at | the | dentist's | office,0.4531,2,6,5
tr_img_06981,4,中原区 | 木月 | 1丁目,central | district | tree | moon | one.,middle-earth. | tree | moon | one.,0.6301,3,2,1
tr_img_06982,71,三井のリトーク | 札幌南 | 2西6 | 通常料金 | 最大料金 | 0で利用の際は場内約歌のル | ルとマーをまってください | 048時間を怒える駐車はで違成ください | 600円 | 全 | 日 | CRED町 | 後弘 | 300円 | 60300円 | 大料に | 月木 | 金土日祝は適用ありません。 | キヤンペーン中 | 100円 | 全 | 日 | 夜間料金が | お得です | 住まいの売却購入賃貸は | リパ一ク | 法人専用 | 後払 | 駐車場用地募集中 | ビジネスカード | 三井のリリド氏プ | 精算サービス | 会員募集中!! | 土地の有劾活用 | 駐車場省理はお任せください。 | メリットイ | 現金立替不要 | 三井不動産リアルテイ札幌株式会社 | 経理処理の手間削減! | メリット2 | メリット3 | 月ごとの | 播請求! | ソンダガー | NBMカ-? | .AMSeス!,"miyu's | ricci. | -kinan. | -kinan. | two | west | six. | normal | charge. | maximum | charge | so | let's | say | we're | going | to | have | a | zero, | and | we're | going | to | have | a | zero, | and | then | we're | going | to | have | a | zero, | and | we're | going | to | have | a | zero. | i'd | like | you | to | stop | lu | and | mar. | i'd | like | to | talk | to | you | about | parking | for | four | or | four | hours. | 600 | yen. | all | days | cred | town. | recrub | 300 | yen. | 60300 | yen. | it's | a | big | deal. | moontree | it | doesn't | apply | to | friday | celebrations. | i'm | in | kiyang | peoon. | 100 | yen | all | days | we've | got | a | night | fee. | that's | good. | so | let's | say | i | have | a | house, | and | i | have | a | house. | lipa | oneak | it's | only | for | the | corporation. | i'll | pay | you | later. | we're | looking | for | a | parking | lot. | business | cards | mr. | lidd | of | mii. | calculation | services | we're | looking | for | a | member! | it's | the | land. | it's | the | land. | leave | the | parking | department | to | me. | fabulous. | no | cash | transfers. | the | real | estate | tag | company. | you're | in | trouble | with | accounting! | advantage | 2 | frequency | 3 | every | month. | explosives! | sondur. | nbmka? | amse!",the | home | of | mii. | so | let's | look | at | what | happens | when | you | sell | i've | got | one | of | them. | i've | got | one | of | them. | there's | a | night | fee. | that's | good! | i | don't | know | what | i'm | talking | about. | maximum | charge. | i'll | pay | you | later. | miyu's | rivera | one. | i'll | pay | later. | mayows | club. | it's | a | real | estate | tag | company. | 12th | and | 6th | west | of | hokkaido. | parking | name | i'm | going | to | give | you | an | example | of | how | this | works. | i'm | sorry | please | tell | me | the | name | of | the | parking | lot | above. | in | this | case | please | refrain | from | parking | for | over | 45 | hours. | and | i'm | going | to | show | you | how | to | do | that. | if | you're | hungry | maximum | charge. | all | day. | 600 | yen. | moon-tree | 300 | yen. | 100 | yen | happy | friday. | it | doesn't | apply. | all | day. | it's | a | real | estate | tag | company. | leave | it | to | me | to | manage | the | parking | lot. | so | let's | see | if | we | can | figure | out | how | to | do | that. | quorati. | normal | charge. | 60 | minutes | and | 200 | yen. | 60 | minutes | per | 300 | yen. | 60 | minutes | per | 100 | yen. | i'll | pay | you | later. | riverk | of | mii. | i'll | pay | later. | we're | looking | for | a | parking | lot. | i'm | lippak | lippa | it's | called | 'sho-sho-sho'. | it's | called | 'sho-sho-sho-sho'. | it's | only | for | the | corporation. | khytz | yures | magnification | sa | onebis | the | monthly | bill! | you're | in | trouble | with | accounting! | we | don't | need | cash | money! | mellyph | 1 | mellycht | 2 | mellyphant | 3 | lipa | oneak | the | power | of | the | bitgnes. | we're | looking | for | a | member! | i'm | not | a | genius. | i'm | a | genius. | i've | got | the | power | of | double-bossolesis. | i'm | miyumi | miyoshi. | i'm | tokibis.,0.0892,93,85,165
tr_img_06983,4,クリーンビル | さっぽらえ肌 | カラーメン桜,clean | bill | it's | got | skin | on | it. | color | mensa,i | don't | know | what | you're | talking | about. | i | don't | know | what | you're | talking | about. | the | new | ramen | knife. | greenville. | the | ultimate. | chrysanthemum | it's | a | jar. | i | don't | have | any | red | blood. | the | new | ramen | knife. | ha-ha-ha-ha. | i | don't | like | it. | no.3 | greenville. | # | # | # | # | # | # | # | # | # | # | # | #,0.0412,2,7,52
tr_img_06984,3,川崎市中原区木月 | 高山 | 貞一郎,the | lunar | month | of | kawasaki. | takayama | sadichiro.,the | lunar | month | of | kawasaki. | ichiro | takayama.,0.8205,5,2,2
tr_img_06985,2,ご案内,come | with | me.,shiragawa | let | me | show | you | around.,0.3333,0,3,6
tr_img_06986,4,,,kawasaki | city | yoshiki | station.,0.0000,0,0,4
tr_img_06987,5,宅添橋 | 行先 | 山01 | 山川駅 | おま橋,home | bridge | path | to | mountain | one. | yamagawa | station | the | bridge.,hih-ha-ha. | (applause) | send01 | path | to | koda | shortbus. | sengawa | station. | home | bridge,0.6444,4,6,7
tr_img_06988,1,休診中,i'm | taking | a | break.,i'm | taking | a | break.,1.0000,4,0,0
tr_img_06989,2,江言の賑わい | 人形町通り,i | don't | like | the | language. | dolltown | street.,cycling | edo's | in | trouble. | dolltown | street. | a | fresh | house. | it's | from | dolltown. | it's | doll | town. | central | central | it's | doll | town. | it's | doll | town. | kyung | soo-yeon,0.0232,2,5,23
tr_img_06990,2,中の島１条２丁目,i'm | on | the | island. | i'm | on | the | island.,one | and | two | islands | inside.,0.5581,0,8,5
tr_img_06991,0,,,the | noble | gate. | sakura | gate,0.0000,0,0,5
tr_img_06992,2,山0 | 酒たばこ,mountain | 0 | i | smoke.,i'll | get | you | a | drink.,0.4444,0,4,5
tr_img_06993,7,中央 | 日本橋火形町丁目C,center | i'm | not | sure | if | it's | possible.,central | central | i'm | eight | times | the | size | of | japan's | bridge | hotel.,0.5522,1,6,10
tr_img_06994,10,三保 | 清水港 | へ,three. | guayry | bay | hey.,three. | guayry | bay,0.8571,3,1,0
tr_img_06995,2,ミツヤ代々木,you're | a | tree.,it's | been | a | long | time | since | i've | known | you. | the | apothecary.,0.2474,1,2,10
tr_img_06996,4,地 | 三町駅,earth | threetown | station.,subway | mida | station.,0.5769,1,2,2
tr_img_06997,0,,,left,0.0000,0,0,1
tr_img_06998,5,芝五目,the | fifth | lawn.,port | area | five | lawns.,0.6522,0,3,4
tr_img_06999,6,慣れ親しんだそろばんを再び始めてみませんか？ | 随時入会司 | 見学-体験随時司能　新規会員募集 | 継続講座 | 頭の活性化で記憶力を高める | 大人の照トしそろげん,why | don't | we | start | again | the | familiar | symbol? | i'll | always | be | in | the | club. | i'm | going | to | be | a | tour-e-e-e-e-e-e-e-e-e-e-e. | continue | course | i'm | going | to | use | my | brain | to | activate | my | memory. | it's | just | grown-up | stuff.,why | don't | we | start | again | the | familiar | symbol? | a | tour. | experienced. | new | recruitment | you'll | always | be | there. | continue | course | i'm | going | to | use | my | head | to | enhance | my | memory. | i'm | a | grown | man.,0.3094,22,14,11
tr_img_07000,0,,,tobacco. | tokyo | hey. | # | # | #,0.0000,0,0,6
