Image_Name,Center_X,Center_Y,Width,Height,Text,Score,Translated_Text
tr_img_06004,989.8,382.8,132.5,61.5,清水日,0.6673,A fresh water day.
tr_img_06005,1530.8,365.5,2667.5,244.0,北幌市中央区中島公園1-15,0.9049,Iseshima Park 1-15.
tr_img_06001,885.8,265.2,362.5,126.5,北給田,0.9977,North Porta.
tr_img_06001,867.2,346.8,140.5,63.5,中給,0.9481,Middle salary.
tr_img_06001,725.0,343.0,120.0,48.0,つきは,0.9012,How'd it go?
tr_img_06001,958.5,353.2,60.0,43.5,田,0.9822,Ta.
tr_img_06001,979.2,527.8,54.5,61.5,荻,0.9974,it's just a matter of time.
tr_img_06001,1088.8,533.0,49.5,46.0,行,0.9999,Rows
tr_img_06001,1091.5,605.8,44.0,53.5,先,0.8827,Go ahead.
tr_img_06003,1502.5,860.2,1545.0,175.5,南13条西16丁目,0.9252,South 13th and West 16th.
tr_img_06007,3145.8,214.8,470.5,137.5,おさし,0.7471,- Hi. - Hi.
tr_img_06007,2058.0,1486.2,3881.0,1305.5,アイス,0.9976,Ice cream.
tr_img_06009,1080.5,434.2,307.0,140.5,日本橋,0.9996,Japan Bridge
tr_img_06009,1072.5,563.2,311.0,136.5,人形町,0.9988,It's Doll Town.
tr_img_06009,1075.2,703.5,310.5,133.0,一丁目,0.9949,One.
tr_img_06010,673.0,298.2,491.0,158.5,日本橋,0.998,Japan Bridge
tr_img_06010,668.8,478.5,511.5,165.0,人形町,0.9976,It's Doll Town.
tr_img_06010,671.8,678.5,528.5,165.0,一丁目,0.9924,One.
tr_img_06012,1379.8,515.5,1950.5,274.0,北10条東11丁目,0.9634,North 10 East 11th and East 11th.
tr_img_06002,1505.8,2249.0,1433.5,318.0,カツ井とんかつ,0.9716,I don't know.
tr_img_06002,1477.5,3080.5,1276.0,412.0,営業中,0.9584,I'm in business.
tr_img_06013,1079.5,305.2,274.0,65.5,ザシティベルシテイ,0.8866,The City of Belsitia.
tr_img_06013,1072.0,345.2,122.0,44.5,元住吉店,0.9981,Hikichi shop.
tr_img_06013,1077.5,502.5,332.0,147.0,駐輪場,0.9994,CENTRAL CENTRAL
tr_img_06013,932.5,704.8,89.0,33.5,ご利用,0.9998,Use
tr_img_06015,1685.2,840.0,2228.5,301.0,吉川内科・循環器科クリニツク,0.9258,Yoshigawa Medical and Cractical Krishnituk
tr_img_06011,1482.5,927.8,2965.0,665.5,暖房能力Nの,0.8088,It's called a heat-heating system.
tr_img_06011,677.2,1333.8,1305.5,97.5,国内家庭用エアコン6 3kW・71kＷクラスにおいて,0.9235,I'm going to show you a couple of examples.
tr_img_06011,1836.5,1361.2,977.0,74.5,茶JIS低温時定格暖房能力MSZ-ZD63,0.9046,Tea JIS low-frequency heating capacity MSZ-ZD 63.
tr_img_06011,861.5,1406.2,230.0,54.5,2015年,1.0,2015.
tr_img_06011,1170.2,1412.5,388.5,62.0,11月25日現在,0.9999,It's November 25th.
tr_img_06011,746.5,1730.0,593.0,98.0,寒冷地仕様,0.9915,Cold terrain.
tr_img_06011,2825.8,1692.8,94.5,22.5,グイ,0.7204,"Go, go, go, go."
tr_img_06011,2843.5,1733.5,168.0,84.0,ねえの,0.7138,Hey.
tr_img_06011,1863.2,1994.0,490.5,150.0,太バ順霧ヶ峰,0.7584,Big-basin fog Cape
tr_img_06011,2816.8,2145.5,413.5,86.0,テレビCM皮ゆ中!,0.7112,I'm skinning TV!
tr_img_06016,738.0,1068.2,497.0,158.5,日本橋,0.9417,Japan Bridge
tr_img_06016,738.0,1229.2,495.0,145.5,人光町,0.6801,It's a turquoise town.
tr_img_06018,1126.0,266.0,313.0,136.0,豊平区,0.9998,GEORGE
tr_img_06018,1193.8,1142.0,294.5,1510.0,中の島1条3丁目1,0.7921,One of the islands. Three of the islands.
tr_img_06019,697.5,201.5,209.0,208.0,歳,0.9994,Age
tr_img_06019,697.2,334.0,196.5,82.0,からの,0.9995,From here on out.
tr_img_06019,1152.5,734.0,1062.0,558.0,黒氏,0.6614,Mr. Black.
tr_img_06019,1134.0,1510.5,672.0,169.0,まぐろとかつ,0.9788,"All right, all right, all right, all right, all right, all right, all right, all right, all right."
tr_img_06019,286.5,2013.0,141.0,94.0,タウリン,0.9776,Taurlin.
tr_img_06019,293.0,2117.0,166.0,111.0,ビタミンバ,0.8127,Vitamins.
tr_img_06019,331.8,2335.8,167.5,135.5,禁合,0.6864,Contradiction
tr_img_06019,1939.5,2376.8,180.0,85.5,盛り付け,0.7693,Set 'em up.
tr_img_06019,339.0,2435.2,230.0,151.5,栄養食,0.9403,Malnutrition
tr_img_06019,378.5,2677.5,324.0,150.0,15歳から0,0.9248,Fifteen to zero.
tr_img_06019,423.8,2959.2,411.5,128.5,皮崗被毛の優康に配良,0.6606,We'll take care of your hair.
tr_img_06021,1234.5,177.2,168.0,61.5,青水区,0.8557,Aquamarine
tr_img_06021,1229.8,643.8,126.5,816.5,中之郷一一丁目,0.6523,Nakanonobu.
tr_img_06022,1473.5,962.8,1045.0,134.5,空気単口消火検,0.7525,A single-mouth fire test.
tr_img_06020,1673.5,455.0,877.0,144.0,水天宮前駅,0.9983,Ikeniya Premarith.
tr_img_06020,781.2,462.0,663.5,136.0,半蔵門線,0.9995,Hanzawa's line.
tr_img_06020,1579.0,1100.2,678.0,109.5,山目宮天元,0.5817,Miyagi Miyagi
tr_img_06014,714.0,1129.8,843.0,260.5,さ一ま3地下街,0.7892,It's three basements.
tr_img_06014,1873.2,1626.0,188.5,76.0,水野メ市ネ,0.9097,Aqualand City
tr_img_06014,1881.5,1720.2,213.0,110.5,補聴器,0.9997,A hearing aid.
tr_img_06014,2219.8,2220.8,121.5,42.5,定補藤器専門),0.7627,(I'm specializing in the coniferator)
tr_img_06014,2219.8,2259.2,88.5,34.5,(稲社法指定店),0.9251,(USE CRACKING)
tr_img_06023,1501.2,828.5,780.5,158.0,静岡市役所,0.9989,Shizuoka City Hall.
tr_img_06023,1820.2,1075.8,428.5,106.5,人天金引人,0.6573,"Man-to-man-to-man, man-to-man."
tr_img_06023,1319.2,1069.5,397.5,86.0,静図市役所,0.9295,The city hall.
tr_img_06023,1435.2,1268.0,621.5,142.0,葵区役所,0.9999,Cygnus Hall
tr_img_06023,99.8,1379.5,114.5,118.0,館,1.0,It's a museum.
tr_img_06023,1279.0,1512.0,322.0,88.0,葵区役所,1.0,Cygnus Hall
tr_img_06023,1689.5,1510.5,364.0,79.0,OI30I子,0.6026,OI30I Children
tr_img_06023,1358.0,1718.5,480.0,148.0,紺屋町,0.998,It's a town of blues.
tr_img_06023,70.8,1783.0,96.5,82.0,階,1.0,The floor.
tr_img_06023,1238.8,1956.2,262.5,102.5,紺屋町,0.8993,It's a town of blues.
tr_img_06023,1366.0,2214.5,485.0,165.0,呉服町,0.9931,It's a dress town.
tr_img_06023,1248.5,2461.8,271.0,120.5,臭服町,0.848,It's a smelly town.
tr_img_06023,1359.5,2687.0,485.0,165.0,七間町,0.9998,Seven-day town.
tr_img_06023,1633.2,2935.8,345.5,123.5,人入型禿,0.5311,Embezzlement.
tr_img_06023,1261.2,2939.0,269.5,109.0,七面町,0.8027,It's a seven-sided town.
tr_img_06026,1020.2,349.8,756.5,232.5,休診中,0.999,I'm taking a break.
tr_img_06026,885.2,693.8,335.5,74.5,初診・急患,0.9947,First visit and emergency.
tr_img_06026,1190.5,692.0,242.0,59.0,随時受付,1.0,Always picking up.
tr_img_06026,1079.2,940.8,576.5,73.5,オぶ通い歯科医院,0.7155,It's a fucking dentist's office.
tr_img_06025,1946.8,1987.8,1348.5,246.5,し保さ,0.8374,I'm keeping it.
tr_img_06025,1838.2,3203.5,981.5,249.0,付生,0.525,Resuscitation
tr_img_06027,1457.0,120.8,185.0,71.5,中原区,0.9999,Middle-earth.
tr_img_06028,1411.2,1615.2,907.5,343.5,ザ・カ,0.8559,"Oh, my God."
tr_img_06024,1565.8,1093.0,1305.5,519.0,万世町,0.9998,City of the World
tr_img_06030,913.8,707.5,238.5,81.0,五反田,0.9952,Five-and-a-half.
tr_img_06030,925.0,864.0,249.0,82.0,丸子橋,0.9996,Kunako Bridge
tr_img_06030,493.0,1140.5,81.0,29.0,クランイーグ川,0.6065,The Cranierg.
tr_img_06030,494.0,1169.2,60.0,26.5,元住吉,0.8512,Hikichi.
tr_img_06032,925.8,243.2,1294.5,405.5,やきとり家,0.9952,I'm a hunter.
tr_img_06032,842.0,581.8,1387.0,555.5,すみれ,0.9993,Out.
tr_img_06035,733.5,526.5,714.0,133.0,三本京大車吉,0.5743,I'll be right back. I'll be right back. I'll be right back. I'll be right back. I'll be right back.
tr_img_06035,1005.5,1026.8,1165.0,160.5,新品主販売しています,0.692,We're selling new stock.
tr_img_06029,1557.8,1499.2,253.5,1071.5,車かまた,0.5273,Another car.
tr_img_06029,876.2,1464.8,725.5,281.5,出庫注意,0.9656,Be careful with the inventory.
tr_img_06036,1222.5,197.2,1030.0,150.5,静鉄新清水駅,0.9609,Shikoku Shizura Station.
tr_img_06036,1238.0,653.2,1117.0,141.5,静岡市役所清水庁舎,0.9971,Shizuoka City.
tr_img_06036,1212.0,1112.8,1108.0,172.5,清水マリンパーク,0.9949,Water Marin Park.
tr_img_06037,1107.0,878.8,1097.0,515.5,滑りくりぐ,0.7119,Slying
tr_img_06037,754.5,1800.2,494.0,298.5,入荷,0.9415,Loaded.
tr_img_06037,926.2,2011.2,570.5,217.5,é半20,0.8979,E. half-20.
tr_img_06039,1272.8,1164.5,549.5,82.0,南14条西9丁目,0.9988,14 South and 9 West.
tr_img_06033,912.0,1278.8,444.0,195.5,三保,0.9976,Three.
tr_img_06033,1563.8,1288.5,566.5,179.0,清水港,0.999,Guayry Bay
tr_img_06033,1867.8,1832.0,438.5,202.0,船越,0.9967,Ship's moving.
tr_img_06041,1070.2,789.0,320.5,95.0,最大料金あり,0.999,We've got the maximum charge.
tr_img_06041,1047.2,934.2,265.5,127.5,空車,0.9474,Empty car.
tr_img_06042,1715.2,762.0,2492.5,494.0,ドりクお通レ,0.7913,"I'm sorry, I'm sorry. I'm sorry."
tr_img_06038,1307.2,940.8,329.5,78.5,ツつマップ,0.6848,Tweet Map
tr_img_06038,1003.2,931.0,179.5,58.0,コヨマ,0.5884,Koyoma
tr_img_06038,1537.2,1217.8,2672.5,207.5,単テメ一デイイをはめよー,0.621,Don't put on a single day!
tr_img_06038,1551.5,1449.8,1799.0,103.5,自分好みに組み合わせて音の追求を愉しもう。,0.9955,Let's combine our own tastes with the pursuit of sound.
tr_img_06044,1600.0,1047.0,945.0,110.0,平岸1条1丁目,0.883,"No, no, no, no, no, no, no, no, no, no, no, no, no, no, no, no, no, no, no, no, no, no, no, no, no, no, no, no, no, no, no, no, no, no, no, no, no, no, no, no, no, no, no, no."
tr_img_06043,1076.8,521.8,66.5,94.5,芝,0.9999,The lawn.
tr_img_06043,1082.2,630.0,199.5,83.0,五丁目,0.9987,Five.
tr_img_06040,866.5,293.0,697.0,152.0,清水郵便局,0.9618,Toshio Post Office.
tr_img_06040,1860.5,300.8,484.0,132.5,清水駅西口,0.9998,Shizura Station west.
tr_img_06040,1937.8,428.2,632.5,142.5,白転車等駐車場,0.9477,It's a parking lot. It's a white bicycle.
tr_img_06040,1245.0,521.2,231.0,99.5,学利子,0.6068,Science Interest
tr_img_06040,998.8,524.5,238.5,91.0,人口天,0.9617,Demosphere
tr_img_06040,662.0,530.8,293.0,78.5,清水邸局,0.9695,Shizura's Office.
tr_img_06040,1850.8,644.2,500.5,60.5,清永站西口自行牟等存本姚,0.8094,"I'm sorry, I'm sorry."
tr_img_06040,810.0,875.8,932.0,139.5,清水簡易裁判所,0.9876,The Eclipse Court.
tr_img_06040,589.8,1080.5,477.5,83.0,清水簡易裁判所,0.9501,The Eclipse Court.
tr_img_06040,1375.8,1080.5,225.5,82.0,利平企,0.7231,Frustration
tr_img_06040,997.0,1085.2,248.0,78.5,人口天,0.9351,Demosphere
tr_img_06040,686.2,1222.2,633.5,147.5,清水税務署,0.9753,"I'm sorry, I'm sorry, I'm sorry."
tr_img_06040,536.2,1412.8,327.5,80.5,清水税局,0.9827,Sanitation Bureau.
tr_img_06040,866.5,1422.2,219.0,78.5,人口天,0.9725,Demosphere
tr_img_06040,1098.5,1422.2,206.0,78.5,川早全,0.7073,As soon as the river ends.
tr_img_06040,1002.0,1554.5,838.0,117.0,は一とびあ清水,0.9379,It's a fresh water.
tr_img_06040,2003.8,1690.0,174.5,90.0,人口,0.9649,POPULATION
tr_img_06040,1451.2,1734.0,405.5,100.0,「Heartpia清水],0.96,"""Hettpia pure water."""
tr_img_06040,913.2,1739.0,668.5,96.0,静市清水社会福祉会槍,0.9261,Shikoku Sushi-san's Pharmaceutical Union.
tr_img_06040,1712.2,1847.5,568.5,146.0,バス案内所,0.9929,The bus guide.
tr_img_06040,921.5,1869.5,620.0,118.0,観光案内所,0.9973,It's a tourist tour.
tr_img_06040,1836.2,2003.5,132.5,73.0,H人,0.7111,H's.
tr_img_06040,1593.0,2025.2,335.0,97.5,巴士向滴姚,0.8312,It's time for you to leave.
tr_img_06040,784.5,2038.0,360.0,90.0,光介昭所,0.8238,The Scho-School.
tr_img_06047,1507.2,1417.5,1405.5,262.0,ス尾ジンギスカン,0.8283,Slysin Ggiscan
tr_img_06047,1521.5,1627.0,513.0,125.0,北海道名物,0.9479,"It's a good one, Hokkaido."
tr_img_06047,1527.8,1826.5,371.5,103.0,南1条店,0.9939,South 1st Street.
tr_img_06045,574.5,1099.0,461.0,139.0,日本橋,0.9991,Japan Bridge
tr_img_06045,575.8,1264.0,463.5,136.0,人形町,0.9477,It's Doll Town.
tr_img_06045,561.8,1443.0,488.5,164.0,一丁目,0.9586,One.
tr_img_06046,1597.0,768.5,1855.0,251.0,南13条西18T目,0.8266,South 13th West 18th.
tr_img_06048,907.2,1305.2,311.5,73.5,エキバパ,0.8327,Evápa
tr_img_06048,1759.0,1502.5,579.0,80.0,(パレシェ,0.7858,(Palesh)
tr_img_06048,1085.5,1508.5,740.0,88.0,ショッピング街,0.9239,It's a shopping town.
tr_img_06051,1312.8,948.0,102.5,204.0,中央,0.6551,Center
tr_img_06051,1256.5,1695.2,251.0,1209.5,中島会司,0.5806,Nakajima's host.
tr_img_06052,1192.0,379.5,412.0,123.0,豊平区,0.9922,GEORGE
tr_img_06052,1197.0,1740.2,306.0,2409.5,木車町8丁目2,0.6811,"Eight o'clock in the morning, eight o'clock in the morning."
tr_img_06052,1385.2,1123.0,45.5,66.0,や,0.9993,Hey.
tr_img_06052,1380.2,1438.0,80.5,224.0,ちよう,0.8673,Hey.
tr_img_06049,944.0,1042.8,237.0,1399.5,調布市板ヶ丁丘3,0.5099,I'll be right back. (dramatic theme playing) (dramatic theme playing) (dramatic theme playing)
tr_img_06049,906.2,1916.5,356.5,103.0,彭信用金庫,0.8979,It's a safe deposit box.
tr_img_06054,1959.2,704.5,2810.5,756.0,アルカイースト,0.9994,Al-Qaeda.
tr_img_06056,977.8,1417.5,1403.5,185.0,南14条西16丁目,0.9161,South 14th and West 16th.
tr_img_06058,1165.5,212.5,300.0,147.0,日本橋,0.9995,Japan Bridge
tr_img_06058,1167.0,383.0,297.0,144.0,小舟町,1.0,It's a fishing town.
tr_img_06053,1287.0,1225.2,510.0,148.5,之橋北詰,0.9994,Inohashi-kun.
tr_img_06055,985.8,181.2,396.5,127.5,八幡山,0.9983,Yaeyama.
tr_img_06055,581.5,456.5,616.0,67.0,当駅構内施設の階層図,0.9987,The hierarchy of this station's internal facility.
tr_img_06055,1348.5,553.5,194.0,52.0,男子トイレ,0.9875,The men's room.
tr_img_06055,418.8,558.5,117.5,36.0,案内所,0.9997,A guide.
tr_img_06055,948.0,561.0,269.0,36.0,エスカレーター,0.9604,Escalator
tr_img_06055,476.0,645.2,238.0,51.5,きつぷつりば,0.9447,I'm not going anywhere.
tr_img_06055,1352.2,640.2,191.5,41.5,女子トイレ,0.9941,The women's bathroom.
tr_img_06055,1394.0,724.2,280.0,56.5,だれでもトイレ,0.998,Everybody goes to the bathroom.
tr_img_06055,427.8,734.2,126.5,52.5,侍合室,0.8856,The Citadel.
tr_img_06055,950.5,733.2,258.0,43.5,コインロッカー,0.9694,Coin locker
tr_img_06055,1112.2,816.0,367.5,51.0,自動体外式除細動器,0.9713,Auto body external defibrillator.
tr_img_06055,467.0,822.2,219.0,43.5,エレベータ,0.9749,Elevator
tr_img_06055,725.0,928.2,407.0,46.5,現在地から地上までの,0.9622,And that's what I'm going to talk about today.
tr_img_06055,734.2,977.8,409.5,43.5,バリアフリー主要ルート,0.9509,The main barrier free route.
tr_img_06055,1397.8,1102.8,179.5,55.5,京王八壬子,0.9158,"Ichiko Kyoko, king of Tokyo."
tr_img_06055,1454.8,1143.8,287.5,44.5,高尾山口橋本方面,0.9595,It's in the direction of Takataka Hashimoto.
tr_img_06055,547.8,1161.5,104.5,28.0,現在銀,0.7054,Now it's silver.
tr_img_06055,344.2,1180.8,151.5,35.5,ホーム階,0.9289,Homeroom.
tr_img_06055,1081.0,1216.2,91.0,35.5,改札階へ,0.9218,To the resale floor.
tr_img_06055,459.0,1499.5,136.0,41.0,新宿方面,0.837,It's heading to the wrong place.
tr_img_06055,1490.2,1826.0,191.5,42.0,コンコース噌,0.8894,Concourse
tr_img_06055,313.0,1926.5,132.0,39.0,地上出口へ,0.9842,To ground exit.
tr_img_06055,1238.8,2054.0,109.5,28.0,ホーム階へ,0.9152,Homeroom.
tr_img_06055,807.2,2068.0,66.5,27.0,一ム,0.8017,I-I-I-I-I-I-I-I-I-I-I-I-I-I-I-I-I-I-I-I.
tr_img_06061,654.0,2636.5,759.0,226.0,勝田台駅,0.9995,Fujita station.
tr_img_06061,633.0,2866.5,179.0,65.0,駐田台站,0.9366,I'll take care of it.
tr_img_06061,422.0,2874.2,176.0,67.5,勝田台站,0.9272,I'll be right back.
tr_img_06057,1572.0,873.0,2191.0,308.0,東ナ区ッのイ条キイ校,0.614,I've got a school in East Na's.
tr_img_06062,863.2,1031.5,151.5,1054.0,奈西四川,0.5217,Nara Shikoku.
tr_img_06063,707.0,1256.5,267.0,127.0,麺屋,0.818,Noodle shop.
tr_img_06064,344.5,260.0,240.0,38.0,ホ一ム傾斜に注意,0.9433,Watch out for the Hwang-mong slope.
tr_img_06064,347.2,388.2,512.5,46.5,車いす、べビ一力一をご利用のお客さま,0.9588,Thank you very much.
tr_img_06064,372.8,510.8,484.5,40.5,ホ一ムには水はけのため傾斜がごき,0.9392,It's a little bit like this. It's a little bit like this. It's a little bit like this.
tr_img_06064,155.2,557.2,101.5,29.5,います。,0.88,I'm here.
tr_img_06064,539.5,588.8,153.0,28.5,車輪が線路,0.9764,The wheel's on the track.
tr_img_06064,292.8,593.8,313.5,32.5,ホ一ムでお待ちの際は、,0.9322,(Laughter)
tr_img_06064,364.5,633.0,501.0,41.0,と平行になるように停め、必ずづレ一,0.9498,"It's going to be parallel to each other, and it's going to be parallel to each other."
tr_img_06064,364.0,672.0,498.0,33.0,キをおかけいただくようお願いいたし,0.9559,I asked you to sit down for me.
tr_img_06064,149.8,714.0,67.5,29.0,ます。,0.9604,I'm sorry.
tr_img_06064,535.5,826.5,168.0,26.0,十条駅長,0.921,Chief Secrecy.
tr_img_06067,532.8,443.0,188.5,46.0,日・祝・月,0.9923,"The day, the celebration, the moon."
tr_img_06067,871.5,445.8,281.0,44.5,火・水・木・金,0.9975,"Fire, water, wood, gold."
tr_img_06067,1267.2,448.5,44.5,35.0,土,0.6359,Earth
tr_img_06067,530.8,551.2,92.5,48.5,休診,0.9997,Responsibilities
tr_img_06067,1281.0,694.8,195.0,50.5,燭正歯科,0.8439,He's a dentist.
tr_img_06067,542.0,702.2,109.0,62.5,歯科,0.9991,Dental dentistry
tr_img_06067,895.5,698.2,207.0,46.5,小児歯科,0.9993,It's called P.D.
tr_img_06067,933.5,867.8,991.0,112.5,土ズ雅歯札医院,0.6278,"Aluminum, the dentist's office."
tr_img_06065,2183.0,1770.2,498.0,151.5,1間,0.602,One.
tr_img_06065,1140.2,3329.5,813.5,172.0,ノサム,0.5008,Nosham.
tr_img_06068,1083.8,220.8,140.5,79.5,中原区,0.9984,Middle-earth.
tr_img_06069,1364.0,903.5,1582.0,178.0,南12条西1３丁目,0.8902,South 12th and West 13th.
tr_img_06070,1504.0,574.5,61.0,139.0,ロ口,0.7092,Roal.
tr_img_06070,1495.8,861.5,106.5,520.0,去板,0.5891,Leftboard
tr_img_06071,892.5,387.5,1203.0,149.0,渋江サッシ株式会社,0.8963,Shizue Sassi Company.
tr_img_06072,971.0,208.0,161.0,52.0,ナ,0.6419,Na.
tr_img_06072,1096.2,497.2,108.5,54.5,この,1.0,Look at this.
tr_img_06072,1026.5,555.2,295.0,56.5,ニ却nしてくた,0.5934,I didn't know what to do.
tr_img_06072,474.8,583.5,383.5,62.0,3ロ海413円,0.5529,3 Ro Sea 413 Yen
tr_img_06072,564.5,711.0,501.0,90.0,静岡市役所,0.9997,Shizuoka City Hall.
tr_img_06072,1000.5,712.2,281.0,92.5,清水庁,0.9409,Iseshima Hotel.
tr_img_06072,1488.5,1141.0,124.0,535.0,地町,0.5951,Locality
tr_img_06073,1664.0,2461.8,74.0,34.5,平区,0.8654,Normal
tr_img_06073,1673.5,2745.2,75.0,539.5,4の島1条3丁目3,0.8003,"4 islands, 3rd and 3rd."
tr_img_06066,1715.2,1134.0,2004.5,798.0,清水相生町,0.971,Manchuria Manchuria.
tr_img_06075,355.5,250.2,269.0,110.5,バス,0.9967,The bus.
tr_img_06075,554.0,304.8,154.0,94.5,を除く,0.9987,Exclude
tr_img_06075,341.2,342.8,246.5,97.5,タクシー,0.9367,Taxi.
tr_img_06075,1342.0,679.2,809.0,93.5,浄岡市役所消水庁舎,0.8386,Puraoka City Hall Reconciliation Facility
tr_img_06075,1532.2,1084.2,211.5,76.5,ホデ,0.5147,Hodde
tr_img_06075,1526.0,1162.2,280.0,76.5,サシホート,0.5558,Sashhoat
tr_img_06077,312.8,490.8,360.5,205.5,東北,0.9214,To the north.
tr_img_06077,406.2,649.0,520.5,176.0,行こラ!,0.8158,Go!
tr_img_06077,349.2,970.8,176.5,45.5,新幹線で,0.913,On the Shinkansen Line.
tr_img_06077,389.2,1008.8,256.5,50.5,ちよっといい旅,0.9634,Nice little trip.
tr_img_06074,1762.0,1124.0,1138.0,116.0,三鷹市里予473,0.7136,473.
tr_img_06078,1568.5,713.8,1299.0,384.5,つM25,0.6776,M25
tr_img_06078,1553.0,1098.5,1221.0,327.0,久の対応,0.7139,It's been a long time.
tr_img_06078,1778.2,1393.2,1018.5,113.5,の粒子を99％キャツチ系,0.9674,It's 99% of the particles. It's a catcatcher.
tr_img_06078,1542.0,1517.5,1585.0,91.0,換気等による屋外からの新たな粒子の侵入は考慮しておりません。,0.9991,We have not considered entering new particles from outside by ventilation or other means.
tr_img_06078,1255.2,1628.5,1232.5,62.0,øＰＮ２らとは２5üñ以下の微小粒子犬物質の総称です。「,0.8288,The O.R.P.2 is the name of the general name of the sub-major particle dog substance below 25ür.
tr_img_06078,2153.0,1641.5,609.0,62.0,この空気清浄機では01ú,0.8547,"In this air cleaner, it's 0102."
tr_img_06078,1537.0,1776.8,1084.0,61.5,有害物質のすべてを除去できるものではありません,0.9681,It's not something that can remove all the harmful substances.
tr_img_06078,1543.5,1849.2,1588.0,84.5,ø32ñ(約8畳)の密閉空間での効果であり実使用空間での結果ではありません。,0.9587,It's an effect in a closed space with pre-medium and it's not a result of real-use space.
tr_img_06078,1297.8,1976.5,806.5,42.0,彩議方法・昌本電機工業会親格昌仙尊無),0.5429,"I'm sorry, I'm sorry. I'm sorry, I'm sorry."
tr_img_06078,1951.5,1987.8,464.0,52.5,判定基準：01〜25umの,0.8961,And that's what I'm going to show you.
tr_img_06078,1534.0,2039.2,1160.0,64.5,微小粒子状物質を32前(約8畳)の密閉空間で99％際去する時間が,0.9115,And that's what we're going to talk about.
tr_img_06078,1530.8,2100.2,863.5,58.5,90分以内であること。(32(約8畳)の試験空間に,0.9378,It's going to be within 90 minutes.
tr_img_06078,1535.5,2157.0,300.0,49.0,換算した値です。,0.9644,That's the value we've changed.
tr_img_06079,885.0,554.0,985.0,113.0,感染症防正のたみ,0.9035,It's an anti-infectious treatment.
tr_img_06079,1746.8,567.2,557.5,113.5,石験による,0.9195,It's based on a stone test.
tr_img_06079,1115.5,743.2,1447.0,126.5,手洗いを励行してください,0.9851,Please encourage me to wash my hands.
tr_img_06079,1231.8,1517.8,923.5,78.5,財務局管財グループノOIFice,0.8607,Financial Securities Group
tr_img_06076,1055.2,547.8,442.5,78.5,入庫後24時間以内,0.9996,In the next 24 hours.
tr_img_06076,1148.0,628.2,271.0,100.5,財務局管財グループノOIFice,0.8607,Financial Securities Group
tr_img_06076,918.0,618.5,148.0,45.0,月金,0.9999,Marginal
tr_img_06076,584.5,647.8,269.0,78.5,最大料金,0.9993,Maximum charge.
tr_img_06076,1668.0,654.0,521.0,65.0,最大料金は入庫時点の曜日,0.9952,The maximum charge is on the day of stocking.
tr_img_06076,2002.0,663.5,148.0,45.0,祝目を,0.8194,Let's celebrate.
tr_img_06076,1184.2,720.0,322.5,88.0,1 000円,0.9124,One thousand yen.
tr_img_06076,1606.5,720.0,385.0,56.0,基準に適用されます,0.9994,It's applied to standards.
tr_img_06076,1121.5,789.2,574.0,58.5,0最大料金は入庫時の曜目。視目により異なります。,0.9146,The maximum charge is on the e-mail week. It's different depending on how you look at it.
tr_img_06076,1638.0,802.2,423.0,52.5,最大料金は繰り返し適用となります。,0.9865,The maximum charge applies over and over again.
tr_img_06076,1201.8,992.2,384.5,105.5,60分200円,0.9993,60 minutes 200 yen.
tr_img_06076,1997.2,1006.8,204.5,96.5,200円,0.9994,200 yen.
tr_img_06076,576.5,997.2,265.0,67.5,通常料金,0.9999,Normal charge.
tr_img_06076,915.0,986.0,148.0,45.0,月金,0.9986,Marginal
tr_img_06076,1817.8,1006.8,176.5,80.5,60分!,0.7723,Sixty minutes!
tr_img_06076,1203.0,1082.2,381.0,99.5,60分300円,0.9998,60 minutes 300 yen.
tr_img_06076,1806.5,1092.8,164.0,99.5,60分,0.9883,60 minutes.
tr_img_06076,2008.0,1100.2,182.0,95.5,100円,0.9999,100 Yen
tr_img_06076,913.5,1079.2,151.0,45.5,土日祝,0.9314,Happy Birthday to you!
tr_img_06076,1636.2,1092.0,135.5,45.0,石験による,0.9195,It's based on a stone test.
tr_img_06076,704.2,1206.2,658.5,48.5,太０ご利用の際は、場内の約款看板をご確認ください。,0.9226,Please check the agenda signs in the hall when you're spending your money.
tr_img_06076,1423.8,1214.5,195.5,39.0,リパークコ一ルセンタ,0.693,Rifleko Roussanta
tr_img_06076,1112.0,1338.8,367.0,101.5,三井のリパーク,0.9056,"River Park, Mii."
tr_img_06076,1562.5,1346.5,208.0,71.0,札院帝14西6,0.6821,14 West 6th.
tr_img_06076,579.5,1335.5,422.0,42.0,三井不動産リアルテイ札幌株式会社,0.9444,It's a real estate tag company.
tr_img_06076,1392.2,1341.8,94.5,35.5,駐連場名,0.9151,The names of the stations.
tr_img_06076,1957.8,1515.8,343.5,35.5,住まいの売却感染症防正のたみ,0.9506,It's the home's sale. It's anti-infectious.
tr_img_06076,699.2,1528.5,302.5,42.0,法人専用カ一ドで,0.9307,It's a private corporation.
tr_img_06076,1363.8,1544.8,422.5,61.5,駐車場用地募集中,0.9882,We're looking for a parking lot.
tr_img_06076,707.2,1565.5,324.5,45.0,キャッシュレス精算,0.9894,Cashless Array
tr_img_06076,1318.2,1622.2,570.5,48.5,土地の有効活用駐車場管理はお任せください,0.9919,Leave it to me to manage the parking lot.
tr_img_06076,1959.2,1660.8,371.5,54.5,ミ井のリハウス,0.8397,Mii's home.
tr_img_06076,1315.0,1673.5,501.0,42.0,井不動産リアルテイ札幌株式会社,0.9813,I'm a real estate company.
tr_img_06076,647.2,1718.8,488.5,48.5,歩郡0120-201-321,0.8584,County 0120-201-321
tr_img_06076,1313.5,1759.0,416.0,32.0,太故障等の連絡先ではの6ません人,0.792,It's not a problem. It's not a problem. It's not a problem. It's a problem.
tr_img_06076,650.5,1765.5,432.0,39.0,太故障等の連絡先ではありません公,0.9327,"It's not like you have any contact with any of these things, Your Grace."
tr_img_06081,1508.8,704.0,467.5,230.0,置番号,1.0,Place Number
tr_img_06081,947.2,685.0,487.5,190.0,駐車位,0.971,Parking position.
tr_img_06081,1196.8,2039.5,1268.5,175.0,使用方法,0.9707,Use method
tr_img_06081,543.0,2228.8,629.0,104.5,1駐車のとき,0.9785,"When I was parking one car,"
tr_img_06081,1250.0,2390.8,1573.0,133.5,白線内の中央に駐車してください。,0.985,Please park in the middle of the white line.
tr_img_06081,1601.0,2543.8,1045.0,117.5,ロック板が上がります。,0.9348,The board will go up.
tr_img_06081,723.2,2537.2,550.5,97.5,一定時間後,0.9999,A Timed Time
tr_img_06081,586.2,2701.2,767.5,104.5,2。お帰りのとき,0.8998,2. On your way home.
tr_img_06081,1064.8,2855.5,1221.5,98.0,精算機で料金を支払った後,0.9672,"After I paid my fee on the calculator,"
tr_img_06082,217.0,1222.8,86.0,47.5,十条,0.8557,Ten.
tr_img_06082,218.5,1278.5,86.0,47.0,李丞,0.6964,I'll be right back.
tr_img_06083,667.0,487.5,397.0,179.0,成城,0.9732,The Manjidani castle.
tr_img_06083,668.0,706.8,384.0,179.5,六丁目,0.9971,Sixth.
tr_img_06080,2311.0,180.5,1108.0,252.0,大呼き札幌,0.6217,It's a big bill.
tr_img_06080,107.2,1262.0,197.5,46.0,断駐車禁止,0.8498,No parking.
tr_img_06080,107.5,1541.5,215.0,51.0,断駐車管理受託会社,0.961,It's a closed-and-driven constituency firm.
tr_img_06080,2701.8,2301.8,237.5,1021.5,けんげち,0.5702,Prick.
tr_img_06080,2259.5,3005.2,1023.0,105.5,中川賢一事務所連絡所,1.0,Nakakawa's office contact.
tr_img_06085,383.8,830.8,286.5,162.5,車検,0.9842,Car test.
tr_img_06085,782.5,839.8,333.0,166.5,点検,0.824,Check
tr_img_06085,597.8,1074.0,698.5,171.0,オイル交揆,0.9486,Oil Interference
tr_img_06085,600.5,1308.0,717.0,205.0,板金・塗装,0.9863,Boarding. Painting.
tr_img_06086,716.0,169.2,478.0,183.5,日本橋,0.9998,Japan Bridge
tr_img_06086,713.2,337.2,499.5,180.5,人形町,0.9992,It's Doll Town.
tr_img_06086,720.0,530.0,487.0,196.0,二丁目,0.9603,Two.
tr_img_06087,1548.2,881.0,1399.5,213.0,平岸条2丁目,0.9483,"No, no, no. No, no, no, no, no, no, no."
tr_img_06089,877.0,401.0,243.0,141.0,日本橋,0.9992,Japan Bridge
tr_img_06089,874.0,514.8,220.0,128.5,人形町,0.9982,It's Doll Town.
tr_img_06089,900.5,638.2,169.0,122.5,丁目,0.9979,&gt;&gt;Hugo Barra: Thank you. &gt;&gt;Hugo Barra:
tr_img_06091,1066.2,1332.5,212.5,57.0,豊平区,0.9957,GEORGE
tr_img_06091,1056.8,2343.8,168.5,1311.5,富1条2丁ニ2,0.5558,"One, two, two, two."
tr_img_06088,963.8,521.5,169.5,43.0,たがや,0.6199,I'm sorry.
tr_img_06088,953.2,573.8,281.5,104.5,世由谷区,0.9595,Iseji Valley
tr_img_06092,1072.8,804.8,1414.5,666.5,2次会,0.9967,Second party.
tr_img_06092,1101.8,1702.5,1335.5,332.0,若板見には,0.7774,(Laughter)
tr_img_06092,1484.0,1926.2,217.0,154.5,で,0.5938,So...
tr_img_06092,465.5,2321.8,485.0,219.5,ちんと,0.7009,Mm-hmm.
tr_img_06092,971.2,2583.0,1137.5,321.0,年2000,0.9291,Year 2000
tr_img_06084,1552.8,1507.8,1972.5,479.5,やきとり家,0.9919,I'm a hunter.
tr_img_06084,1381.0,2005.5,1988.0,726.0,すみれ,0.9867,Out.
tr_img_06084,2585.8,2076.8,197.5,239.5,笑,0.9996,Smile.
tr_img_06093,2011.8,1050.2,2491.5,318.5,中島ム園キャラリー,0.8748,Nakashima University Carrily
tr_img_06095,1066.5,879.0,303.0,88.0,豊平区,0.9989,GEORGE
tr_img_06095,1056.8,1989.0,206.5,1982.0,中の島1条2丁目4,0.7682,One of the islands. Two of the islands. Four of them.
tr_img_06095,1209.8,1091.5,61.5,148.0,なか,0.6157,I don't know.
tr_img_06095,1206.5,1513.5,70.0,151.0,ま,0.908,"Oh, my God."
tr_img_06097,1122.2,317.8,1600.5,374.5,国1七ツ新屋,0.976,"Country 17s, new guy."
tr_img_06097,1111.5,733.5,1612.0,412.0,交差点南東,0.9966,southeast of the intersection.
tr_img_06097,792.5,1651.2,607.0,193.5,こニは,0.7614,What's this?
tr_img_06097,1230.2,1969.2,1031.5,389.5,島崎町,0.8782,Ishima City.
tr_img_06100,107.2,2690.0,182.5,151.0,得!,0.9939,Get it!
tr_img_06096,1204.8,394.5,305.5,42.0,環環にやさ,0.8629,It's on the ring.
tr_img_06096,1360.8,433.5,637.5,82.0,L巨Dを使用しています,0.8595,We're using L mega-D.
tr_img_06096,1477.5,1409.5,1010.0,218.0,御茶ノ水,0.5813,Have a cup of tea.
tr_img_06101,1151.0,986.2,845.0,494.5,市役所,0.9998,City Hall.
tr_img_06101,2144.8,1189.0,1069.5,511.0,清水庁舎,0.9975,Kunihito Station.
tr_img_06094,1643.0,1436.5,684.0,309.0,川根本町,1.0,Shinmoto-Cho.
tr_img_06094,1140.0,1739.2,450.0,267.5,浜松,0.9991,Sakura Matsu
tr_img_06094,2124.2,1980.5,412.5,244.0,沼津,0.9937,Numazu
tr_img_06094,1131.2,2098.2,466.5,278.5,藤枝,0.9992,Fuji.
tr_img_06094,2130.5,2320.5,415.0,250.0,富士,0.988,Mr. Fujisawa.
tr_img_06094,1617.0,2549.2,508.0,206.5,静清ＢＰ,0.9883,Clear BP
tr_img_06094,1628.0,3080.8,875.0,297.5,この先200ｍ,0.9744,200 meters from here.
tr_img_06103,1058.2,716.0,1623.5,171.0,周祈T緑永ケ丘2一ハ183,0.6081,T-N-E-N-N-N-N-N-N-N-N-N-N-N-N-N-N-N-N-N-K-A-A-A-A-18.
tr_img_06104,1642.8,183.5,1862.5,239.0,出庫時のご注意,0.9288,It's stocking time.
tr_img_06104,1775.0,746.0,1030.0,532.0,確認,0.9857,Confirm
tr_img_06104,757.5,609.0,961.0,187.0,精算後、必ず,0.9447,I don't know what to do with it.
tr_img_06104,2488.5,620.0,321.0,203.0,して,1.0,Do it.
tr_img_06104,2668.2,870.0,656.5,201.0,ください,0.9866,Please.
tr_img_06104,675.8,863.2,771.5,167.5,コツク板を,0.9314,I'm gonna need a hookboard.
tr_img_06104,2057.0,1662.2,662.0,129.5,入出庫不可,0.9949,I can't get in and out.
tr_img_06104,546.5,1672.0,540.0,137.0,入出庫可,0.9203,It's in and out.
tr_img_06104,1608.0,1915.2,2688.0,184.5,ロック板によリ車両が損傷しても,0.9148,There's been some damage to the car on the lockboard.
tr_img_06104,2197.0,2092.5,659.0,75.0,X車度15Cｍ以下の,0.8491,Less than 15Cm for X-cars.
tr_img_06104,992.2,2148.8,1469.5,175.5,補償致しかねます,0.9817,I won't make it up to you.
tr_img_06104,2348.2,2184.2,829.5,91.5,お車はご利用できません,0.9986,Your car is not available.
tr_img_06105,567.2,507.8,114.5,51.5,番ドア,0.9929,Front door.
tr_img_06105,376.5,517.5,80.0,43.0,号車,0.9306,Car.
tr_img_06105,423.2,808.8,280.5,62.5,女性専用車,0.957,A woman-only car.
tr_img_06102,974.5,716.8,303.0,101.5,豊平区,0.994,GEORGE
tr_img_06102,924.5,1905.0,367.0,2237.0,中の議1条1二5,0.5008,"Article one, column twelve, inside."
tr_img_06102,1115.2,880.5,88.5,145.0,なな,0.5813,Yeah.
tr_img_06102,1110.0,1233.2,74.0,154.5,しま,0.7598,Shoe.
tr_img_06106,846.5,508.8,206.0,52.5,中原区,0.9988,Middle-earth.
tr_img_06106,845.5,578.2,238.0,76.5,木月,0.9917,Tree Moon
tr_img_06106,840.8,666.0,223.5,67.0,4丁目,0.9966,Four.
tr_img_06099,2035.0,1366.0,1384.0,217.0,ネクステッブ,0.9658,Nexteb.
tr_img_06099,3679.2,1479.8,187.5,92.5,時間,0.9918,Time
tr_img_06099,2328.8,1583.0,1609.5,203.0,西ミパーキシグ,0.8511,West Miperxigue
tr_img_06099,3557.5,1617.2,464.0,160.5,時間貸,0.8527,I'll lend you time.
tr_img_06099,515.2,2145.8,716.5,305.5,30分/,0.8911,30 minutes.
tr_img_06099,1476.2,2195.0,961.5,352.0,100円,0.9078,100 Yen
tr_img_06099,2457.0,2164.8,659.0,278.5,60分,0.9997,60 minutes.
tr_img_06099,3374.5,2227.2,962.0,399.5,100円,0.9842,100 Yen
tr_img_06111,736.8,1076.0,104.5,59.0,山ice,0.6693,Mountain
tr_img_06111,958.5,1725.0,208.0,91.0,フリー,0.9113,Free
tr_img_06113,463.5,191.5,708.0,138.0,食攻是貞,0.6342,I don't think so.
tr_img_06113,550.5,616.0,717.0,127.0,２日寺門,0.5592,It's a two-day temple.
tr_img_06113,477.2,839.8,727.5,131.5,4名様以上,0.7523,There are more than four of us.
tr_img_06113,527.2,1075.0,796.5,170.0,予製),0.5578,(Prepared)
tr_img_06113,602.0,1301.5,1042.0,187.0,しくは店内にて,0.964,I'll put the broom in the shop.
tr_img_06110,1444.8,1215.5,1391.5,338.0,JR清水駅,0.9936,JR clean water station.
tr_img_06110,1089.0,2034.2,666.0,146.5,羽衣の心,0.6064,The heart of the feather.
tr_img_06110,1501.2,2240.5,205.5,54.0,に名高い,0.9969,It's famous.
tr_img_06110,1195.5,2241.8,57.0,51.5,能,0.9983,Gyoi.
tr_img_06110,1310.0,2241.8,135.0,51.5,羽荻,0.6691,Hane.
tr_img_06110,1731.8,2240.8,217.5,49.5,羽衣の松,0.9991,It's pines in feathers.
tr_img_06114,923.2,124.0,918.5,149.0,警備裏施中,0.7211,Security's on the line.
tr_img_06112,1210.0,577.8,600.0,123.5,通用口,0.73,Convenient entrance.
tr_img_06112,1240.8,722.5,923.5,217.0,中山校夫,0.8107,Nakayama's husband.
tr_img_06112,1241.8,884.0,933.5,84.0,ミ鷹ホ北野4-5一4,0.8131,"Mighaho, 4-514."
tr_img_06108,1406.2,535.5,357.5,101.0,中央区,0.999,CENTRAL CENTRAL
tr_img_06108,1407.8,1812.8,303.5,2328.5,南い条西1丁目1,0.6648,South-West and West-West.
tr_img_06116,1495.0,485.0,406.0,88.0,出人印印目,0.6516,It's got a mark on it. It's got a mark on it.
tr_img_06116,1085.8,489.8,309.5,78.5,早0I,0.5918,I'll be quick.
tr_img_06116,1332.2,601.8,692.5,75.5,圓山公共汽王冬起站,0.8213,I can't wait to see you again.
tr_img_06116,1438.2,701.0,473.5,85.0,圓山巴士總站,0.9491,I don't know what you're talking about
tr_img_06116,1366.0,836.5,607.0,156.0,円山公園,0.9941,Circle Mountain Park.
tr_img_06116,1325.5,1088.2,306.0,78.5,ト早OI,0.5177,Quick OI
tr_img_06116,1511.0,1186.0,290.0,79.0,圓山公園,0.9327,I'm at Tsuoyama Park.
tr_img_06116,1502.8,1274.2,294.5,86.5,圓山公園,0.9998,I'm at Tsuoyama Park.
tr_img_06116,1272.5,1387.5,716.0,130.0,北海道神宮,0.9997,Kunihito.
tr_img_06116,1312.8,1616.0,293.5,76.0,外0I臣,0.5451,Agents of the outside 0I.
tr_img_06116,1451.2,1702.5,338.5,66.0,北海道神宮,0.9758,Kunihito.
tr_img_06116,1261.2,1888.5,692.5,110.0,円山動物園,0.999,It's called the Round Mountain Zoo.
tr_img_06116,1234.0,2090.0,277.0,66.0,ト早0,0.5159,Quick 0
tr_img_06116,1501.2,2091.5,206.5,69.0,畳呂,0.7255,Tic-tac-tac-tac-tac.
tr_img_06116,1440.0,2170.2,335.0,75.5,圓山劫物園,0.7334,I'm at Tsuoyama's property park.
tr_img_06116,1437.0,2249.0,335.0,63.0,圓山動物園,0.9997,It's a zoo.
tr_img_06119,1923.2,1917.0,194.5,60.0,お18年,0.6178,18 years.
tr_img_06117,1073.8,1492.0,405.5,103.0,新静岡駅,0.9994,Shinaoka Station.
tr_img_06117,1711.5,1506.0,302.0,113.0,御幸町,1.0,Good-bye.
tr_img_06117,2036.2,1513.2,214.5,112.5,県庁,1.0,District Bureau.
tr_img_06117,1396.2,1516.8,204.5,67.5,静岡鉄道,0.9999,Shizuoka Railroad
tr_img_06117,958.0,1642.0,178.0,48.0,新静図站,0.9096,Nintendo
tr_img_06117,1256.8,1646.8,260.5,52.5,四人引ą,0.5176,Four of us.
tr_img_06117,1630.2,1650.2,127.5,49.5,御幸町,0.9997,Good-bye.
tr_img_06117,1799.0,1651.5,173.0,48.0,山元引黍,0.6796,I'll be right back.
tr_img_06117,1254.5,2010.5,101.0,39.0,業時間,0.9959,Worktime
tr_img_06117,1258.0,2062.2,168.0,42.5,番001午後8時,0.6735,001 p.m.
tr_img_06117,1258.0,2115.5,168.0,40.0,年前10時1年7月30分,0.8205,"Ten o'clock, one o'clock, seven thirty o'clock."
tr_img_06120,1976.5,1512.5,2020.0,365.0,ー・クラフト,0.8576,- Ship.
tr_img_06121,1554.5,1101.8,2076.0,251.5,北海学園,0.998,North School.
tr_img_06115,855.5,1507.8,672.0,397.5,トマト,0.9628,Tomatoes.
tr_img_06115,2376.8,1831.5,1240.5,624.0,オーレ,0.7736,"Oh, yeah."
tr_img_06126,1547.5,588.8,208.0,92.5,シーバ,0.9926,Shiba
tr_img_06126,1169.2,1568.8,968.5,291.5,とろ～り,0.8948,I'll take care of it.
tr_img_06126,1185.5,1979.8,1651.0,187.5,まぐろ味セレクション,0.967,It's a condiment.
tr_img_06126,1664.0,2187.5,818.0,138.0,まぐろとシーフード味,0.9255,Snacks and seafood.
tr_img_06126,696.0,2181.2,352.0,114.5,まぐろ味,0.9964,It's so sweet.
tr_img_06126,1441.8,2679.0,117.5,115.0,味,0.7306,Taste
tr_img_06126,1929.5,2733.5,122.0,108.0,味,0.5456,Taste
tr_img_06126,575.2,2795.8,93.5,110.5,味,0.9461,Taste
tr_img_06125,966.5,93.8,530.0,129.5,屋外広告物許司,0.9044,Out-of-the-box advertising permissions.
tr_img_06125,1261.0,513.8,1103.0,384.5,緑ヶ丘,0.7572,Green Hill
tr_img_06122,1132.5,1443.2,477.0,84.5,社会福祉事業所,0.9997,Social Services.
tr_img_06127,860.0,2583.0,115.0,537.0,し,0.5209,Shh.
tr_img_06129,1151.5,804.0,409.0,339.0,楼骨小,0.526,Berber bone.
tr_img_06129,754.5,850.8,292.0,237.5,ひらお,0.9934,"Oh, shit."
tr_img_06129,936.0,891.8,100.0,92.5,か,0.8328,"Oh, my God."
tr_img_06130,335.2,370.5,225.5,117.0,時間貸,0.979,I'll lend you time.
tr_img_06130,667.8,365.5,156.5,72.0,パーク,0.6954,Park.
tr_img_06130,1430.2,726.5,535.5,145.0,寺間貸,0.8636,I'll lend you the Temple.
tr_img_06130,2598.8,733.0,277.5,132.0,収容,0.8981,Imprisoned
tr_img_06130,1946.8,955.2,787.5,138.5,ここを右折,0.9381,Turn right here.
tr_img_06130,1228.5,1229.0,176.0,68.0,パーク,0.8444,Park.
tr_img_06130,2129.2,1267.8,1386.5,132.5,札幌中島公園南駐車場,0.9915,"Yokohama Island Park, south parking lot."
tr_img_06130,2313.8,1490.0,894.5,142.0,札幌中島公園南駐車場,0.9945,"Yokohama Island Park, south parking lot."
tr_img_06130,2504.2,1623.8,482.5,132.5,夜間20:008:00,0.9416,20:08:00 at night.
tr_img_06130,1740.2,1667.2,110.5,106.5,昼間,0.8378,Daylight
tr_img_06130,2748.5,1777.0,330.0,240.0,100円,0.959,100 Yen
tr_img_06130,2417.8,1794.5,273.5,223.0,60分,0.9812,60 minutes.
tr_img_06130,2077.5,1802.5,318.0,203.0,10円,0.7779,Ten yen.
tr_img_06130,1805.0,1815.2,269.0,226.5,30分,0.9594,Half an hour.
tr_img_06130,2288.5,2060.0,633.0,132.0,ここを右折,0.9901,Turn right here.
tr_img_06132,1651.2,417.8,347.5,139.5,日本橋,0.9998,Japan Bridge
tr_img_06132,1649.8,545.2,348.5,121.5,人形町,0.9929,It's Doll Town.
tr_img_06132,1652.5,688.2,350.0,136.5,一丁目,0.9965,One.
tr_img_06124,1255.8,1542.0,2224.5,333.0,作小当専店,0.5887,It's a small shop.
tr_img_06124,520.8,1716.0,909.5,118.0,体にやさしい厳選された素材を,0.9947,And that's what I'm going to show you.
tr_img_06124,462.0,1866.2,893.0,118.5,美味しいお弁当ができました。,0.9938,We have a delicious lunch.
tr_img_06133,1365.0,966.8,432.0,179.5,小中町,0.7914,Nakanaga.
tr_img_06131,457.5,1436.5,331.0,166.0,軽量,0.9978,Lightweight
tr_img_06131,1085.8,1447.2,792.5,116.5,クラフト封筒,0.9482,Ship Entries
tr_img_06131,839.2,1694.8,1259.5,296.5,良形3号,0.8248,Good-looking number three.
tr_img_06131,351.2,1994.0,257.5,132.0,徳用,1.0,It's for virtue.
tr_img_06131,1245.0,2072.8,364.0,88.5,定形郵便,1.0,Fixed Postal
tr_img_06131,1200.0,2233.5,293.0,101.0,サイズ,1.0,Size
tr_img_06131,1576.8,2411.2,1015.5,117.5,44サイズ横3つ折対応,0.9796,"44 sizes, three folds."
tr_img_06131,530.0,2436.5,248.0,135.0,枚入,0.9869,Certified
tr_img_06131,1422.5,2620.8,835.0,76.5,保存、郵送に便利です,0.9993,It's useful for saving and mailing.
tr_img_06131,741.0,2628.8,587.0,79.5,書類等の整理,0.9995,Documents and stuff.
tr_img_06134,1136.0,925.8,1831.0,482.5,宇田川町,0.9975,Isegawa City.
tr_img_06128,2335.2,2220.8,640.5,165.5,プレミデム,0.9831,Premium
tr_img_06128,1119.2,2238.0,46.5,103.0,便ご,0.8671,Pisses.
tr_img_06128,2608.2,2448.2,1243.5,283.5,姿納孝ソラト,0.7708,Takashi Solato.
tr_img_06128,921.8,2341.0,54.5,60.0,使,0.9981,Users
tr_img_06128,967.0,2387.8,183.0,86.5,夕納,0.7209,The sunset.
tr_img_06128,2349.8,2635.2,432.5,90.5,あんのういも,0.8653,I don't know what you're talking about.
tr_img_06136,2274.2,1709.5,1446.5,445.0,高村歯札,0.8808,Takamura's tooth tag
tr_img_06136,2215.5,1967.2,139.0,111.5,つ,0.9624,1
tr_img_06135,835.2,591.8,276.5,40.5,えきまえひるば,0.9829,I'll take care of it.
tr_img_06135,822.2,664.0,336.5,91.0,駅前広場,0.9999,"In front of the station, square."
tr_img_06135,763.0,819.8,227.0,56.5,站前一塚,0.7244,I'm going to take care of you.
tr_img_06135,953.2,952.0,588.5,81.0,タクシーのリば,0.9973,I'm in a cab.
tr_img_06135,753.8,1105.8,227.5,62.5,出租奉站,0.949,I'm here.
tr_img_06135,1023.0,1108.0,275.0,62.0,聖人舎斗乳,0.5857,Saint's Bed's milk.
tr_img_06135,811.5,1219.0,310.0,48.0,えきまえこうばん,0.9966,I don't know what to say.
tr_img_06135,816.2,1293.5,338.5,88.0,駅前交番,1.0,In front of the station.
tr_img_06135,872.8,1453.0,465.5,57.0,站前派出所斗善企,0.864,The ex-partner's plan to get away with it.
tr_img_06135,1112.8,1558.0,397.5,45.0,ちかちゅうしやじょう,0.9046,You're such a pain in the ass.
tr_img_06135,981.8,1632.5,678.5,76.0,工キパ地下駐車場,0.9654,"Work-kipa, underground parking lot."
tr_img_06135,896.5,1795.5,541.0,57.0,Tエキパ」地下停奉瑤,0.7974,"I'm sorry, I'm sorry."
tr_img_06135,1696.2,1796.5,170.5,59.0,李斗乳,0.818,Powder milk
tr_img_06135,2193.5,1899.5,148.0,132.0,新静岡駅,0.6577,Shinaoka Station.
tr_img_06135,844.5,1907.8,409.0,40.5,しずおかおんがくかん,0.9952,I don't know what you're talking about.
tr_img_06135,926.2,1985.8,576.5,73.5,静岡音楽館AC,0.9089,Shizuoka Music Hall AC
tr_img_06135,840.0,2152.2,423.0,47.5,静図音荼館ＡO,0.6778,The AO.
tr_img_06139,1099.8,283.5,239.5,137.0,清水区,0.9964,Purchase
tr_img_06138,460.5,272.0,222.0,78.0,日本橋,0.9999,Japan Bridge
tr_img_06138,455.0,349.8,229.0,84.5,人形町,0.9975,It's Doll Town.
tr_img_06138,455.2,444.0,216.5,78.0,一丁目,0.8185,One.
tr_img_06140,1415.5,1415.5,363.0,114.0,化粧室,0.9911,Laundry.
tr_img_06141,761.2,536.8,1294.5,396.5,国産米を,0.7723,It's a national rice plant.
tr_img_06141,762.2,851.0,1232.5,178.0,あまじております,0.7848,"I'm sorry, sir."
tr_img_06142,1194.0,980.8,494.0,235.5,井川,0.9996,Isegawa.
tr_img_06142,762.5,1850.0,877.0,236.0,東静田駅,0.6181,Higashida Station.
tr_img_06142,2098.2,1900.5,653.5,219.0,清水駅,0.7117,Shizura Station
tr_img_06137,1791.2,2027.5,1457.5,266.0,丸菱声桜,0.7609,Sakura Sakura
tr_img_06137,3219.2,2033.8,1088.5,211.5,練馬営業所,0.8711,It's a horse dealership.
tr_img_06145,1269.2,182.8,479.5,160.5,豊平区,0.9864,GEORGE
tr_img_06145,1493.2,518.0,114.5,251.0,なか,0.7528,I don't know.
tr_img_06145,1269.2,1690.0,296.5,2586.0,中の島1条3丁目4,0.8009,"The island's inside, 3rd and 4th."
tr_img_06145,1482.0,1176.5,97.0,236.0,しま,0.7335,Shoe.
tr_img_06147,323.0,905.5,261.0,74.0,受付B,0.919,Recipe B
tr_img_06143,1266.2,1036.2,1168.5,159.5,中の島1条2丁目,0.9396,One and two islands inside.
tr_img_06148,806.0,436.0,214.0,61.0,給田境,0.8285,Tokita border.
tr_img_06149,1058.8,1108.8,209.5,76.5,日本橋,0.9912,Japan Bridge
tr_img_06149,1058.8,1186.2,213.5,69.5,人形町,0.9977,It's Doll Town.
tr_img_06149,1060.0,1266.8,211.0,69.5,一丁目,0.9976,One.
tr_img_06150,688.8,373.8,780.5,289.5,深-144,0.8831,Deep-144.
tr_img_06151,1639.5,1625.5,1163.0,487.0,オワート,0.8297,Owat.
tr_img_06153,563.5,181.8,312.0,158.5,興津,0.9999,I'll be right back. I'll be right back.
tr_img_06153,1337.2,208.0,451.5,149.0,清水駅,0.9998,Shizura Station
tr_img_06153,490.2,645.0,350.5,159.0,草薙,0.9421,Seung Jo.
tr_img_06153,960.2,952.0,323.5,90.0,南幹線,0.9956,South Bank.
tr_img_06155,1494.8,584.8,1319.5,99.5,配達いつもありかとう,0.8876,There's always a delivery.
tr_img_06155,1474.2,1027.8,1476.5,562.5,工藤,0.9909,Kudo.
tr_img_06157,1647.5,1195.2,461.0,156.5,米良,0.992,U.S.
tr_img_06154,929.8,492.0,75.5,255.0,調有甘,0.5875,Sweets
tr_img_06154,919.5,1342.5,155.0,1304.0,三屋卜山,0.6172,Mt. Fuji.
tr_img_06159,638.0,683.0,849.0,195.0,プレトも,0.5874,I've got a lot of pret.
tr_img_06159,1878.8,703.8,1466.5,230.5,野菜も、行凍る,0.7318,We're going to freeze our vegetables.
tr_img_06159,1594.0,1124.2,2771.0,513.5,おいしく保存!,0.8772,I'll save it. I'll save it. I'll save it. I'll save it.
tr_img_06159,2206.8,1425.8,457.5,55.5,X当社調べ。運転状況や食品の種類,0.9458,We're looking at our company. We're looking at our driver's situation and our kind of food.
tr_img_06159,2718.2,1436.8,372.5,52.5,量によって効果が異なります,0.9894,It doesn't matter how much it's made.
tr_img_06159,2483.8,1433.8,72.5,38.5,状態,0.9991,Status
tr_img_06159,648.8,1641.5,556.5,128.0,日立だけの,0.9991,Just the sun.
tr_img_06159,1759.2,1670.2,515.5,114.5,真空チルド,0.9999,Vacuum Tierdo
tr_img_06159,615.8,1826.5,691.5,137.0,咲度を守る,0.7976,Keep blooming.
tr_img_06159,1756.0,1860.5,899.0,114.0,新鮮スリープ野菜室,0.9965,Fresh sleep in the vegetable room.
tr_img_06159,606.5,1999.0,678.0,133.0,3つの技神,0.8654,Three wizards.
tr_img_06159,1751.2,2057.0,681.5,114.0,デリシャス冷凍,0.9998,Delicus frozen.
tr_img_06152,811.0,496.2,956.0,130.5,南13条西7丁目,0.9633,South 13th and West 7th.
tr_img_06156,1179.0,1983.2,297.0,205.5,すぐそき,0.6819,I'll be right there.
tr_img_06161,1378.2,921.5,2123.5,660.0,佐森木産,0.6704,It's from Samori.
tr_img_06163,979.5,397.0,438.0,145.0,中央区,0.9975,CENTRAL CENTRAL
tr_img_06163,982.8,1806.5,283.5,2391.0,原日本橋二一丁目9,0.6089,Main Japanese Bridge. Nine.
tr_img_06165,837.8,1153.5,108.5,59.0,高乙り,0.5936,I'll bet you didn't do it.
tr_img_06165,1260.0,1153.2,50.0,38.5,0円,0.7657,0 yen
tr_img_06165,1039.5,1185.5,250.0,62.0,高12時翌8時,0.7215,It's 12 o'clock in the morning. It's 8 o'clock in the morning.
tr_img_06165,1310.2,1187.8,92.5,47.5,疲れ,0.7329,I'm tired.
tr_img_06165,844.2,1215.8,75.5,51.5,慶痛,0.5839,I'm in pain.
tr_img_06165,1060.5,1230.8,290.0,47.5,火曜のみき署ち,0.6478,It's only Tuesday.
tr_img_06165,3294.8,2044.5,222.5,60.0,美却ビル,0.7653,Beauty Building.
tr_img_06166,609.5,312.2,673.0,123.5,B東日本,0.8124,B.E.R.I.E.L.D.
tr_img_06162,522.0,790.8,272.0,64.5,池田屋安兵衛商店,0.9167,Ikeda Security Department.
tr_img_06162,468.8,826.8,133.5,42.5,認久気の,0.6079,It's been a long time.
tr_img_06162,562.2,871.0,281.5,55.0,おはすめ3大商品!,0.7558,Three big goods!
tr_img_06162,54.8,1145.0,96.5,35.0,おな赤い,0.5429,Red.
tr_img_06158,1469.0,1778.5,748.0,2970.0,アんメ橋リ,0.545,Amehashiri.
tr_img_06164,1156.8,902.5,188.5,68.0,駐車券,0.9065,Parking tickets.
tr_img_06164,1168.0,1129.2,132.0,59.5,発券,0.9945,A ticket.
tr_img_06164,1190.2,1444.2,512.5,41.5,公ご利用の際は、場内の約款看板を必すお読み下さい。,0.9582,"When it comes to public use, please read the official sign in the hall."
tr_img_06164,1161.2,1483.5,454.5,51.0,太2千円5千円1万円札のご利用は出来ません。,0.9669,"You can't use a 10,000 yen bill for 2,000 yen."
tr_img_06164,1185.5,1554.5,503.0,54.0,リパークコールセンター(携帯電話もこ利用できます),0.9388,(Laughter) (Applause)
tr_img_06164,1182.2,1683.8,496.5,47.5,＠駐車場名四パ一ク札醍南14西6,0.7646,"I'm sorry, I'm sorry. I'm sorry."
tr_img_06168,1423.8,1668.8,367.5,195.5,日井,0.6953,Iseshima
tr_img_06168,1986.0,1668.8,356.0,193.5,暉男,0.7746,Sung-sama.
tr_img_06169,731.2,915.8,1237.5,184.5,ベトナム料理,0.9468,Vietnamese food.
tr_img_06169,759.0,1149.2,750.0,162.5,ホアングン,0.9881,Hoangang
tr_img_06170,356.0,642.8,236.0,63.5,人とクルマと街と,0.999,"A man, a car, a city."
tr_img_06170,312.0,1018.0,188.0,405.0,成大料金,0.6534,Full charge.
tr_img_06170,984.5,972.8,526.0,206.5,駐車後,0.9936,After the parking.
tr_img_06170,981.2,1156.8,539.5,200.5,24時間,0.9995,24 hours.
tr_img_06170,236.2,1525.2,194.5,446.5,基本料金,0.7484,Basic charge.
tr_img_06170,1929.2,1701.0,110.5,142.0,分,1.0,min
tr_img_06170,1597.0,1963.8,241.0,75.5,最大料金は,1.0,What's the maximum cost?
tr_img_06170,486.8,1944.2,72.5,35.5,O0町,0.6365,O0 Town.
tr_img_06170,2575.2,1981.2,320.5,92.5,タイムズ南,0.9998,South of Times.
tr_img_06170,2816.0,1986.0,197.0,69.0,10西7,0.9999,Ten West Seven.
tr_img_06170,1594.2,2036.2,441.5,71.5,繰り返し適用されます,0.9991,It's applied over and over again.
tr_img_06170,2559.5,2040.8,301.0,69.5,札幌市中央区南1,0.9973,"I'm sorry, I'm sorry, I'm sorry, I'm sorry."
tr_img_06170,2812.8,2050.5,221.5,56.0,10条西7丁目,0.9907,10 West and 7th.
tr_img_06170,2022.5,2082.8,228.0,62.5,故障の際は,1.0,"In case of a malfunction,"
tr_img_06170,2351.5,2092.5,420.0,69.0,タイムズサービス(株),0.9919,(Time service)
tr_img_06172,1186.0,586.2,1014.0,170.5,南14条西5丁目,0.9975,South 14th and West 5th.
tr_img_06167,661.5,238.8,449.0,212.5,興津,0.9998,I'll be right back. I'll be right back.
tr_img_06167,1295.8,299.8,573.5,216.5,清水駅,0.9985,Shizura Station
tr_img_06167,715.8,713.5,570.5,221.0,日本平,0.9998,NIGERIA NIGERIA
tr_img_06167,705.8,1078.5,592.5,228.0,船越,0.9995,Ship's moving.
tr_img_06167,1665.5,1148.2,551.0,200.5,清水港,0.997,Guayry Bay
tr_img_06167,1249.8,1775.2,770.5,187.5,の先300ｍ,0.965,300 meters to the end.
tr_img_06171,1310.5,633.8,512.0,158.5,八幡番山,0.929,Iseyama.
tr_img_06171,981.8,742.0,347.5,66.0,はちまんやま,0.9991,I don't like it.
tr_img_06171,432.2,954.5,211.5,63.0,上北沢,0.9998,Hanzawa.
tr_img_06171,2156.0,964.8,242.0,62.5,芦花公園,0.9996,Sakura Park
tr_img_06173,400.0,266.5,341.0,70.0,ひたがゃく,0.8037,I don't know what I'm talking about.
tr_img_06173,404.2,362.0,359.5,142.0,世田谷区,0.998,Itagawa Valley
tr_img_06173,418.5,1252.0,214.0,1494.0,成城丁目5,0.7994,Manjidani Five.
tr_img_06176,1173.2,528.5,2097.5,331.0,この出入口は,0.8544,This entrance is...
tr_img_06176,571.8,1175.8,718.5,331.5,海抜,0.8008,"(For fully formatted text, see publication)"
tr_img_06176,335.5,1564.0,224.0,106.0,海按,0.6222,Aquarius
tr_img_06176,2110.5,1929.8,807.0,123.5,東京都交通局,0.9901,Tokyo City Traffic Administration.
tr_img_06177,917.0,699.2,216.0,62.5,中原区,0.9989,Middle-earth.
tr_img_06177,915.8,764.5,224.5,83.0,木月,0.997,Tree Moon
tr_img_06177,914.2,842.2,221.5,71.5,3丁目,0.8807,Three.
tr_img_06179,1641.0,262.2,148.0,80.5,中央区,0.9653,CENTRAL CENTRAL
tr_img_06179,1633.0,707.8,104.0,811.5,日本橋豚町丁目,0.6296,It's the Japanese bridge pig town.
tr_img_06180,191.2,630.0,382.5,345.0,で,0.9963,So...
tr_img_06180,2477.5,1190.5,894.0,231.0,動画写真,0.9947,Video Photos
tr_img_06180,1457.0,1423.8,327.0,296.5,型,0.6335,Type
tr_img_06180,2520.0,1470.8,844.0,228.5,ゲームに,0.9954,To the game.
tr_img_06180,2437.2,1823.5,1069.5,380.0,おすすめ,0.998,You're welcome.
tr_img_06180,340.0,1834.5,381.0,122.0,フルHD,0.8384,Full HD
tr_img_06180,400.0,2053.8,555.0,68.5,広視野角ADSパネル採用,0.9879,I'm getting a wide view of the ADS panel.
tr_img_06180,374.8,2121.5,517.5,75.0,ワイド液晶ディスプレイ,0.9457,Wired Crystal Display
tr_img_06181,329.2,946.2,411.5,50.5,先進のテレマテイクス機能“,0.9403,The advanced telematics feature.
tr_img_06178,866.0,743.8,491.0,174.5,日本橋,0.9998,Japan Bridge
tr_img_06178,870.0,915.8,494.0,163.5,人形町,0.9998,It's Doll Town.
tr_img_06178,874.0,1101.5,502.0,169.0,一丁目,0.997,One.
tr_img_06183,1694.0,233.5,65.0,28.0,仁,0.7094,Yo-un.
tr_img_06183,549.0,818.5,328.0,175.0,北野,1.0,"No. No. No, no, no, no. No, no, no, no, no, no, no, no, no."
tr_img_06183,555.5,986.8,297.0,132.5,四丁目,0.9679,4th Street.
tr_img_06182,2513.8,1042.0,428.5,100.0,タクシー,0.9801,Taxi.
tr_img_06182,1299.2,1074.2,905.5,114.5,団体バス・路線バス,0.9789,Group bus route.
tr_img_06182,1943.8,1274.0,341.5,114.0,一般車,0.9924,It's a normal car.
tr_img_06182,1064.8,1288.8,498.5,97.5,レンタカー,0.9912,Rent-car.
tr_img_06182,1275.8,2121.5,172.5,70.0,同体バスのりは,0.7316,(Laughter)
tr_img_06184,1231.2,739.0,546.5,95.0,まじよ犬,0.7563,"I'm serious, dog."
tr_img_06188,1409.8,832.5,398.5,166.0,田二丁目,0.9127,Ta-da.
tr_img_06188,1759.2,1202.8,245.5,114.5,時差式,0.9987,Time difference
tr_img_06185,770.2,46.0,165.5,40.0,人天副,0.8663,Man's Substance
tr_img_06185,1027.8,167.8,666.5,80.5,清水年金事務所,0.9287,I'm here to help you. I'm here to help you. I'm here to help you. I'm here to help you. I'm here to help you. I'm here to help you.
tr_img_06185,838.5,300.0,307.0,47.0,清水年金事多所,0.895,"I'm sorry, I'm sorry, I'm sorry."
tr_img_06185,931.0,355.5,208.0,40.0,四言人早企,0.7428,Premarital Prostitution
tr_img_06185,1018.2,500.8,662.5,90.5,清水江尻小学校,0.9722,Shizuzuzu Etsu elementary school.
tr_img_06185,1147.0,577.8,149.0,49.5,時差式,0.9987,Time difference
tr_img_06185,830.5,626.0,310.0,57.0,清水江尻小学校,0.9346,Shizuzuzu Etsu elementary school.
tr_img_06185,739.5,680.5,129.0,53.0,人口,0.5387,POPULATION
tr_img_06185,888.2,799.5,411.5,88.0,清水テルサ,0.9966,Pure water Tellsa
tr_img_06185,938.0,936.8,530.0,59.5,静図市奈部勤蒡者福祉中心,0.9528,I'm at the center of Seung Jo's life.
tr_img_06185,1288.8,945.0,106.5,52.0,清永,0.8747,Hironori.
tr_img_06185,880.0,992.2,130.0,42.5,田二丁目,0.9127,Ta-da.
tr_img_06185,877.8,1110.2,410.5,100.5,JＲ清水駅,0.9492,JR clean water station.
tr_img_06185,1696.2,1136.2,422.5,91.5,マリナート,0.9992,Marinart.
tr_img_06185,762.0,1231.0,183.0,48.0,JR清水站,0.9431,JR clean water
tr_img_06185,1607.5,1259.2,244.0,47.5,清水文化会館,0.9753,The Chrysanthemum Museum.
tr_img_06185,779.5,1287.5,228.0,58.0,JR人町玉9,0.5407,It's JR. It's a town of nine.
tr_img_06185,1526.0,1308.8,85.0,42.5,N口I,0.6746,N-A-A-A-A-A-A-A-A-A-A-A-A-A-A-A-A-A-A-A-A-A-A-A-A-A-A-A-A-A.
tr_img_06185,1579.2,1312.2,54.5,35.5,医,0.5417,Doctor.
tr_img_06185,1275.8,1414.0,198.5,40.0,静鉄新清水駅,0.9906,Shikoku Shizura Station.
tr_img_06185,925.0,1471.8,125.0,23.5,市役所市水成,0.6543,City City Water.
tr_img_06185,1289.8,1487.0,113.5,26.0,新済水店,0.811,The new water station.
tr_img_06185,1674.0,1540.2,89.0,39.5,千町,0.98,Sen City
tr_img_06185,1036.0,1575.8,83.0,33.5,租生町,0.7392,Manchuria.
tr_img_06185,1225.0,1719.8,197.0,43.5,浦水年金京務所!,0.8445,You've got to get out of here. You've got to get out of here.
tr_img_06185,458.2,1727.0,94.5,24.0,清テリサ,0.5138,Kately Lisa.
tr_img_06185,1658.5,1825.0,171.0,31.0,浜田親水公臣,0.8749,I'm an officer of Tsukita Ogawa's.
tr_img_06185,1401.0,1888.8,124.0,41.5,巴町公園,0.8844,Yumachi Park.
tr_img_06185,543.2,1890.0,141.5,33.0,島崎町公園,0.9578,Issaki Town Park.
tr_img_06185,1794.2,1914.8,177.5,30.5,浜田ホンブ場口,0.7771,Tosada Hobbnob.
tr_img_06185,1636.0,2181.8,135.0,49.5,河水神社,0.8346,The river shrine.
tr_img_06187,1437.8,995.8,290.5,144.5,栄田,0.7644,Higashida.
tr_img_06187,985.2,1011.0,423.5,149.0,伝馬町,0.9979,It's a run-a-do-do-do-do-do-do-do-do-it-all.
tr_img_06187,2161.2,1098.5,212.5,72.0,公交牢!,0.8139,Contestation!
tr_img_06187,1349.0,1169.5,104.0,52.0,菓町,0.9314,Komachi.
tr_img_06187,1102.2,1167.2,139.5,42.5,画,0.9688,Pictures
tr_img_06187,842.2,1176.5,135.5,48.0,株町,0.583,Stock town.
tr_img_06192,945.5,402.8,201.0,71.5,三鷹市,0.9999,Mitaka City
tr_img_06192,941.5,981.8,125.0,1040.5,北嗣四上川寸,0.6241,"Tohoku Shikoku, the northernmost island in the world"
tr_img_06190,1554.5,718.2,2732.0,355.5,港三田クリ二ツク,0.9275,Port Mita Kichinituk
tr_img_06190,2498.0,994.0,176.0,87.0,院長,0.9999,Director.
tr_img_06190,2712.2,995.5,182.5,84.0,石井,0.9642,Ishii
tr_img_06190,2868.2,993.8,91.5,80.5,勝,0.9997,We won.
tr_img_06190,2702.8,1261.2,453.5,112.5,科,1.0,Family.
tr_img_06190,2436.5,1259.5,148.0,90.0,内,0.9965,Inside
tr_img_06190,2643.0,1396.5,549.0,107.0,消化器内科,0.9954,It's a digestive system.
tr_img_06190,1154.5,1424.0,1396.0,71.0,東洋医学(鍼・漢芦)人間ドック・召種検診,0.907,A human Dr. Dr. Richard Kimble.
tr_img_06190,2638.2,1535.2,539.5,100.5,信環器内科,0.9585,Mathematics.
tr_img_06190,645.8,1544.8,245.5,54.5,診療時間,0.9901,Clinical Time
tr_img_06190,2606.8,1667.2,590.5,114.5,婦人科,0.9864,She's a gynecologist.
tr_img_06190,1091.5,1712.2,1125.0,74.5,休診日丿木曜・土曜(午後・日曜・,0.9688,He's off on Mondays and Sundays.
tr_img_06190,1716.8,1718.8,170.5,67.5,祝日,0.9996,A holiday.
tr_img_06190,2591.0,1797.8,610.0,130.5,小児科,0.97,The pediatrician.
tr_img_06190,1154.5,1825.0,917.0,68.0,港区芝5-16-1千代ビル3f,0.9367,Port Fields 5-16-1000 square feet
tr_img_06190,2589.2,1929.8,606.5,117.5,心療内科,0.9859,Cardiovascular.
tr_img_06190,1163.8,1936.2,1276.5,110.5,当駅Ａ3:A8出口より徒歩3分,0.9324,We're on foot three minutes from exit A3:A8.
tr_img_06190,1995.5,2079.5,206.0,62.0,問合せ先,0.9731,Addresses
tr_img_06190,2346.8,2087.5,467.5,65.0,東京都営交通協力会,0.9998,Tokyo City Traffic Association
tr_img_06195,1130.8,294.0,388.5,130.0,日本橋,0.9999,Japan Bridge
tr_img_06195,1129.5,420.5,397.0,133.0,人形町,0.9997,It's Doll Town.
tr_img_06195,1132.0,561.8,386.0,133.5,三丁目,0.7683,Three.
tr_img_06196,1601.8,1414.2,2297.5,155.5,上質な音楽空間をあなたへ,0.9142,I'll give you the best music space.
tr_img_06196,1630.0,1593.0,1238.0,94.0,くっろぎの時間を演出する,0.9507,I'll show you how long it's been.
tr_img_06199,1266.5,323.8,1219.0,283.5,高ご制限,0.6601,High Limits
tr_img_06199,499.2,1014.8,268.5,78.5,重量制限,0.9658,Weight Limit
tr_img_06199,1835.0,1045.2,274.0,80.5,高さ制限,0.8706,Height Limit
tr_img_06199,178.0,1288.5,106.0,53.0,すすぎの8:,0.7681,It's eight o'clock in the morning.
tr_img_06199,156.0,1523.8,106.0,46.5,会員雑,0.5477,It's just a bunch of members.
tr_img_06201,1709.8,797.0,1095.5,203.0,自輪軍専居,0.6132,I'm a self-portrait.
tr_img_06198,1046.8,640.2,961.5,148.5,JR清水駅東口,0.897,JR clean water station east entrance.
tr_img_06198,1040.8,1068.0,977.5,148.0,駐重場駐輪場,0.9633,Subtitles: @elder_man
tr_img_06198,1411.8,1456.5,508.5,93.0,清水テルサ,0.9974,Pure water Tellsa
tr_img_06198,1091.5,1671.5,1159.0,107.0,清水文化会館マリナート,0.9903,"Marinat, the Chrysanthemum Museum."
tr_img_06198,1256.8,2008.0,166.5,58.0,ホテル,0.9878,Hotel.
tr_img_06197,1201.5,121.2,1998.0,211.5,ロツク板が下がつたことを確誌し,0.9448,(Laughter)
tr_img_06197,1205.0,422.0,1741.0,222.0,こ以ビに,0.5548,I'll take care of him.
tr_img_06197,1159.8,733.8,1257.5,227.5,出庫してください,0.9986,I'm gonna need you to put it in storage.
tr_img_06197,1174.2,1227.0,1738.5,213.0,壬車位置番号を間違つた,0.8627,I've got the wrong location number.
tr_img_06197,1159.8,1490.0,652.5,209.0,精算金は,1.0,How much do I owe you?
tr_img_06197,1164.8,1749.8,1694.5,220.5,反金いたしません,0.9743,I'm not going to take any money from you.
tr_img_06197,1166.2,2154.8,1777.5,288.5,支払の途中で精算機から離れる場合は,0.9904,So let's think about how much money we're going to pay for it.
tr_img_06197,1153.5,2397.0,1666.0,224.0,必す「ヨ以消ボタンを,0.8302,"I'm going to have to say, ""Oh, no, no, no, no, no, no, no, no, no, no, no, no, no, no, no, no, no, no, no, no, no, no, no, no, no, no, no, no, no, no, no, no, no, no, no, no, no, no, no, no, no, no, no, no, no."
tr_img_06197,1200.0,2617.8,1070.0,186.5,押してください,0.9256,"Push, please."
tr_img_06204,787.8,70.8,544.5,53.5,そしい非旅素系の材質を使用し,0.8311,We're not going to do that. We're not going to do that. We're not going to do that.
tr_img_06204,246.5,86.5,219.0,75.0,この後は地手,0.814,"After this, we're out on the ground."
tr_img_06204,1111.5,560.8,659.0,197.5,ウサギの,0.9065,The rabbit.
tr_img_06204,1095.2,875.8,1889.5,430.5,牧革スナック,0.7819,Vessel Snacks
tr_img_06204,1538.2,1209.8,1016.5,209.5,ハーブの香り,0.9419,Smells of herbs.
tr_img_06204,468.8,2480.5,494.5,169.0,シャンピーオンエキス配台,0.8369,It's a turpentine extract station.
tr_img_06204,1661.2,2577.0,372.5,190.0,かたさ,0.8157,It's all right. It's all right.
tr_img_06204,483.2,2766.0,422.5,160.0,キシリトール配台,0.6908,The xyrillator platform.
tr_img_06204,1716.2,2898.2,345.5,201.5,産,0.9844,Birth
tr_img_06204,1538.5,2921.5,132.0,104.0,玉,0.9969,Balls.
tr_img_06204,353.0,2988.0,143.0,71.0,ア川ラ,0.7934,Agawara
tr_img_06205,574.2,462.0,215.5,105.0,海林,0.6412,Sea Forests
tr_img_06205,447.2,453.2,122.5,60.5,銀澄,0.6896,Ginnut
tr_img_06202,1917.0,2016.8,366.0,126.5,神保田,0.9885,Kanta.
tr_img_06202,1549.8,2029.5,247.5,137.0,曙橋,0.9767,Sakura.
tr_img_06202,1606.5,2150.5,364.0,130.0,本八幡,0.9992,I'm sorry.
tr_img_06202,1921.5,2147.5,218.0,110.0,方面,0.998,It's where we're going.
tr_img_06206,1461.5,536.5,466.0,190.0,便利,0.9891,It's convenient.
tr_img_06206,2137.2,919.8,664.5,144.5,安全機構,0.9972,It's a safety mechanism.
tr_img_06206,1833.2,1135.5,447.5,87.0,ドアロック,0.9872,Door locked.
tr_img_06206,746.5,1248.5,732.0,120.0,ム今を省いて,0.8614,I don't want you to do this right now.
tr_img_06206,1959.2,1235.2,712.5,74.5,運転中はロックされて開きません。,0.9868,It's locked while driving. It won't open.
tr_img_06206,1964.0,1372.5,722.0,104.0,チャイルドロック,0.9995,Child Rock
tr_img_06206,751.2,1456.0,942.5,123.0,白動で節電節水,0.9003,It's a white wire. It's a wire.
tr_img_06206,1861.8,1473.8,510.5,61.5,役定すると運転終了後も,0.9729,I'm not going to do that. I'm not going to do that. I'm not going to do that.
tr_img_06206,1800.2,1560.8,387.5,67.5,ドアが開きません,0.9994,The door won't open.
tr_img_06206,2564.0,1567.2,240.0,61.5,(イメージ図),0.9551,(Impressions)
tr_img_06200,808.5,1542.0,964.0,165.0,カタログブテイック,0.9746,Catalog BTik
tr_img_06200,3059.8,1591.5,527.5,170.0,南14条店,0.9999,14th Street.
tr_img_06203,752.2,2067.8,211.5,1384.5,静雨目吉奈本窃,0.5232,Shizura Shiramoto
tr_img_06207,143.8,406.8,287.5,52.5,言に割しでよきましよす,0.5729,"I'll tell you what, I'll tell you what."
tr_img_06207,713.8,437.2,108.5,78.5,十条,0.8158,Ten.
tr_img_06207,617.8,462.8,156.5,93.5,条道薬復院,0.6752,The Marginal Medicine Rehabilitation.
tr_img_06207,453.5,573.2,60.0,97.5,新険,0.5499,Shinji.
tr_img_06210,1160.0,1369.8,231.0,139.5,Kレzuk,0.5866,Krezuk
tr_img_06209,249.8,45.0,118.5,65.0,南口,0.9876,South entrance.
tr_img_06209,444.0,103.8,90.0,34.5,南出口,0.9086,South exit.
tr_img_06209,578.2,102.8,132.5,32.5,骨蔡善子,0.6722,Kimihiro.
tr_img_06209,191.5,203.0,173.0,34.0,北年金事務所,0.9999,The North pension office.
tr_img_06209,512.2,201.5,285.5,31.0,帝京大学医学部附属病院,0.9924,I'm at the medical hospital at the University of Tokyo.
tr_img_06209,241.8,231.2,51.5,17.5,のffice,0.7805,I don't know.
tr_img_06209,510.2,264.8,281.5,32.5,帝京大学高等学校・中学校,0.9584,"High school, junior high school, junior high school."
tr_img_06209,209.0,264.0,198.0,29.0,北区福祉事務所,0.9713,It's the North District Social Services Office.
tr_img_06209,211.2,324.2,197.5,31.5,北寺別支矛学校,0.8333,It's called the North Temple Substitution School.
tr_img_06209,508.0,325.2,277.0,28.5,東京家政大学･短期大学部,0.9577,I'm from Tokyo. I'm from junior high school.
tr_img_06209,458.2,358.0,175.5,27.0,高等学校・中学校,0.9648,"High school, junior high school."
tr_img_06209,199.5,383.0,164.0,29.0,北都税事務所,0.9997,The tax office in the north of the city.
tr_img_06209,229.5,439.0,218.0,28.0,陸上自衛隊十条駐市地,0.9332,I'll be there in a few minutes.
tr_img_06209,231.2,494.5,216.5,30.0,東京成徳大学短期大学,0.9997,Tokyo University's junior high school.
tr_img_06209,232.8,549.5,217.5,33.0,北区立中央図書館,0.999,The North District Central Library
tr_img_06212,1254.0,1264.8,404.0,129.5,水軍町7,0.8461,It's a seven-town navy.
tr_img_06211,545.8,85.2,666.5,87.5,精算機が一部変更をないました,0.9244,The calculator didn't make any changes.
tr_img_06211,495.2,202.2,471.5,74.5,íカードにて乗り越し不足額を,0.9458,I'm going to give you an example.
tr_img_06211,495.2,282.5,598.5,68.0,チャージされた場合は精算歩は出ません,0.9578,"If you're being chartered, you're not going to be able to account for it."
tr_img_06211,535.5,354.0,186.0,21.0,弟望のボタンを押しでくたさい,0.7622,I'm gonna push my brother's button.
tr_img_06211,572.2,401.8,114.5,30.5,のリし金額,0.9148,Recruit amount
tr_img_06211,794.5,406.2,89.0,31.5,000円,0.9089,"10,000 yen."
tr_img_06211,235.8,429.8,212.5,55.5,こちらを選択すると,0.9901,So let's see if we can do that.
tr_img_06211,575.0,432.2,122.0,31.5,IC力一ド残額,0.8266,The amount of IC's left.
tr_img_06211,804.0,438.0,66.0,30.0,00円,0.8316,00 yen.
tr_img_06211,531.5,460.2,40.0,35.5,あと,0.9998,And...
tr_img_06211,761.2,464.0,149.5,33.0,00円不足です,0.9861,We're short of 100 yen.
tr_img_06211,237.5,479.8,392.0,53.5,íカードに不足類がチャージされます,0.9495,It's called the i-card. It's called the i-card. It's called the i-card. It's called the i-card.
tr_img_06211,498.5,505.2,70.0,23.5,チャージ,0.8794,Charging.
tr_img_06211,527.5,544.2,70.0,29.5,(a00円,0.6005,(A00 yen)
tr_img_06211,662.5,546.8,72.0,26.5,2000円,0.9579,2000 yen.
tr_img_06211,803.5,550.8,76.0,26.5,3000円,0.959,Three thousand yen.
tr_img_06211,676.2,595.8,44.5,24.5,白00,0.5844,White 00
tr_img_06211,802.8,597.0,77.5,25.0,10000円,0.9129,Ten thousand yen.
tr_img_06211,246.5,630.2,250.0,50.5,こ不明な点がありました。,0.9377,There was an unknown point.
tr_img_06211,749.0,659.5,107.0,28.0,(不足横,0.8012,(SCREAMING)
tr_img_06211,175.2,672.0,169.5,45.0,駅係員までお問し,0.9,I'm going to ask the station attendant a few questions.
tr_img_06211,329.0,677.0,165.0,45.0,い合わせください,0.9797,I'd like you to meet me.
tr_img_06211,662.5,689.0,420.0,45.0,精算の場合は不足額チャージボタンを押してください,0.9467,"If you want to figure out how much money you need, press the short value trigger."
tr_img_06208,1852.2,1619.8,371.5,122.5,しも.,0.6869,You too.
tr_img_06208,1720.0,1856.0,130.0,142.0,・,0.5339,.
tr_img_06215,642.8,978.0,847.5,400.0,出口,0.9823,The exit.
tr_img_06215,982.8,1998.8,1340.5,179.5,南1条西4丁目,0.9461,South 1st and West 4th.
tr_img_06215,762.0,2553.0,966.0,195.0,ヨ之出ビル,0.9801,Yoo-Bill.
tr_img_06213,425.2,269.2,708.5,198.5,クホ茶,0.9922,"Oh, my God."
tr_img_06213,1258.0,274.0,673.0,202.0,支持率,0.8612,Support rate
tr_img_06213,1043.8,1028.5,554.5,92.0,体脂肪を減らすのを助ける,0.9668,Help reduce body fat.
tr_img_06213,1034.2,1320.0,399.5,233.0,特茶,0.9917,Special tea.
tr_img_06213,1035.8,1447.5,106.5,35.0,トクッ(,0.5934,I don't know what you're talking about.
tr_img_06213,1042.2,1512.0,338.5,44.0,口び分番呼冬を話代化させ8,0.5042,We're going to have to talk about winter as an alternative to eight.
tr_img_06213,1425.5,2463.2,790.0,57.5,休脂肪を減らすのを助けるので、休脂肪が気になる方に適しています,0.9846,"It's a good place to go, because it's a good place to go."
tr_img_06213,609.0,2465.0,780.0,41.0,許可表示脂筋弁解酵素を活性化させるケルセチシ配糖体の働きに,0.9141,So let's take a look at what's going on here.
tr_img_06213,370.2,2501.2,283.5,31.5,氷百社調(調季委説先,0.8329,It's going to be the first time I've ever seen anything like this.
tr_img_06213,1440.0,2524.8,529.0,54.5,、あなたが最も支持したい銘柄をお選びください,0.9744,(Laughter)
tr_img_06213,594.2,2531.0,138.5,35.0,質間項目:,0.8939,Integrated item:
tr_img_06213,425.2,2564.2,393.5,31.5,食生活は、主食、主菜、副菜を基本,0.9179,I'm going to talk about diets.
tr_img_06213,1739.8,2688.5,461.5,177.0,寺茶,0.9218,Temple tea.
tr_img_06213,310.8,2644.5,344.5,79.0,サントリー,0.994,Sandry.
tr_img_06213,989.0,2683.8,844.0,138.5,尹右律門,0.545,It's the Xinjiang Gate.
tr_img_06213,1883.0,2858.5,140.0,55.0,税込,0.9931,Taxes
tr_img_06217,1229.2,845.2,100.5,68.5,(防火木,0.9175,Firecrackers.
tr_img_06216,1319.5,979.5,208.0,61.0,三田駅,0.9993,Mida Station.
tr_img_06214,1454.0,178.5,138.0,68.0,飛定・医,0.7009,Flight Doctor.
tr_img_06214,1499.0,390.8,408.0,150.5,ラテン居酒に,0.8133,It's a latin bottle.
tr_img_06214,1260.8,590.0,107.5,88.0,こo!,0.5395,Come on!
tr_img_06221,1631.2,982.8,749.5,345.5,自転車,0.9783,Bicycle
tr_img_06221,542.2,1134.0,591.5,301.0,歩行者,1.0,A pedestrian.
tr_img_06218,1482.2,2119.8,476.5,84.5,南14西9,0.9635,"14 South, 9th."
tr_img_06222,684.5,1265.0,180.0,56.0,MAEじ,0.7257,Applets
tr_img_06222,753.8,1404.0,354.5,130.0,おé-30,0.7369,Your e-30.
tr_img_06222,562.0,1405.0,39.0,61.0,で,0.5436,So...
tr_img_06220,1642.8,236.8,999.5,202.5,南1４条西9丁目,0.8417,14 South and 9 West.
tr_img_06226,1356.0,1035.8,1234.0,172.5,南1３条西9丁目,0.9283,South 13 West 9th.
tr_img_06228,1180.5,579.0,860.0,181.0,鷹千歳烏山,0.8071,"A thousand years old, Mount Raven."
tr_img_06228,399.0,631.0,130.0,68.0,仙川,0.9998,Sengawa.
tr_img_06228,862.0,689.8,481.0,82.5,ちとせからすやま,0.9975,Don't do it. Don't do it.
tr_img_06228,2093.8,689.8,231.5,77.5,芦花公園,1.0,Sakura Park
tr_img_06228,374.8,867.0,76.5,39.0,仙川,0.9999,Sengawa.
tr_img_06228,1018.8,899.8,249.5,80.5,千岑弖山,0.7566,Chiangyama.
tr_img_06228,1425.5,911.5,450.0,66.0,大I星知引人OロI,0.5802,Big I.O.O.R.
tr_img_06228,2110.0,911.5,131.0,45.0,芦花公園,0.801,Sakura Park
tr_img_06228,213.0,1353.5,227.0,26.0,T日i03-62795620,0.8156,Tei03-6275620
tr_img_06228,948.5,1527.0,301.0,133.0,しがわ,0.6628,I'm sorry.
tr_img_06225,1101.8,1378.2,1043.5,299.5,三市二店,0.5266,Two stores in Three City.
tr_img_06225,1072.8,1743.5,1095.5,274.0,マタロ,0.6167,Mattaro
tr_img_06225,1134.0,2124.5,1065.0,332.0,あリエす,0.795,"Hi, Auri."
tr_img_06232,850.5,486.5,252.0,45.0,イン会こ来,0.9639,Come and see me.
tr_img_06232,968.8,1634.8,376.5,101.5,東李苑,0.9423,I'll be right back.
tr_img_06233,1835.0,625.0,566.0,105.0,平成22年度,0.9893,22 years old.
tr_img_06233,1827.0,837.5,1174.0,170.0,然費基準+5％達成車,0.7435,Explosive standards plus 5% achievement.
tr_img_06233,1754.5,1631.8,911.0,161.5,氏非トトマ車,0.5727,Mr. No-To-Tomma.
tr_img_06233,1726.2,1833.2,581.5,85.5,国土道大臣認定車,0.8214,He's a state-of-the-art minister.
tr_img_06227,1232.8,1127.5,264.5,150.0,邦楽,0.9993,Kunihito
tr_img_06227,726.5,1318.8,439.0,165.5,しそ,0.9993,Shh.
tr_img_06227,1743.0,1359.5,447.0,144.0,いか,0.9983,Here we go.
tr_img_06227,1218.0,1810.5,1486.0,277.0,ワーレコ・ドネピフォ2,0.695,Warreco Denepfo Two.
tr_img_06235,1018.0,1071.0,1031.0,428.0,禁煙,0.9985,No Smoking
tr_img_06235,1016.5,1436.5,996.0,171.0,二の場所及び,0.9957,Two places.
tr_img_06235,1006.8,1674.0,1324.5,174.0,ごルの前の道路上,0.9291,On the road in front of you.
tr_img_06235,1016.2,1905.8,1131.5,164.5,で喫煙しないで,0.9932,And don't smoke.
tr_img_06235,1035.8,2137.2,441.5,160.5,下さい,0.9577,Please.
tr_img_06235,1002.0,2353.0,1225.0,171.0,さつきビル管理人,0.8856,I'm the building manager.
tr_img_06236,1724.8,505.2,248.5,84.5,日本橋,0.9874,Japan Bridge
tr_img_06236,1730.2,581.2,241.5,69.5,人形町,0.9955,It's Doll Town.
tr_img_06236,1737.0,667.2,251.0,87.5,三丁員,0.8297,Three men.
tr_img_06230,3150.0,214.8,470.0,137.5,おビし,0.6959,"Hey, baby."
tr_img_06230,2058.0,1486.2,3881.0,1305.5,アイス,0.9974,Ice cream.
tr_img_06231,1230.5,1166.0,456.0,210.0,井川,0.9999,Isegawa.
tr_img_06231,1933.0,1205.5,545.0,171.0,静斉BP,0.5882,Order BP
tr_img_06231,850.5,1598.0,462.0,220.0,藤枝,0.9999,Fuji.
tr_img_06231,829.0,1990.8,812.0,214.5,東静岡駅,0.9997,Shizuoka Station.
tr_img_06231,2087.5,2030.8,613.0,191.5,消水駅,0.9628,We've got a dehydrated station.
tr_img_06231,105.2,2406.8,201.5,134.5,ター,0.8892,Tah.
tr_img_06238,987.0,79.5,451.0,147.0,角ハイボール,0.6898,A corner highball.
tr_img_06238,972.2,148.2,205.5,81.5,酒場,0.9449,Bar.
tr_img_06238,426.2,1355.2,743.5,313.5,築土せ,0.7564,Build it.
tr_img_06234,2554.5,1630.0,386.0,112.0,お手洗,0.9996,Wash your hands.
tr_img_06234,1179.8,1668.0,1132.5,118.0,レストラン街(アステイ東館,0.9972,I'm at the restaurant at the Astoria Tokyo Hotel.
tr_img_06234,472.5,1675.8,63.0,37.5,川,0.8657,River
tr_img_06234,1264.8,1891.5,1371.5,124.0,ショッピング街 (パルシエ食彩館),0.9484,A shopping town (Parasie Sculpture)
tr_img_06239,1047.5,926.8,197.0,76.5,中原区,0.9982,Middle-earth.
tr_img_06239,1050.2,982.2,199.5,88.5,木月,0.9934,Tree Moon
tr_img_06239,1050.2,1050.2,193.5,79.5,4丁目,0.994,Four.
tr_img_06237,1475.8,1570.5,463.5,55.0,大通公園。すすきの方面,0.9666,That's where I like to go.
tr_img_06237,1048.8,1575.5,409.5,58.0,く時計台札幌市役所,0.9035,The City Hall of St. Louis.
tr_img_06237,748.0,1599.5,129.0,87.0,口,0.997,VOICE
tr_img_06237,644.0,1601.0,104.0,84.0,南,1.0,SOUTH
tr_img_06237,905.8,1791.2,97.5,51.5,善子,0.663,Good boy.
tr_img_06237,609.5,1799.2,104.0,54.5,南口,0.9669,South entrance.
tr_img_06237,792.2,1796.0,97.5,48.0,甘季,0.6596,PHILIPPINES
tr_img_06242,2018.2,434.5,119.5,271.0,恒画,0.5504,Repicture
tr_img_06242,1159.8,1269.5,90.5,498.0,四ツ目通り,0.988,Right on the fourth.
tr_img_06243,1601.8,148.2,2511.5,187.5,札幌市中英区北1条西6丁三,0.8377,"I'm sorry, but I don't know what I'm talking about, but I don't know what I'm talking about."
tr_img_06244,1137.0,562.5,546.0,63.0,ニスポ・スイムクラブ,0.8747,Nispo-Sym Club.
tr_img_06244,1330.0,636.5,171.0,64.0,元住吉,0.9851,Hikichi.
tr_img_06245,1263.0,1291.5,1852.0,170.0,ホテルアソシア静岡,0.9814,Hotel Associa Shizuoka.
tr_img_06245,1214.2,1800.2,2171.5,199.5,静岡市総合観光案内所,0.986,Shizuoka City tour center.
tr_img_06241,806.2,1353.0,302.5,58.0,炭の好か,0.5044,You like charcoal?
tr_img_06241,178.0,1904.0,287.0,77.0,営業時間,0.9965,Business Time
tr_img_06241,297.8,2010.2,583.5,97.5,17:00〜翌1:30,0.9463,It's between 7:00 and 1:30.
tr_img_06240,1134.0,1386.0,838.0,271.0,港橋,0.9999,Port Bridge
tr_img_06248,1729.5,1664.8,1042.0,188.5,タクシーのリば,0.931,I'm in a cab.
tr_img_06248,1405.0,1954.8,430.0,124.5,出租牢站,0.8561,I'll be right back.
tr_img_06248,1964.0,1962.5,509.0,121.0,副人舎む,0.7429,I'm at the submanager's.
tr_img_06248,1578.0,2337.2,777.0,203.5,駅前交番,0.9997,In front of the station.
tr_img_06248,1455.2,2660.2,581.5,137.5,站前派出所,0.9919,I'm from a pre-medicine.
tr_img_06250,1677.8,1471.2,232.5,57.5,クセサリ,0.9968,Sari.
tr_img_06250,2715.2,1991.0,132.5,58.0,田上,0.5875,Tagomi.
tr_img_06247,1553.0,889.2,1243.0,169.5,南14条西8丁目,0.9895,South 14th and West and Eightth.
tr_img_06251,478.8,1768.5,812.5,213.0,都営新宿線,0.981,Innovation train.
tr_img_06251,1074.0,1760.5,293.0,83.0,都営新宿線,0.9793,Innovation train.
tr_img_06251,1753.0,1870.2,582.0,195.5,大江戸線,0.9998,Edo Line
tr_img_06251,2282.2,1913.5,407.5,188.0,新宿駅,1.0,Tokyo Station.
tr_img_06251,2598.8,1891.2,198.5,73.5,大江戸線,0.9963,Edo Line
tr_img_06251,2772.0,1904.0,153.0,66.0,新宿站,0.9752,I'm sorry. I'm sorry. I'm sorry.
tr_img_06253,658.5,216.5,207.0,52.0,中原区,0.9992,Middle-earth.
tr_img_06253,658.8,296.0,238.5,87.0,木月,0.9921,Tree Moon
tr_img_06253,657.0,389.5,222.0,72.0,2丁目,0.9983,Two.
tr_img_06246,770.8,1479.8,361.5,171.5,株式,1.0,Stocks.
tr_img_06246,2123.0,1587.0,2251.0,317.0,東京機械製作所,0.9937,Tokyo Mechanistry.
tr_img_06246,766.5,1632.2,349.0,154.5,会社,1.0,Company
tr_img_06254,1699.5,2037.8,803.0,228.5,ッキコ,0.7176,Tokiko.
tr_img_06254,2428.8,2041.0,592.5,235.0,チエ7,0.7363,Chie 7
tr_img_06249,1718.8,1728.2,2609.5,1042.5,中古盛,0.8761,Used Punk
tr_img_06249,1655.0,2555.8,2401.0,826.5,専門店,0.9993,It's a shop.
tr_img_06249,1531.5,3702.2,2241.0,334.5,高ー買します,0.6161,I'll buy you a high.
tr_img_06256,1284.8,305.2,66.5,233.5,芝,0.5705,The lawn.
tr_img_06256,1295.8,828.2,116.5,602.5,芝五丁目,0.8431,Five lawns.
tr_img_06257,478.0,141.0,554.0,81.0,港七田版山制,0.5807,It's from the port of Nawada.
tr_img_06255,505.0,1243.0,300.0,100.0,東名,0.9944,East Name
tr_img_06255,889.5,1526.2,225.0,161.5,6K円,0.7721,6K yen
tr_img_06255,445.5,1519.2,308.0,141.5,溝口,0.9959,Punk.
tr_img_06252,2140.2,805.0,450.5,186.0,草薙,0.9904,Seung Jo.
tr_img_06252,1378.0,806.5,742.0,184.0,静岡市街,0.9995,Shizuoka City
tr_img_06252,822.0,1267.8,466.0,198.5,三保,0.9995,Three.
tr_img_06252,822.0,1667.8,592.0,179.5,日本平,0.9989,NIGERIA NIGERIA
tr_img_06252,2090.0,1707.2,289.0,147.5,右折,0.9995,Turn Right
tr_img_06252,2090.0,1868.0,287.0,145.0,禁止,0.9168,Forbidden
tr_img_06252,1719.8,2130.8,959.5,162.5,この先300ｍ,0.894,We're 300 meters from here.
tr_img_06260,507.2,546.0,177.5,43.0,人とクルマと街と,0.999,"A man, a car, a city."
tr_img_06260,1104.0,596.0,288.0,78.0,月金曜,0.9775,Monday.
tr_img_06260,2053.8,600.8,270.5,67.5,土日祝,0.9444,Happy Birthday to you!
tr_img_06260,502.5,837.5,86.0,285.0,最大料金,0.9406,Maximum charge.
tr_img_06260,1006.5,732.8,400.0,67.5,当日24時まで,0.9999,Until 24 p.m.
tr_img_06260,1946.5,736.2,397.0,67.5,当日24時まで,0.9998,Until 24 p.m.
tr_img_06260,1376.5,934.2,44.0,38.5,ロ,0.6749,Lo.
tr_img_06260,491.5,1201.5,97.0,299.0,基本料金,0.8478,Basic charge.
tr_img_06260,1806.5,1238.8,395.0,120.5,60月300円,0.8861,"60, 300 yen."
tr_img_06260,2397.0,1240.2,223.0,118.5,100円,0.9972,100 Yen
tr_img_06260,852.2,1238.5,388.5,114.0,605200円,0.8804,605200 yen.
tr_img_06260,1354.5,1242.0,391.0,113.0,60分100円,0.9852,"60 minutes, 100 yen."
tr_img_06260,2192.2,1242.0,176.5,113.0,60分,0.904,60 minutes.
tr_img_06260,2247.5,1467.5,268.0,55.0,タイムズ南,0.9997,South of Times.
tr_img_06260,2463.2,1466.0,132.5,45.0,2西6,0.9956,"Two o'clock, six o'clock."
tr_img_06260,606.5,1467.5,293.0,42.0,駐車券の取扱いに,0.9884,To handle parking tickets.
tr_img_06260,1430.0,1473.8,309.0,48.5,タイムズの最大料金は,0.9983,And that's what we're going to do.
tr_img_06260,433.2,1477.0,53.5,42.0,へ,0.6094,Hey.
tr_img_06260,614.0,1506.0,252.0,42.0,ご注意ください,0.9977,Please be careful.
tr_img_06260,2307.2,1511.0,444.5,52.0,札幌市中央区南12条西6丁目1,0.9512,It's 2nd and 6th.
tr_img_06260,1434.8,1520.5,299.5,45.0,繰り返し適用されます,0.9999,It's applied over and over again.
tr_img_06260,1894.8,1549.5,349.5,45.0,故障の際はタイムズサ,0.9995,"In case of a malfunction, it's Timesza."
tr_img_06260,570.2,1546.5,258.5,32.0,出庫ができなくなります,0.9514,We're not going to be able to run out of stock.
tr_img_06260,2164.2,1553.0,138.5,45.0,ビス(株),0.9916,(Bissian stock)
tr_img_06262,1488.8,1210.0,199.5,69.0,中央区,0.9695,CENTRAL CENTRAL
tr_img_06258,1800.2,900.5,458.5,114.0,160岸,0.786,160 Banks
tr_img_06258,2838.0,1623.5,285.0,85.0,すすきの店,0.9472,It's a soot shop.
tr_img_06263,1128.0,481.5,681.0,176.0,母潟水曜上,0.6936,"Ma'am, Wednesday."
tr_img_06266,1553.0,840.8,1317.0,141.5,南14条西8丁目,0.9572,South 14th and West and Eightth.
tr_img_06261,1382.2,280.5,397.5,124.0,ママ0,0.5792,Mama zero.
tr_img_06261,971.5,506.2,467.0,114.5,千歳鳥山,0.9573,It's a thousand-year-old bird.
tr_img_06261,641.5,753.8,522.0,64.5,当駅構内施設の階層図,0.9985,The hierarchy of this station's internal facility.
tr_img_06261,1285.8,845.2,173.5,49.5,女子トイレ,0.9833,The women's bathroom.
tr_img_06261,507.2,844.0,106.5,36.0,案内所,0.9959,A guide.
tr_img_06261,547.5,914.2,193.0,43.5,きつふつりば,0.8014,"When it's all over, it's all over the place."
tr_img_06261,1385.0,924.2,113.0,56.5,トイレ,0.9736,Toilet
tr_img_06261,933.8,923.0,198.5,36.0,コインロッカ,0.9894,Coin Locca
tr_img_06261,1276.5,923.0,138.0,36.0,だれでも,0.9978,Anyone.
tr_img_06261,511.2,993.2,104.5,38.5,待合室,0.9757,Waiting room.
tr_img_06261,911.5,997.0,154.0,36.0,男子トイレ,0.9017,The men's room.
tr_img_06261,701.5,1071.0,308.0,52.0,自動体式除細動器,0.9846,Auto body defibrillator.
tr_img_06261,505.8,1067.0,83.5,28.0,A目D,0.8078,A-Eye D
tr_img_06261,1285.8,1071.0,328.5,36.0,現在地から地上までの,0.998,And that's what I'm going to talk about today.
tr_img_06261,1288.2,1109.2,344.5,41.5,バリアフリー主要ルート,0.9235,The main barrier free route.
tr_img_06261,1357.2,1211.2,185.5,30.5,北ロコンコース階,0.8233,North Loco Coast floor.
tr_img_06261,1383.5,1302.0,102.0,28.0,新宿方面,0.9773,It's heading to the wrong place.
tr_img_06261,950.8,1577.0,70.5,28.0,改札階へ,0.6623,To the resale floor.
tr_img_06261,449.8,1603.8,101.5,25.5,ホ一ム,0.8172,I'm... I'm... I'm... I'm... I'm... I'm... I'm... I'm... I'm... I'm... I'm... I'm... I'm...
tr_img_06261,1409.8,1618.0,44.5,18.0,階,0.9999,The floor.
tr_img_06261,527.0,1861.5,142.0,42.0,京王八王子,0.987,Prince Kyung-yeon.
tr_img_06261,567.0,1890.8,217.0,34.5,高尾山口橋本方面,0.9284,It's in the direction of Takataka Hashimoto.
tr_img_06261,849.0,1903.5,65.0,28.0,改料階へ,0.5494,We need to get to the resale floor.
tr_img_06261,1156.8,1935.2,49.5,20.5,北国,0.9844,North.
tr_img_06261,781.2,2125.5,170.5,34.0,西区ロンヨース階,0.6511,"Lonjöss, west district."
tr_img_06261,1006.8,2169.0,78.5,28.0,ホームへ,0.5371,Home.
tr_img_06261,822.8,2302.5,910.5,87.0,ここは新宿方面ホ一ムです。,0.9684,This is Joichim on the way to Rancho.
tr_img_06265,1140.5,2398.8,1396.0,252.5,東日本橋二丁目,0.9849,East Japan Bridge 2nd.
tr_img_06264,1722.5,2532.8,541.0,117.5,営業時間,0.9983,Business Time
tr_img_06264,2201.2,3030.2,81.5,155.5,まで,0.8792,To
tr_img_06264,1290.8,3106.0,64.5,63.0,夜,0.9786,Night
tr_img_06264,1488.5,3326.5,425.0,101.0,安全拾得器,0.8465,A fail-safe pick-up.
tr_img_06269,986.5,294.2,393.0,140.5,日本橋,0.9993,Japan Bridge
tr_img_06269,990.8,434.5,406.5,126.0,人形町,0.9847,It's Doll Town.
tr_img_06269,981.0,591.0,406.0,148.0,一丁目,0.8922,One.
tr_img_06272,1004.5,645.8,1029.0,130.5,マハ音楽教室,0.913,Macha Music Class
tr_img_06273,858.0,303.2,606.0,77.5,ホホ北野4-6-13,0.6611,Hofokusfield 4-613.
tr_img_06273,860.8,427.0,574.5,165.0,三村厚生,0.9698,Shizuru Mimura.
tr_img_06274,959.0,487.8,823.0,194.5,小奈公久,0.7759,Shonan Shonan.
tr_img_06274,972.8,663.8,773.5,76.5,護ホ野４丁８－4,0.576,Four to eight to four.
tr_img_06271,1196.0,614.5,135.0,49.0,中原区,0.7293,Middle-earth.
tr_img_06271,1196.0,666.0,150.0,61.0,木月,0.9985,Tree Moon
tr_img_06271,1193.2,721.5,149.5,61.0,3丁目,0.9874,Three.
tr_img_06268,2019.2,1643.0,727.5,203.0,Ｏロオミ,0.7094,Oloomi
tr_img_06275,714.0,436.2,491.0,258.5,ここは,0.9145,Where are we?
tr_img_06275,1888.5,685.5,1267.0,521.0,中の島,0.999,The island inside.
tr_img_06275,765.5,1092.2,76.0,619.5,雨水ツス位置表示板,0.5407,Raints Positioning Board
tr_img_06275,696.2,1316.0,56.5,267.0,設置個所,0.5526,I'm setting you up.
tr_img_06275,2112.0,1842.8,512.0,133.5,北電興業(株扱い),0.9243,(Laughter)
tr_img_06275,1701.0,1875.0,321.0,116.0,27・7,0.9487,27-7.
tr_img_06276,415.5,490.2,311.0,384.5,企,0.6107,Conspiracy
tr_img_06276,1327.2,558.5,346.5,415.0,泰,0.9199,I'm sure.
tr_img_06270,1546.2,930.8,354.5,110.5,案内所,1.0,A guide.
tr_img_06270,1221.0,1256.8,973.0,107.5,団体バス・路線バス,0.995,Group bus route.
tr_img_06270,1490.0,1581.2,441.0,100.5,タクシー,0.9946,Taxi.
tr_img_06270,1428.8,1893.0,499.5,88.0,レンタカー,0.9808,Rent-car.
tr_img_06270,1557.8,2209.8,280.5,103.5,般車,0.9808,Cars.
tr_img_06270,1474.0,2521.5,443.0,112.0,乗隆場,0.9965,The Ups and Downs
tr_img_06278,1337.0,866.2,219.0,69.5,ロック板,0.9431,Rockboard
tr_img_06278,1329.0,985.8,584.0,82.5,下がつていますか？,0.9602,Is he dropping?
tr_img_06278,1324.0,1113.5,544.0,138.0,信視花認!,0.5573,Cyclopedia approved!
tr_img_06278,1277.2,1308.8,386.5,119.5,公（譬告,0.6493,Public Proclamation
tr_img_06278,1366.0,1493.0,177.0,59.0,全動かしま,0.8835,We're moving everything.
tr_img_06278,1317.8,1529.2,137.5,42.5,なけます,0.8429,"Yes, sir."
tr_img_06278,1391.8,1576.5,199.5,35.0,ハロック板が,0.6845,There's a Hulkboard.
tr_img_06278,1369.2,1652.2,246.5,55.5,そぁる条急連絡先,0.7982,I'll be in touch with you as soon as I can.
tr_img_06278,1182.2,1679.0,85.5,33.0,います,0.9914,"Yes, sir."
tr_img_06278,1341.8,1802.0,288.5,90.0,足はきみ,0.8735,Your leg.
tr_img_06278,1336.8,1888.5,215.5,94.0,注意,0.9773,Attention
tr_img_06279,1159.2,1187.2,479.5,61.5,機械器具設置業,0.9993,A machine plant.
tr_img_06279,1678.8,1195.0,529.5,52.0,登録電気工事業者,0.9968,Registration Electricist
tr_img_06279,1540.2,1327.2,1040.5,110.5,小丸動力建設株,0.9565,"Small loops, construction stock."
tr_img_06279,1434.8,1472.2,621.5,110.5,札幌営業所,0.998,It's a florist's office.
tr_img_06277,1405.8,836.5,233.5,78.0,札幌営業所,0.998,It's a florist's office.
tr_img_06277,1211.2,853.5,200.5,78.0,川崎駅,1.0,Kawasaki Station.
tr_img_06277,1424.8,892.2,205.5,66.5,小丸動力建設株,0.9565,"Small loops, construction stock."
tr_img_06277,1508.2,997.8,155.5,83.5,横浜,0.9976,Yokohama
tr_img_06277,1144.5,1028.2,189.0,83.5,五反田,0.9988,Five-and-a-half.
tr_img_06277,1505.5,1123.8,162.0,92.5,綱島,0.9988,Takshima
tr_img_06277,1143.2,1150.2,191.5,83.5,丸子橋,0.9998,Kunako Bridge
tr_img_06277,1508.2,1183.8,176.5,48.5,登録電気工事業者,0.9968,Registration Electricist
tr_img_06277,1140.8,1205.8,179.5,54.5,機械器具設置業,0.9993,A machine plant.
tr_img_06282,1320.8,1544.5,684.5,2958.0,西新宿五丁目,0.891,I'll be there in a few minutes.
tr_img_06280,1275.8,1486.8,938.5,304.5,角平,0.8909,Angles
tr_img_06284,1408.0,787.5,1440.0,343.0,ヨットハーバー,0.9698,A yacht Harbour.
tr_img_06285,1728.8,172.0,86.5,64.0,央,0.8219,I'll take care of it. I'll take care of it.
tr_img_06285,1735.8,564.5,127.5,749.0,目本橋人形町一丁目,0.8173,It's one of the most beautiful places in the world.
tr_img_06281,2307.5,1396.8,427.0,185.5,緑郎,0.999,Mr. Greenro.
tr_img_06281,1757.5,1403.0,397.0,164.0,山口,0.9821,Yamaguchi
tr_img_06286,381.0,812.2,382.0,130.5,侍合室,0.8875,The Citadel.
tr_img_06286,386.0,1036.0,265.0,92.0,候年室,0.8158,He's in the Musket Year Room.
tr_img_06283,436.5,1379.5,409.0,1242.0,車わげます,0.5595,I'm driving.
tr_img_06283,1343.5,901.0,1063.0,164.0,ありがとうございます,0.982,Thank you.
tr_img_06290,1976.0,972.2,287.0,158.5,株式,0.998,Stocks.
tr_img_06290,1975.8,1123.5,283.5,147.0,会社,0.9988,Company
tr_img_06290,809.8,2881.2,248.5,137.5,修理,0.9999,Fixed
tr_img_06290,135.2,2877.0,244.5,126.0,板売,0.7088,Sold board.
tr_img_06290,459.5,2881.0,275.0,126.0,車検,0.9993,Car test.
tr_img_06290,1254.2,2893.8,594.5,127.5,中部運輸局指,0.9375,Central Transit Station
tr_img_06290,367.2,3536.2,502.5,134.5,株式会社,0.9752,It's a stock company.
tr_img_06291,988.0,145.2,741.0,158.5,営業時門,0.7481,Business Gate
tr_img_06288,1908.8,1253.2,1165.5,199.5,都宮三田線,0.9213,The Himiya Sanda Line.
tr_img_06288,573.2,1531.8,561.5,61.5,いちばん先のくだり階段,0.9991,At the end of the stairs.
tr_img_06289,976.5,357.8,1692.0,364.5,レディースラシプ,0.7757,Lady Slip.
tr_img_06289,1373.2,1117.8,2055.5,272.5,ス・アャデザートき,0.5778,S-A-A-A-S-A-S-A-S-A-S-A-S-A-S-A-S-A-S-A-S-A-S-A-S-A-S-A-S-A-S-A-S-A.
tr_img_06294,1370.0,480.0,1350.0,247.0,方セ設で使え,0.8444,You can use it on your own.
tr_img_06294,972.5,820.5,1213.0,197.0,お得なチケット,0.6581,That's a good ticket.
tr_img_06294,1686.2,1114.5,285.5,129.0,名様,0.9998,Master.
tr_img_06294,559.2,1147.5,386.5,190.0,名日,0.8032,Name Date
tr_img_06294,770.0,1410.0,719.0,218.0,良定です,0.8074,That's good.
tr_img_06297,1127.5,354.2,579.0,163.5,二ツポンの窓をよくしたし,0.8922,I didn't know what to do. I didn't know what to do. I didn't know what to do.
tr_img_06297,1516.8,605.2,147.5,74.5,ショツプ,0.5128,Shotsup
tr_img_06297,823.5,840.8,881.0,156.5,渉江サッシ株式会社,0.96,It's a company called Ogawa Sasssi.
tr_img_06297,1369.0,870.5,205.0,81.0,サッシ部,0.9954,Sassi
tr_img_06297,1590.0,877.8,161.0,53.5,不動産部,0.9841,Real estate.
tr_img_06298,981.5,139.0,1103.0,100.0,仏す使用電子マネ一を,0.8989,(Laughter)
tr_img_06298,749.2,288.0,651.5,100.0,寒択してから,0.959,It's been a long time since I've had a cold.
tr_img_06298,899.8,433.5,935.5,103.0,力一ド7携帯電話を,0.8782,Give me your best cell phone.
tr_img_06298,811.8,576.0,763.5,98.0,かさして下さい,0.9523,Give me a lift.
tr_img_06298,593.2,730.0,322.5,36.0,つて,0.5524,"Come on, come on, come on, come on, come on, come on, come on, come on."
tr_img_06293,1343.2,1543.5,1262.5,207.0,区役所第一分庁舎,0.7894,City Hall 1st Precinct
tr_img_06293,325.5,1931.0,315.0,415.0,郡(0室田,0.5192,I'll be right back. I'll be right back. I'll be right back.
tr_img_06293,808.8,2286.8,687.5,149.5,新宿区役所,0.9988,Innocence Hall.
tr_img_06293,1789.5,2457.0,736.0,150.0,歌乗伎田公園,0.6727,Sakura Park.
tr_img_06293,1638.2,2832.0,891.5,169.0,歌魏伎田町一丁目,0.6602,It's the first time I've ever heard of it.
tr_img_06299,293.0,572.0,57.0,42.0,約,0.9989,About
tr_img_06299,2173.5,732.8,1432.0,159.5,鮮度と楽養素を寺る,0.8579,We're going to have to be fresh and we're going to have to do some edifications.
tr_img_06299,285.0,762.0,123.0,61.0,気圧,0.9372,Pressure
tr_img_06299,2186.2,1018.0,1501.5,298.0,真空チルド,0.911,Vacuum Tierdo
tr_img_06299,2422.2,1561.0,857.5,94.0,酵素の働きを抑制する,0.931,It suppresses the enzyme's function.
tr_img_06299,1683.8,1628.8,388.5,120.5,プラチナ,0.9987,Platinum
tr_img_06299,2416.0,1707.2,845.0,129.5,スリープ保者,0.7996,Sleepkeeper.
tr_img_06299,1674.2,1752.8,204.5,122.5,触媒,0.881,Catalyst
tr_img_06300,1466.8,3599.5,1790.5,503.0,応仲通り商店,0.9694,It's a grocery store.
tr_img_06302,1677.2,948.8,1018.5,126.5,中の島1条2丁目,0.7868,One and two islands inside.
tr_img_06306,1185.5,1304.0,1611.0,158.0,浜岡原発は最大のリスク,0.9964,It's the biggest risk we've ever had.
tr_img_06306,1069.8,1546.8,777.5,199.5,早期廃炉へ!,0.9409,Get to the end of the reactor!
tr_img_06306,1142.0,1853.8,479.0,121.5,今の日本の平和と希ネを支ネているの,0.8792,I'm at peace and I'm at peace in Japan now.
tr_img_06306,1137.2,1961.0,489.5,128.0,ない前(的い吸えていこうどしている。,0.6045,He's smoking a lot before he doesn't.
tr_img_06306,1127.5,2011.2,483.0,128.5,安を政権です柚送な怒去改正は,0.6887,We're not going to be able to do that.
tr_img_06306,953.5,2031.8,164.0,59.5,ギません,0.6073,I don't think so.
tr_img_06306,1200.0,2071.2,351.0,109.5,安保法制は念法て,0.6441,It's not about security. It's about security.
tr_img_06306,972.8,2105.8,257.5,96.5,を静岡をましる,0.8538,I'm in Shizuoka.
tr_img_06306,1120.8,2190.8,528.5,141.5,都海ト770巨大地承は遂い未条の右で,0.6669,770 Great Earths at sea are on the right-hand side of an unscathed land.
tr_img_06306,1018.0,2264.8,347.0,127.5,正時じ植え、住民の金を子,0.6256,I'll plant them in time. I'll give them their money.
tr_img_06306,1242.0,2364.0,250.0,97.0,られているてしうが,0.8741,It's been done. It's been done.
tr_img_06306,939.0,2419.2,277.0,107.5,おあなkまtる,0.6266,Good luck.
tr_img_06306,1079.2,2515.2,551.5,195.5,社会の歪みが少子化の爪困です子れ,0.7886,And that's what I'm going to talk about.
tr_img_06306,1075.8,2567.0,550.5,193.0,支務子当の思い加た法大国公立大は,0.6179,I'm going to give you a couple of examples.
tr_img_06306,901.0,2578.0,216.0,106.0,の学賃祭使化,0.6555,"I'm going to send you to school. I'm going to send you to school, I'm going to send you to school, I'm going to go to school, I'm going to go to school, I'm going to school, I'm going to school, I'm going to go to school, I'm going to school, I'm going to school, I'm going to school, I'm going to school, I'm going to school, I'm going to school, I'm going to school, I'm going to school, I'm going to school, I'm going to school, I'm going to school, I'm going to school, I'm going to school, I'm going to school, I'm going to school, I'm going to school, I'm going to school, I'm going to school,"
tr_img_06306,1059.8,2676.0,552.5,203.0,あなたのべ配を安べいゃえていまます。,0.7813,I'm cheaping your distribution.
tr_img_06308,184.8,97.5,101.5,35.0,公共施設,0.9999,Public facilities.
tr_img_06308,183.5,165.5,96.0,23.0,文施設,0.9998,It's a sentence facility.
tr_img_06308,180.5,235.5,97.0,28.0,商業施設,0.9998,A commercial facility.
tr_img_06308,179.8,305.0,98.5,27.0,宿泊施設,0.9999,A place to stay.
tr_img_06308,177.2,377.2,103.5,30.5,教育施設,0.9996,Education facility.
tr_img_06308,108.0,386.5,27.0,14.0,町田,0.566,Mr. Murata.
tr_img_06308,162.8,521.8,72.5,26.5,消防署,0.9999,Firehouse.
tr_img_06308,159.5,665.5,77.0,30.0,郵便局,1.0,Post office.
tr_img_06308,145.5,741.2,48.0,25.5,銀行,0.993,Banks.
tr_img_06308,170.0,818.0,94.0,23.0,ズポーツ,0.8146,Zpotz.
tr_img_06308,169.2,895.0,95.5,27.0,レジャー,0.9925,Ledger.
tr_img_06308,142.2,974.8,54.5,30.5,寺院,1.0,Temple
tr_img_06308,91.8,981.8,36.5,34.5,己,0.7023,Self.
tr_img_06308,138.2,1054.2,56.5,29.5,神社,0.9999,The shrine.
tr_img_06308,135.8,1133.8,54.5,30.5,教会,0.9999,Church
tr_img_06303,1190.2,220.5,744.5,82.0,キッチンにラれしいり,0.8642,I'm in the kitchen. I'm in the kitchen.
tr_img_06303,597.5,373.2,377.0,148.5,もチ,0.6617,Cypriot
tr_img_06303,1121.0,896.2,1895.0,356.5,ブマトマレッリ,0.5285,Bomatmarreli
tr_img_06303,650.8,1201.8,941.5,105.5,のいつもシンクを清潔に,0.9329,Keep the sink clean all the time.
tr_img_06303,765.2,1346.5,1041.5,105.0,小さなゴミもしつかりキャツチ,0.9463,It's a small garbage dump.
tr_img_06303,663.8,1463.2,800.5,105.5,穴あきメッシユの不織布,0.9593,The fabric of a hole-in-the-wall Messilil.
tr_img_06303,591.0,1697.8,625.0,185.5,抗副成分,0.8461,Anti-substances
tr_img_06303,576.5,1860.0,296.0,167.0,配骨,0.6121,Plate bone.
tr_img_06303,365.5,2225.5,437.0,87.0,キッチンにうれしいト,0.8845,I'm glad to see you in the kitchen.
tr_img_06303,1051.8,2345.2,339.5,73.5,お取り替え時期,0.9992,Time to replace
tr_img_06303,1051.8,2405.0,326.5,67.0,(開封後1ヶ月が目安),0.9736,It's been a month since we opened it.
tr_img_06303,304.5,2499.5,480.0,153.0,ウストマン,0.7144,Usstman.
tr_img_06303,1182.2,2490.0,573.5,98.0,上人中ノ下旬頃,0.7597,It's about mid-'80s.
tr_img_06303,470.5,2639.8,811.0,162.5,主桐三用消臭一,0.8431,It's a three-to-four-to-one smell.
tr_img_06303,427.0,2869.8,613.0,243.5,試供品,0.9737,It's a sample.
tr_img_06303,931.0,2817.5,203.0,94.0,およそ,0.8114,About.
tr_img_06303,1001.8,2942.0,353.5,163.0,30日月,0.7063,30th
tr_img_06309,1963.5,47.2,206.0,92.5,中央区,0.9997,CENTRAL CENTRAL
tr_img_06301,94.5,1675.2,130.0,111.5,流,0.9994,Routine
tr_img_06301,160.5,1821.2,321.0,234.5,抜き,0.9009,Take it off.
tr_img_06301,1814.5,2109.0,2253.0,345.0,クリー宮ワク,0.64,Creme Waak.
tr_img_06301,1894.2,2568.8,1227.5,164.5,よる10時まで営業,0.9487,Business until 10:00 p.m.
tr_img_06301,623.8,2800.5,323.5,60.0,急がなくても!,0.9996,You don't have to hurry!
tr_img_06301,615.2,2895.0,384.5,131.0,即日仕上,0.7849,I'll get you a quick day's work.
tr_img_06301,1751.5,2863.0,210.0,47.0,王日3300,0.5176,3300 King's Day.
tr_img_06310,1480.5,476.8,2649.0,428.5,5村上公民館,0.9735,Five Village Public House.
tr_img_06307,1491.0,1271.5,899.0,275.0,練馬駅,0.9591,Chariot station.
tr_img_06307,758.2,1761.0,617.5,103.0,都営大江戸線,0.9821,The City Edo Line
tr_img_06307,1699.0,1896.5,315.0,116.0,都庁前,1.0,Before the government.
tr_img_06307,2028.5,1890.0,319.0,94.0,六本木,1.0,Six trees.
tr_img_06307,2726.0,1888.0,504.0,90.0,飯田橋方面,0.939,Which way is Ikeda Bridge?
tr_img_06307,1701.0,2201.2,319.0,107.5,光が丘,0.9999,The light's on the hill.
tr_img_06307,2041.2,2199.2,226.5,94.5,方面,0.9983,It's where we're going.
tr_img_06314,3240.2,1671.0,795.5,139.0,静岡音楽館AO!,0.9842,Shizuoka Music Hall AO!
tr_img_06314,2066.2,1679.5,732.5,139.0,静岡中央郵便局,0.9996,Shizuoka central post office.
tr_img_06314,1069.0,1696.8,466.0,120.5,地下駐車場,0.9991,Underground parking lot.
tr_img_06314,644.8,1703.2,326.5,118.5,エキパ,0.8475,Exp.
tr_img_06314,3601.5,1815.0,208.0,66.0,Q弘AO!,0.6874,Qygma AO!
tr_img_06314,3005.2,1819.0,357.5,65.0,静音雫AOI,0.7959,Squeeze AOI
tr_img_06314,1822.8,1832.0,260.5,47.0,浄図中央邸局,0.9536,The Purgatory central residence.
tr_img_06314,644.5,1849.2,399.0,55.5,「エキパ」地下停年場,0.9619,"The ""Exp"" season."
tr_img_06311,1079.2,1357.5,1533.5,372.0,軍の出入口につき,0.9415,I'm on my way out of the army.
tr_img_06311,1106.0,1715.0,1618.0,403.0,紅重しないで下さい,0.893,Please don't make it red.
tr_img_06313,1292.2,1267.5,118.5,64.0,県庁,0.9999,District Bureau.
tr_img_06313,934.5,1397.5,284.0,128.0,近静岡駅,0.9,Konaoka Station.
tr_img_06313,1311.2,1424.8,201.5,97.5,市役所,0.9994,City Hall.
tr_img_06313,868.2,1462.2,35.5,23.5,で,0.7418,So...
tr_img_06312,910.8,984.0,527.5,121.0,静岡県庁,0.9991,Shizuoka prefecture
tr_img_06312,1523.8,987.5,401.5,118.0,御幸町,0.9926,Good-bye.
tr_img_06312,1047.8,1191.8,200.5,68.5,御幸町,0.9999,Good-bye.
tr_img_06312,778.5,1193.0,267.0,66.0,静図具庁,0.7847,The Sistemics Agency.
tr_img_06312,981.5,1381.0,670.0,131.0,駿府城公園,0.9992,Tsukoku Park.
tr_img_06312,1745.8,1386.8,539.5,123.5,新静岡駅,0.9997,Shinaoka Station.
tr_img_06312,802.0,1601.8,339.0,81.5,府城公園,0.9928,Miyagi Park.
tr_img_06312,1173.0,1607.8,272.0,73.5,新静站,0.9991,Shinji.
tr_img_06312,1764.8,1610.2,770.5,78.5,金平丞 号司・A人天.引ą,0.5555,Kingo-A-man.
tr_img_06317,1408.0,1027.8,996.0,123.5,南9条西3丁目,0.9951,South 9 West 3rd.
tr_img_06318,921.2,455.8,416.5,327.5,今,0.9676,Now.
tr_img_06318,983.2,802.0,238.5,263.0,の,1.0,.
tr_img_06318,957.5,1107.2,245.0,276.5,畳,0.6305,Chunk
tr_img_06318,935.0,1580.8,288.0,837.5,らしち,0.522,Locusts.
tr_img_06319,2190.2,1424.0,2289.5,383.0,久世鵡箇店,0.7991,It's been a long time since I've known you.
tr_img_06319,1774.5,2684.5,130.0,43.0,久世禧商店,0.8363,It's been a long time since I've known you.
tr_img_06319,415.8,2790.0,512.5,236.0,の0,0.6556,0's
tr_img_06322,1089.5,992.5,757.0,123.0,ヤマハ音楽教室,0.886,Yamaha Music Class
tr_img_06316,1105.0,874.0,155.0,60.0,デュオ,0.9996,Duo.
tr_img_06316,591.0,1244.2,547.0,298.5,冬の,0.9991,Winter.
tr_img_06316,1552.8,1349.8,713.5,269.5,期間限定,0.9005,Time Limit
tr_img_06316,587.8,1516.8,766.5,251.5,一ちそう,0.7881,All right.
tr_img_06316,135.2,1833.2,270.5,124.5,李節の,0.9228,It's a sieve. It's a sieve.
tr_img_06316,512.0,1953.0,986.0,88.0,シーフード味セレクション,0.9683,Seafood Taste Separation
tr_img_06316,261.0,2137.2,438.0,66.5,まぐろとかに味,0.9595,Tastes like a cucumber or something.
tr_img_06316,274.0,2250.5,471.0,73.0,かにとほたて味,0.9959,Tastes good.
tr_img_06316,290.0,2370.5,477.0,66.0,白身魚とえび味,0.9963,White fish and flavor.
tr_img_06316,407.5,2488.5,718.0,63.0,かニとクリーミーチーズ味,0.9892,It's so good. It's so good. It's so good. It's so good.
tr_img_06316,1897.5,2871.2,363.0,99.5,総合栄養食,0.9999,A total nutrition diet.
tr_img_06316,1862.2,2950.0,433.5,68.0,粒のイラストはイメージです,0.9883,It's an image. It's an image.
tr_img_06316,639.5,2962.5,224.0,87.0,小分け,0.9951,Small
tr_img_06316,953.5,2959.5,368.0,73.0,(標準×12袋,0.9227,Let's do another one.
tr_img_06323,828.8,1117.5,142.5,55.0,緑ヶ行,0.8807,Green.
tr_img_06321,1662.2,849.0,383.5,145.0,1一8,0.8937,18
tr_img_06324,2458.8,756.0,224.5,93.0,食ペログ,0.7794,Diet Log
tr_img_06324,2489.0,834.2,158.0,77.5,のお店,0.9998,The shop.
tr_img_06324,2388.5,827.8,67.0,53.5,話,0.6751,Talk
tr_img_06324,2730.2,822.8,80.5,36.5,したア,0.6853,"Oh, my God."
tr_img_06320,1163.0,371.8,220.0,51.5,こちらは南10西7,0.9929,This is 10th west.
tr_img_06320,1565.8,374.8,206.5,38.5,緊急連絡先0120,0.9969,Emergency contact 0120.
tr_img_06320,1427.0,376.5,45.0,22.0,です,0.999,That's it.
tr_img_06320,1275.8,521.5,109.5,22.0,連料金のお支払し,0.8256,I'll pay you for your fee.
tr_img_06320,1274.0,575.0,61.0,22.0,Dooの,0.7011,Doo.
tr_img_06320,1151.8,825.2,106.5,31.5,駐車料金を,0.9278,I'm gonna need a parking charge.
tr_img_06320,1448.0,831.8,158.0,31.5,主車位置番号を,0.926,Give me your main vehicle's location number.
tr_img_06320,1441.8,863.2,170.5,31.5,押してください,0.9971,"Push, please."
tr_img_06320,1166.2,930.8,128.5,34.5,駐重料金,0.7897,Concrete charge.
tr_img_06320,1428.8,997.0,157.5,35.0,番号を確認後,0.999,After checking the number.
tr_img_06320,889.0,1025.5,161.0,22.0,カKaahir Cadunacetah!,0.708,Kakahar Kadunethah!
tr_img_06320,1424.0,1031.8,161.0,34.5,精算ボクンを,0.9017,I'm going to need to know what you're dealing with.
tr_img_06320,852.2,1050.5,93.5,22.0,蒸収密発行中止,0.645,Aborting distillation.
tr_img_06320,1147.0,1061.5,219.0,44.0,公類理金投入の前,0.7401,"Before we put in public funds,"
tr_img_06320,1422.5,1064.8,165.0,38.5,押してください,0.9948,"Push, please."
tr_img_06320,1401.2,1255.2,149.5,42.5,ののの,0.6787,"No, no, no, no, no, no, no, no, no, no, no, no, no, no, no, no, no, no, no."
tr_img_06320,1404.5,1382.8,200.0,31.5,双容は下の発行口から発行されます,0.9597,And we're going to do that in the next video.
tr_img_06320,1396.5,1430.2,132.0,31.5,盗難対策濱,0.8149,It's a cover-up for theft.
tr_img_06320,874.8,1513.5,61.5,22.0,駐軍位,0.8032,Positioned position.
tr_img_06320,1243.5,1819.0,277.0,66.0,おつり領収書,0.9502,A receipt for the change.
tr_img_06320,721.5,1882.0,103.0,22.0,タイムズの,0.857,The Times.
tr_img_06320,1235.5,1907.2,158.0,59.5,だし,0.5421,It's... it's... it's... it's... it's... it's... it's... it's... it's... it's... it's... it's... it's... it's... it's... it's... it's... it's... it's... it's... it's... it's... it's... it's... it's... it's... it's... it's... it's... it's... it's... it's... it's... it's... it's...
tr_img_06320,721.8,1910.5,199.5,35.0,ポイントカード,0.9717,Point Card
tr_img_06320,718.2,2165.8,225.5,34.5,タイムムのボインドカード,0.8133,Timem Bod card
tr_img_06320,798.8,2217.8,64.5,50.5,岡,0.682,[ Picture on page 17]
tr_img_06320,752.2,2312.2,132.5,31.5,タイムズで,0.9939,In the Times.
tr_img_06320,1229.0,2337.2,222.0,31.5,8釣5銀口領取画,0.6407,Eight fishing five silver-sharp ops.
tr_img_06320,768.2,2340.2,112.5,31.5,一シエア,0.8656,One Shire.
tr_img_06320,686.2,2454.0,155.5,39.0,タイムズで,0.8718,In the Times.
tr_img_06320,684.5,2487.0,132.0,22.0,カーシェス,0.7757,Kashes.
tr_img_06325,1275.0,144.2,186.0,93.5,中原区,0.9998,Middle-earth.
tr_img_06327,258.2,72.0,161.5,29.0,スクラッチ,0.9996,Scrap.
tr_img_06327,257.0,431.2,426.0,107.5,スクラッチ,0.9393,Scrap.
tr_img_06327,257.0,867.0,195.0,51.0,ポイント,0.999,Points
tr_img_06327,56.0,897.0,40.0,38.0,冬,0.6469,Winter
tr_img_06326,2330.8,496.0,189.5,39.0,無断離重禁正,0.7698,Undeterred Contradiction
tr_img_06326,1247.2,637.8,554.5,251.5,月極,0.9937,Moon's End
tr_img_06326,2320.0,702.5,162.0,53.0,無町察理受,0.6712,I'll bet you'll be fine.
tr_img_06326,916.8,831.2,491.5,64.5,超低燃費蓄熱式,0.8052,It's a very low-fuel fuel-heating heat system.
tr_img_06326,1853.5,845.5,552.0,75.0,超低燃費畷間融,0.872,"I'm sorry, I'm sorry."
tr_img_06326,1067.8,916.5,800.5,107.0,ロードヒーティンク,0.9778,Lord Heitinsk
tr_img_06326,1973.5,956.8,780.0,137.5,スノーロo,0.5888,Snowlo
tr_img_06326,1053.8,1013.2,753.5,87.5,息動管黌冬春　設計・施王,0.8321,"In the spring, in the winter, he designed and served the king."
tr_img_06326,1787.8,1061.5,286.5,42.0,08mタイプ・水温25C,0.8629,"800 meters type, water temperature 25C."
tr_img_06326,1058.2,1068.0,724.5,49.0,025üの荷重に耐える050年の耐用年数,0.972,The number of years of tolerance for the heavy load of 025üst.
tr_img_06326,2054.0,1060.0,208.0,32.0,灯油180で圧当2代,0.8484,"It's 180, it's two-year-olds."
tr_img_06326,2153.0,1103.5,249.0,42.0,1時許出南料00-09859,0.7555,"One o'clock, 100-0959."
tr_img_06326,1129.2,1110.0,324.5,42.0,特許出願中1特願2002,0.886,"One patent application, 2002."
tr_img_06326,2143.5,1174.2,483.0,55.5,O次世代システム開発httpJwwwJ-aKkco.J,0.717,OSG System Development httpJwww-aKco.J
tr_img_06326,1696.5,1177.5,287.0,49.0,月極駐車場管理,0.9779,The month's maximum parking lot management.
tr_img_06326,1112.0,1179.0,819.0,45.0,冒貸マンション建築から、オーナー代行管理,0.9481,Residents have been repossessed.
tr_img_06326,1964.0,1250.0,98.0,64.0,正,0.9526,Right
tr_img_06326,1272.8,1282.2,1121.5,116.5,JハD日本ア一ク開発(株),0.9211,(JHD Japan's biggest development stock)
tr_img_06330,1135.0,111.0,232.0,143.0,清水区,0.9445,Purchase
tr_img_06330,1163.8,720.8,184.5,829.5,本親町,0.7782,My mother-in-law.
tr_img_06330,1294.5,1061.8,58.0,183.5,ちよう,0.6179,Hey.
tr_img_06331,561.5,392.2,213.0,56.5,中原区,0.9998,Middle-earth.
tr_img_06331,566.2,472.0,225.5,74.0,木月,0.9987,Tree Moon
tr_img_06331,570.8,561.5,222.5,85.0,2丁目,0.999,Two.
tr_img_06329,1219.8,348.2,226.5,76.5,中原区,0.9779,Middle-earth.
tr_img_06329,1224.0,435.5,252.0,102.0,木月,0.9911,Tree Moon
tr_img_06329,1226.5,538.5,240.0,96.0,1丁目,0.9993,One.
tr_img_06328,1816.0,673.2,1548.0,188.5,北10条東10丁目,0.8874,"10 to the north, 10 to the east."
tr_img_06332,373.2,136.8,356.5,28.5,東京2３区内のおでかけに!,0.919,I'm going to see you in Tokyo 23!
tr_img_06332,377.0,256.0,380.0,78.0,都区内パス,0.9056,Indoor Paths
tr_img_06332,92.2,270.2,94.5,41.5,らとん,0.9341,Don't do it.
tr_img_06332,659.0,272.0,98.0,41.0,おトクに,0.9991,Tok.
tr_img_06332,655.2,302.0,115.5,45.0,楽しめる!,0.9967,It's fun!
tr_img_06332,98.2,302.8,90.5,43.5,遊べる!,0.9981,I can play!
tr_img_06332,373.2,335.2,269.5,61.5,1日750円,0.9713,"75,000 yen a day."
tr_img_06332,121.8,426.2,92.5,16.5,ブリーエリア,0.8667,Bree area
tr_img_06332,586.2,438.0,181.5,39.0,東京23区内のR線が,0.9951,There's an R line in the 23rd district of Tokyo.
tr_img_06332,524.5,452.0,81.0,27.0,まること1,0.759,It's a total one.
tr_img_06332,615.8,462.0,127.5,36.0,日乗)降り目由:,0.7065,(Sunning):
tr_img_06332,520.5,500.2,39.0,16.5,北千住,0.7487,Living in the North.
tr_img_06332,401.0,562.5,7.0,6.0,円,0.721,Circle
tr_img_06332,436.8,696.2,22.5,9.5,不田,0.5366,Noda.
tr_img_06332,329.2,746.0,23.5,14.0,ふ川,0.5378,Ogawa.
tr_img_06332,565.0,763.0,65.0,13.0,西園河公園,0.5105,West River Park.
tr_img_06332,395.8,777.8,31.5,11.5,上松町,0.534,upper Matsumoto-City.
tr_img_06332,188.0,827.2,21.0,9.5,同田,0.5882,Anda.
tr_img_06332,184.2,863.2,154.5,20.5,東京2a区四(上四2リーエリアの,0.733,I'm going to give you a couple of examples.
tr_img_06332,357.5,868.0,42.0,13.0,お求めは,0.5058,What do you want?
tr_img_06332,440.5,893.5,216.0,41.0,指定席券売機,0.9949,It's a ticket machine.
tr_img_06332,229.5,917.8,154.0,40.5,150円370円,0.8688,150 yen 370 yen.
tr_img_06333,916.5,593.0,1498.0,181.0,セマパI規販売店,0.6594,Semapai Resale.
tr_img_06335,793.5,295.5,128.0,100.0,録登,0.935,Recording up.
tr_img_06334,3647.8,2216.5,571.5,211.0,七間町,0.993,Seven-day town.
tr_img_06334,2862.2,2253.0,535.5,195.0,呉服町,0.9975,It's a dress town.
tr_img_06334,2175.8,2278.8,532.5,213.5,紺屋町,0.9999,It's a town of blues.
tr_img_06334,1451.2,2300.2,711.5,203.5,葵区役所,0.9999,Cygnus Hall
tr_img_06334,670.0,2324.0,500.0,172.0,市役所,1.0,City Hall.
tr_img_06334,3488.0,2463.5,164.0,47.0,セo!,0.5442,Seo!
tr_img_06334,1230.5,2538.5,210.0,60.0,英区役所,0.9883,British District Hall
tr_img_06334,508.0,2555.8,168.0,60.5,市役所,0.9994,City Hall.
tr_img_06338,410.8,124.8,362.5,83.5,中原区,0.9944,Middle-earth.
tr_img_06338,406.0,267.2,407.0,125.5,木月,0.9919,Tree Moon
tr_img_06338,405.0,423.8,393.0,115.5,2丁目,0.7806,Two.
tr_img_06336,1084.0,1880.5,973.0,306.0,日青紡,0.8822,Saturation
tr_img_06340,704.8,1032.2,452.5,111.5,ヨ羊宮,0.7048,It's too late.
tr_img_06341,689.2,374.2,1229.5,103.5,緊急時にご使用くださし,0.9019,Please use it in case of an emergency.
tr_img_06343,1127.5,2021.0,174.0,58.0,年中無休,0.9974,During the Year
tr_img_06345,2117.5,1419.5,1073.0,351.0,辻丁目,0.9937,I'll take care of it.
tr_img_06346,1076.0,1365.5,1309.0,193.0,マイクロフアバニ,0.839,Myaban.
tr_img_06346,1100.2,1581.5,1112.5,184.0,モッチンクロス,0.8005,Mochishcross
tr_img_06346,1105.0,1742.0,877.0,108.0,サイズ：約28メ28cm,0.983,Size:
tr_img_06346,1127.8,1998.8,512.5,126.5,先剤を使わす,0.9452,I'm going to use an acetamine.
tr_img_06346,1143.2,2104.2,656.5,176.5,頑固な汚れが,0.9738,Stubborn dirt.
tr_img_06346,1114.8,2202.0,510.5,165.0,スツキリ落ちる!,0.9405,It's going to fall!
tr_img_06346,1377.5,2356.2,263.0,83.5,おそうじ,0.969,"Hey, hey, hey, hey, hey, hey, hey, hey, hey, hey, hey, hey, hey, hey, hey, hey, hey, hey, hey, hey, hey, hey, hey, hey, hey, hey, hey, hey, hey, hey, hey, hey, hey, hey, hey, hey, hey, hey, hey, hey, hey, hey, hey, hey, hey, hey, hey, hey, hey, hey, hey, hey, hey, hey, hey, hey, hey, hey, hey, hey, hey, hey, hey, hey, hey, hey, hey, hey, hey, hey, hey, hey, hey, hey, hey, hey, hey, hey, hey, hey, hey, hey, hey, hey, hey, hey, hey."
tr_img_06346,1367.8,2420.8,283.5,94.5,マジック,0.9006,Magic.
tr_img_06337,906.2,2786.8,939.5,2216.5,里,0.5729,SAR
tr_img_06347,804.8,1349.8,541.5,131.5,の,0.6512,.
tr_img_06347,2537.5,1660.0,392.0,285.0,6Kい,0.6557,6K.
tr_img_06347,1327.8,2072.8,1606.5,229.5,二本平動物園,0.9014,Two Plain Zoos
tr_img_06348,1096.2,493.8,1415.5,323.5,青水区役所,0.9984,Aquamarine Hall.
tr_img_06348,1088.0,870.8,1389.0,316.5,南側100m,0.9614,100 meters south.
tr_img_06348,1106.2,1838.0,1083.5,339.0,松原町,0.998,The town of Matsuhara.
tr_img_06349,1245.8,602.5,911.5,137.0,清水簡易裁判所,0.9554,The Eclipse Court.
tr_img_06349,1405.0,802.2,227.0,83.5,人口天,0.954,Demosphere
tr_img_06349,1008.0,807.0,480.0,88.0,清水簡易裁判所,0.9267,The Eclipse Court.
tr_img_06349,1811.2,803.8,233.5,80.5,利斗企,0.6741,It's a profit scheme.
tr_img_06349,1099.2,948.8,642.5,132.5,清水税務署,0.9104,"I'm sorry, I'm sorry, I'm sorry."
tr_img_06349,924.5,1153.2,338.0,84.5,清水税矛局,0.8822,The Taxation Bureau.
tr_img_06349,1392.2,1153.2,459.5,83.5,人口天川早企,0.8284,Maneuvering the Eclipse
tr_img_06349,1417.5,1303.0,908.0,133.0,は一とびあ清水,0.9514,It's a fresh water.
tr_img_06349,1308.8,1514.0,722.5,98.0,静市清水社会福祉会館,0.9761,Shikoku Water Society.
tr_img_06349,2546.8,1523.8,179.5,83.5,人口天,0.811,Demosphere
tr_img_06349,1913.5,1528.5,444.0,87.0,[Heartpia清水],0.9308,[Hettpia pure water]
tr_img_06351,2175.0,546.0,362.0,184.0,歩,0.9986,Steps
tr_img_06351,805.0,573.5,511.0,191.0,サービス,0.7682,Service
tr_img_06351,790.5,1874.8,320.0,139.5,ココ,0.9793,Here.
tr_img_06350,1461.0,197.0,103.0,50.0,中原区,0.9871,Middle-earth.
tr_img_06350,1456.8,521.5,78.5,567.0,木丁丁目,0.5013,That's why I'm here.
tr_img_06354,1600.2,618.8,2459.5,356.5,おみやげの店,0.9682,It's a souvenir shop.
tr_img_06352,1376.0,237.2,1439.0,111.5,エスパルズドリームプラサ,0.8926,Espars Dream Plasa
tr_img_06352,774.8,500.8,251.5,71.5,0人晋人,0.676,I'm a ten-man man.
tr_img_06352,1079.5,509.0,312.0,64.0,王弖平己入I,0.5321,The King himself.
tr_img_06352,1076.2,704.0,816.5,129.0,青水合同庁舎,0.9584,Akazu Fukuoka.
tr_img_06352,850.5,871.8,374.0,71.5,清水合同庁舎,0.9652,Shizuzushi's Union Building.
tr_img_06352,888.2,947.2,444.5,71.5,人口天掛曇乳人I,0.613,Demographic Cloud Mother I.
tr_img_06352,1325.5,1136.5,1282.0,129.0,市役所清水庁舎・清水区役所,0.9871,"(For fully formatted text, see publication) (For fully formatted text, see publication)"
tr_img_06352,890.8,1287.8,430.5,71.5,市役所清水庁舎,0.9133,"(For fully formatted text, see publication)"
tr_img_06352,1338.2,1299.2,306.5,72.5,清水区役所,0.9907,Aquamarine Hall.
tr_img_06352,749.0,1357.2,132.0,59.5,人蜀,0.5694,MAN'S MESSAGE
tr_img_06352,945.0,1362.0,322.0,65.0,人口I天乳人,0.7223,A population I breastfeeder.
tr_img_06352,1324.0,1370.2,292.0,67.5,人印天子冠,0.6264,The Cypriot Crown.
tr_img_06352,965.0,1515.5,543.0,118.0,ＪＲ清水駅,0.8797,JR clean water station.
tr_img_06352,1799.2,1541.5,580.5,108.0,マリナート,0.9916,Marinart.
tr_img_06352,807.8,1664.2,246.5,64.5,JＲ清水站,0.9901,JR clean water
tr_img_06352,1682.0,1691.5,355.0,57.0,清水文化会箱,0.9069,It's called the Manuzu Culture Box.
tr_img_06352,839.8,1730.5,296.5,65.0,JR人I口I天聖,0.7634,The JR-A-A-A-A-A-A-A-A-A-A-A-A-A-A-A-A-A-A-A-A-A-A-A-A-A-A-A-A-A-A-A-A-A-A-A-A-A-N.
tr_img_06352,1587.5,1753.0,172.0,58.0,人口奏,0.6576,Demographical
tr_img_06352,1133.0,1885.2,850.0,115.5,清水年金事務所,0.8968,I'm here to help you. I'm here to help you. I'm here to help you. I'm here to help you. I'm here to help you. I'm here to help you.
tr_img_06352,892.0,2031.8,386.0,62.5,清水年金事努所,0.8642,I'm sure you'll be glad to hear it.
tr_img_06352,782.0,2087.2,171.0,55.5,印印夫,0.5068,Marker.
tr_img_06352,1006.5,2093.2,275.0,57.5,四吾人早全,0.5834,All four men are ready.
tr_img_06356,1904.0,1465.8,935.0,185.5,馬町東京横浜鎌倉方直,0.9643,I'm sure you're right.
tr_img_06356,945.0,1599.5,631.0,178.0,松武線(特急快速,0.8108,I'm on the pine line. I'm fast.
tr_img_06356,1409.5,2012.0,169.0,205.0,東,0.9962,East
tr_img_06353,1830.0,1838.0,497.0,105.0,ブ・ナ科,0.9956,Bu nacs.
tr_img_06353,351.2,1930.8,485.5,203.5,白樫,0.9991,White oak.
tr_img_06353,343.0,2222.2,390.0,97.5,シラカシ,0.9628,Syracuse
tr_img_06353,1630.0,2480.5,954.0,98.0,材は白くて堅く道具,0.9936,The wood is white and solid.
tr_img_06353,639.5,2491.5,881.0,115.0,樹皮は黒っぼいが,0.9238,The bark is black.
tr_img_06353,1502.8,2646.0,1208.5,108.0,ドングリの皿の模様は輪,0.9815,It's got a ring on the plate of the Dongly.
tr_img_06353,510.8,2661.8,603.5,101.5,の柄になる。,0.9994,It's a pattern.
tr_img_06353,1069.5,2817.8,1302.0,104.5,暖地の山に生える常緑高木。,0.9809,The permafrost trees that grow in the mountains of warm places.
tr_img_06353,281.8,2828.8,151.5,100.5,状。,0.9099,A letter.
tr_img_06357,995.2,167.5,847.5,80.0,「ポイント貯まリます,0.9209,"""I'm saving points."
tr_img_06355,663.5,2287.2,366.0,189.5,有限,0.9631,Limits
tr_img_06355,2240.8,2394.5,2368.5,343.0,なるみ西,0.8403,HUNDRED
tr_img_06355,644.8,2472.0,373.5,193.0,会社,0.9999,Company
tr_img_06355,409.5,2719.0,769.0,163.0,センター,0.9839,Center
tr_img_06358,1829.0,1443.2,797.0,157.5,くろわっさん専門店,0.9115,"Mr. Gomez, I'm an expert."
tr_img_06362,1212.5,541.0,61.0,72.0,田,0.9359,Ta.
tr_img_06362,1143.2,634.0,216.5,108.0,二丁目,0.8631,Two.
tr_img_06363,1686.8,739.5,785.5,101.0,中の島1条2丁目,0.9951,One and two islands inside.
tr_img_06359,1261.2,673.8,942.5,272.5,くら元佳吉,0.7153,"I'm sorry, I'm sorry."
tr_img_06360,1219.5,345.5,219.0,58.0,中原区,0.9983,Middle-earth.
tr_img_06360,1216.8,435.5,249.5,102.0,木月,0.9986,Tree Moon
tr_img_06360,1223.8,541.0,227.5,89.0,1丁目,0.9978,One.
tr_img_06364,344.0,263.5,201.0,162.0,人,0.6063,People.
tr_img_06364,607.5,523.5,789.0,318.0,イメメルン,0.5928,Immerne.
tr_img_06365,1341.8,321.8,183.5,75.5,日本橋,0.999,Japan Bridge
tr_img_06365,1346.0,387.0,187.0,79.0,人形町,0.9997,It's Doll Town.
tr_img_06365,1351.2,453.5,180.5,72.0,一丁目,0.9895,One.
tr_img_06366,718.0,473.0,257.0,77.0,日232,0.9113,232 days.
tr_img_06366,509.5,475.5,160.0,58.0,モ八,0.8994,Moji.
tr_img_06366,290.0,475.5,207.0,45.0,東急車輪,0.7246,East fast wheel.
tr_img_06366,324.8,522.2,145.5,32.5,平成20年,0.8723,20 years old.
tr_img_06367,577.2,372.8,601.5,218.5,リリスタルタ,0.614,Listalta
tr_img_06367,592.0,492.2,261.0,98.5,元住吉,0.9985,Hikichi.
tr_img_06368,407.8,715.2,312.5,50.5,山戸東目本,0.7545,Fujido Toshimoto
tr_img_06369,1359.0,848.8,827.0,76.5,東京都三鷹市北野4一2一26,0.9958,"41226 Northeast, Mitaka City, Tokyo."
tr_img_06369,1844.8,1285.8,173.5,117.5,株,0.9814,Stocks
tr_img_06369,906.5,1319.5,214.0,91.0,管理,0.8319,Manage
tr_img_06361,1831.8,1137.0,937.5,159.0,県立美術館,0.9921,It's a state museum.
tr_img_06361,1819.0,1565.5,962.0,165.0,県立大学,0.985,District University.
tr_img_06361,1800.2,1997.0,975.5,185.0,草薙駅,0.8322,Weedo Station.
tr_img_06370,1799.2,711.8,235.5,69.5,豊平区,0.9981,GEORGE
tr_img_06374,1427.2,978.8,416.5,100.5,探します,0.9879,I'll find him.
tr_img_06374,917.8,980.5,388.5,96.0,買します,0.9481,I'll buy it.
tr_img_06375,2159.0,356.0,91.0,62.0,しゆ,0.541,Soy sauce
tr_img_06375,528.2,1571.8,684.5,209.5,総武線,0.9928,All arms line.
tr_img_06375,1420.8,1583.0,980.5,193.0,督駅停車,0.8692,I'll take care of it. I'll take care of it.
tr_img_06375,1796.0,2038.2,335.0,191.5,市川,0.9999,"PHILADELPHIA, PA, Veterans Stadium."
tr_img_06375,1230.8,2042.8,502.5,179.5,新小岩,0.9981,New Small Rock
tr_img_06375,981.0,2261.8,351.0,195.5,船橋,0.9976,The Bridge.
tr_img_06375,1646.2,2254.0,644.5,167.0,千葉方直,0.8891,Rectangular
tr_img_06372,549.5,333.0,547.0,192.0,日本橋,0.9949,Japan Bridge
tr_img_06372,571.8,566.2,545.5,184.5,人形町,0.9949,It's Doll Town.
tr_img_06372,585.5,790.8,538.0,166.5,二丁目,0.916,Two.
tr_img_06377,1520.5,371.2,115.0,57.5,中央区,0.9395,CENTRAL CENTRAL
tr_img_06376,1320.8,1182.8,309.5,1565.5,すげうまし,0.6493,"Oh, my God."
tr_img_06376,1322.5,2507.2,225.0,84.5,水道,0.9993,Water
tr_img_06376,1329.0,2602.0,367.0,91.0,人OI王日卜人!,0.6547,The OI Cyclopædia!
tr_img_06379,927.8,354.2,1197.5,235.5,2のナ,0.5374,Two navels.
tr_img_06382,846.2,604.0,46.5,39.0,ト,0.883,To.
tr_img_06382,681.8,702.0,297.5,128.0,Pe七,0.5904,Pe 7
tr_img_06382,845.5,854.8,918.0,48.5,ペットの水飲み場としてご利用ください,0.9408,It's a waterhole for pets.
tr_img_06380,1524.8,560.5,940.5,314.0,産地直送!,0.983,I'm sending you back to the country!
tr_img_06380,440.2,2217.8,150.5,75.5,名様,0.9979,Master.
tr_img_06386,1589.2,280.2,1320.5,96.5,インド・チベット・ネパール料理店,0.9906,It's called the Indian Hivette Neal.
tr_img_06386,2025.5,1863.8,351.0,104.5,カレ一は怒薬膳),0.6494,He's an angry drug.
tr_img_06386,2060.0,1973.2,182.0,91.5,ザ激旨,0.7385,Sagitru.
tr_img_06386,2765.8,2206.8,491.5,90.5,トマラト仙楽部,0.5063,Tomarat Sendi
tr_img_06387,666.0,208.0,255.0,135.0,入口,0.9989,The entrance.
tr_img_06387,903.8,590.2,606.5,145.5,食べ方題,0.9297,It's what you eat.
tr_img_06387,902.0,749.2,479.0,103.5,ｐ準Ｃ,0.5342,p-c-c-c.
tr_img_06387,896.2,936.2,224.5,63.5,営業時間,0.9993,Business Time
tr_img_06387,904.8,1147.8,567.5,69.5,日祝16:00〜23:00),0.9448,Happy birthday to you.
tr_img_06383,1520.0,831.5,1495.0,1398.0,館,0.7288,It's a museum.
tr_img_06383,1494.8,2023.0,1219.5,321.0,水車町6丁目,0.8751,It's six in the water.
tr_img_06388,1359.8,331.8,575.5,369.5,中華宅配,0.8486,It's a Chinese house.
tr_img_06388,575.5,412.5,829.0,329.0,上みと,0.8479,Up and up.
tr_img_06381,1661.0,1871.2,452.0,273.5,沼津,0.9893,Numazu
tr_img_06381,2267.2,1918.2,660.5,182.5,日本初の流れ態,0.7807,Japan's first wave.
tr_img_06381,2587.8,2510.5,160.5,57.0,登録商標,0.8937,Registration Marks
tr_img_06381,2893.2,2843.0,230.5,48.0,とのましいいい!,0.5412,That's nice!
tr_img_06389,1919.2,566.5,161.5,109.0,横浜,0.9948,Yokohama
tr_img_06389,1923.2,706.2,146.5,98.5,川崎,1.0,Kawasaki.
tr_img_06389,1962.0,838.0,209.0,120.0,五反田,0.9965,Five-and-a-half.
tr_img_06391,1032.5,524.5,512.0,261.0,出口,0.9948,The exit.
tr_img_06391,955.2,1068.0,513.5,108.0,琴似本通り,0.9464,Just like the harp.
tr_img_06391,948.8,1294.5,505.5,107.0,ＪR琴似駅,0.9021,I'm at the JR harp-like station.
tr_img_06391,1013.2,1513.5,622.5,105.0,第２高雄ビル,0.9938,The second high school building.
tr_img_06391,1242.0,1735.8,1093.0,114.5,札幌市西部市税事務所,0.9996,The Western City Tax Office in Yokohama.
tr_img_06393,1029.5,233.2,439.0,99.5,Δ高さ注意,0.8487,Look out for altitudes.
tr_img_06385,3307.5,1544.2,721.0,169.5,うおメく,0.726,"Oh, my God."
tr_img_06390,1453.8,905.2,1080.5,122.5,平岸条２丁目,0.9276,"No, no, no. No, no, no, no, no, no, no."
tr_img_06392,1810.5,580.2,282.0,71.5,高田弖璃,0.6962,Takada.
tr_img_06392,2049.0,579.0,89.0,63.0,山,1.0,Mountain
tr_img_06392,2152.2,575.0,66.5,55.0,区,0.9615,Areas
tr_img_06392,1228.0,644.0,719.0,164.0,高田馬場,0.9939,Takada.
tr_img_06392,1230.5,776.0,417.0,77.0,たかだのばば,0.9993,I don't know what you're talking about.
tr_img_06392,2196.8,864.5,165.5,65.0,目臣,0.7023,Eyes on the scene.
tr_img_06392,545.5,907.5,410.0,106.0,新大久保,1.0,New Prosperity
tr_img_06392,434.8,1781.2,228.5,69.5,池袋上野方画,0.8724,A pondbag Bidome
tr_img_06396,1196.0,228.8,111.0,80.5,港,0.9446,Port
tr_img_06394,971.2,1273.8,151.5,76.5,20台,0.9945,Twenty.
tr_img_06394,1061.2,1384.5,398.5,104.0,吉祥寺通り沿い,0.9405,On the way to Yoshigi.
tr_img_06394,1064.2,1476.2,403.5,93.5,西松屋となり,0.9981,I'm going to be a Western Matsuki shop.
tr_img_06394,1072.0,1827.0,299.0,101.0,緑ヶ丘,0.9956,Green Hill
tr_img_06399,1425.0,555.0,1453.0,356.0,水天宮前,0.9421,Inomiya.
tr_img_06395,1349.8,561.8,292.5,132.5,豊平区,0.9925,GEORGE
tr_img_06395,1494.8,716.8,79.5,144.5,なわ,0.6254,I don't know.
tr_img_06401,2028.0,1474.2,81.0,176.5,中央,0.7843,Center
tr_img_06397,819.0,233.5,165.0,43.0,伊達産髪使用,0.6741,Use of Ise hair.
tr_img_06397,1080.5,304.5,444.0,109.0,鶏与やん焼さ,0.6484,It's a chicken broth.
tr_img_06397,1888.2,426.8,200.5,56.5,伊達産鶏使用,0.9525,I'm using a chicken chicken.
tr_img_06397,2113.5,512.2,480.0,97.5,鵜MTX焼さ,0.7559,I'm gonna burn it.
tr_img_06397,182.8,526.8,284.5,49.5,6ソス!・スス,0.5817,Six Sosus!
tr_img_06397,1489.8,1096.8,1684.5,411.5,若鶏の至い,0.8916,It's a young chicken.
tr_img_06397,2224.0,1406.0,655.0,145.0,011-5日2-5488,0.8587,011-5 days 2-5488.
tr_img_06397,206.2,1768.8,305.5,77.5,(金)17：00,0.8792,(CHUCKLES)
tr_img_06397,231.5,1881.5,444.0,103.0,11支0戦,0.5329,It's the 11th round.
tr_img_06397,927.5,2000.8,400.0,270.5,2時間,0.9992,Two hours.
tr_img_06400,852.8,1164.5,648.5,86.0,忘れ物承り所,0.9652,Forget it.
tr_img_06400,1720.0,1177.8,889.0,92.5,鉄道警察(分遣所),0.9661,(dramatic theme playing) (dramatic theme playing) (dramatic theme playing)
tr_img_06400,861.0,1372.8,717.0,95.5,ショッピング街,0.9931,It's a shopping town.
tr_img_06400,1669.2,1384.5,891.5,95.0,(パルシェ食彩館,0.9313,(Paraschee)
tr_img_06400,321.2,1693.8,174.5,42.5,ホ藤会え名,0.5793,Her name is Fujito.
tr_img_06400,352.0,1737.5,180.0,36.0,ハマイナビ2018,0.7792,"Hama-Vi, 2018."
tr_img_06402,2394.0,2268.0,235.0,77.0,免税,1.0,Tax-free.
tr_img_06402,2097.8,2740.5,96.5,69.0,コ凸,0.5392,Koji.
tr_img_06402,2341.5,2860.8,139.0,42.5,国資駿店,0.5631,It's a state-of-the-art restaurant.
tr_img_06402,2087.5,2863.0,84.0,30.0,3店,0.6377,Three.
tr_img_06404,1205.0,679.8,905.0,103.5,カバー(グローブ品番,0.9839,Cover Grove.
tr_img_06404,787.5,845.8,798.0,142.5,ロカパー(グローブの取付け方,0.9192,How to get a Rocapar Grove.
tr_img_06404,2473.8,852.0,356.5,138.0,へ警告,0.7942,"Oh, my God."
tr_img_06404,1689.8,816.8,822.5,61.5,ロカバー（グローブのはずし方,0.9496,How to unwind the Rocover Grove.
tr_img_06404,995.2,908.5,412.5,93.0,押し上げながら,0.996,Pushing him up.
tr_img_06404,1611.2,900.5,639.5,55.0,中央部を押し上げながら,0.9978,I'm going to push the center up.
tr_img_06404,2476.0,948.8,704.0,149.5,落下してけがのおそれあり,0.9974,I'm sorry to hear that.
tr_img_06404,598.5,947.2,362.0,86.5,へ印を合わせ、,0.8925,Then mark it.
tr_img_06404,838.0,992.2,798.0,146.5,カチッ音がするまで右にまわす,0.9872,Turn right until I hear a click.
tr_img_06404,1436.2,960.0,283.5,45.0,左二まわす,0.9315,Two lefts.
tr_img_06404,2442.8,1009.8,644.5,143.5,カバ一は確実二取付ナる,0.9697,The hippo will take two positive steps.
tr_img_06404,2398.8,1184.0,618.5,137.0,虫ストップ構造の場合は、,0.9954,And that's what we're going to do.
tr_img_06404,2435.0,1250.0,717.0,153.0,カバ一の密着性を高めている,0.9851,They're the most sticky of the hippos.
tr_img_06404,2428.2,1307.8,710.5,146.5,ため、はずしにくくなる場合が,0.9981,And that's what we're going to do.
tr_img_06404,2164.0,1337.0,217.0,73.0,あります,0.949,"Yes, sir."
tr_img_06405,1902.5,231.5,121.0,42.0,レンジで,0.9039,In the oven.
tr_img_06405,1900.8,289.8,118.5,71.5,時短,0.9997,Short
tr_img_06405,1991.0,371.8,145.0,97.5,くさみ,0.6778,Powder
tr_img_06405,1652.5,378.0,174.0,69.0,落とし,0.9999,Drop it.
tr_img_06405,1999.0,428.5,61.0,38.0,とり,0.9845,I'll take it.
tr_img_06405,1651.0,437.8,100.0,50.5,ぶた,0.999,"Oh, shit."
tr_img_06405,2000.5,511.8,103.0,78.5,ダシ,0.7565,Dash.
tr_img_06405,631.5,672.5,1053.0,319.0,1枚で簡単に,0.9935,It'll be easy with one.
tr_img_06405,2002.2,573.2,93.5,79.5,こし,0.9096,Crap.
tr_img_06405,1620.5,579.5,71.0,38.0,キ,0.9618,Ki.
tr_img_06405,1894.5,697.8,103.0,59.5,オフ,0.8017,Off
tr_img_06405,1076.0,1997.0,1066.0,179.0,クツキンブペーバー,0.6283,Kutkinbpeber
tr_img_06405,2042.5,2392.5,52.0,41.0,で,0.766,So...
tr_img_06405,1569.0,2590.8,175.0,60.5,電子レンジ,0.9836,Microwaves
tr_img_06405,1560.8,2635.0,159.5,55.0,加熱OK,0.9915,Heat's ready.
tr_img_06405,1622.2,2846.0,246.5,121.0,38枚入,0.9999,38 in.
tr_img_06405,1627.0,2896.5,197.0,70.0,メ2ロール,0.9434,Me2 roll.
tr_img_06403,3131.2,2089.8,350.5,66.5,点検・整信で安心ドライ,0.9777,"Check-and-reconciliation, rest assured."
tr_img_06403,3143.8,2293.8,264.5,60.5,中央パス,0.9442,Center Path
tr_img_06408,2573.8,1034.2,574.5,91.5,伊豆ぐらんぱる公園,0.9449,I-I-I-I-I-I-I-I-I-I-I-I-I-I-I-I-I-I-I-I-I-I-I-E.
tr_img_06408,362.2,1021.2,245.5,45.5,休験型,0.9377,Interpretation
tr_img_06408,554.5,1018.0,177.0,39.0,ルミネ,0.9976,Lumina.
tr_img_06408,549.8,1153.5,861.5,195.0,ゲラシイルミ,0.9229,Gelasilmi
tr_img_06408,2401.8,1113.2,243.5,42.5,伊豆高原駅からタクシ,0.9831,Taxy from Izu Takada Station.
tr_img_06408,2572.0,1111.5,123.0,32.0,一で約10分,0.9942,About ten minutes at a time.
tr_img_06408,1146.5,1180.8,151.0,35.5,球数倍単,0.7151,It's a few times as simple as a ball.
tr_img_06408,1148.2,1230.8,149.5,52.5,100万球!,0.7847,One million balls!
tr_img_06408,724.5,1242.0,272.0,56.0,ミ２ｎｍシーメシ,0.6252,Mi2nmsy meal
tr_img_06408,2472.8,1375.8,486.5,65.5,来指定席秀か必要になります。,0.8823,You're going to have to pass the coming table.
tr_img_06408,2474.2,1441.8,515.5,82.5,指定席券はご乗車前に「みどりの窓口Ｉ又は,0.9544,(Laughter)
tr_img_06408,2479.2,1507.8,537.5,85.5,改札外の指定席券売機でお買い求めください。,0.9748,Please buy it at a reserved ticket holder outside of the registry.
tr_img_06408,2096.2,1520.5,193.5,66.0,全車指定席,0.9989,All available seats.
tr_img_06411,1918.2,1021.2,1518.5,180.5,線路内立入禁止,0.9454,You can't go inside the tracks.
tr_img_06411,1872.8,1346.5,1414.5,116.0,線路内に物を落した時は,0.9992,"When I dropped something on the tracks,"
tr_img_06411,1932.5,1510.8,1521.0,109.5,駅係員へお知らせください,0.9062,Please inform the station attendant.
tr_img_06409,872.2,461.5,373.5,118.0,小田急・京王,0.955,King Koda! King Kyon!
tr_img_06409,882.2,572.2,464.5,170.5,山川駅,0.9636,Yamagawa Station
tr_img_06409,914.5,816.0,389.0,117.0,緑ヶ丘循環,0.9148,Green hill cycle.
tr_img_06409,961.0,935.8,166.0,47.5,台団地 経由,0.9465,By way of the Platform.
tr_img_06409,964.0,983.0,309.0,110.0,鷹台駅,0.9986,Takahashi Station
tr_img_06409,789.0,956.2,129.0,36.5,中頂一丁目,0.9742,It's the one in the middle.
tr_img_06409,675.5,1011.0,73.0,33.0,仙01,0.9764,Send01
tr_img_06409,877.5,1119.5,297.0,63.0,仙川駅入口・前原公口経由,0.9458,"By the entrance to Sendai Station, or Otahara,"
tr_img_06409,922.2,1162.8,404.5,116.5,狛江営業所,0.9903,I'll be at the Miyagi station.
tr_img_06409,922.0,1213.8,396.0,68.5,For komae eigyosho 夜間oa),0.7792,(For komae eigyho nighto)
tr_img_06409,888.0,1299.2,328.0,60.5,中原一T目・三鷹台団地 経由,0.8987,I'm on my way.
tr_img_06409,925.8,1349.0,410.5,105.0,つつじヶ丘駅北口,0.9998,"He's at Hajikashi Station, north of Hajikashi Station."
tr_img_06409,670.2,1363.0,73.5,38.0,丘22,0.9944,Two hundred and twenty-two hills.
tr_img_06409,1069.2,1389.8,116.5,37.5,（夜間のみ),0.9469,(night only)
tr_img_06409,667.5,1391.0,75.0,35.0,(遠2),0.5914,(Student 2)
tr_img_06409,1129.2,1532.8,148.5,53.5,裏通,0.9885,Backward
tr_img_06409,731.5,1684.2,164.0,43.5,小田急バス,0.9948,Koda Shortbus.
tr_img_06409,729.0,1713.8,186.0,41.5,バスののは案内,0.9537,I'll show you where the bus is.
tr_img_06412,1538.8,1319.2,2839.5,165.5,ビミユーフオームセシター戦,0.5421,Vimi Yuoo Oum Sessister.
tr_img_06410,2756.2,1224.2,277.5,90.5,真空氷涯,0.8719,A vacuum ice cube
tr_img_06410,2723.2,1573.8,245.5,108.5,真空チルド,0.9831,Vacuum Tierdo
tr_img_06410,1283.5,1573.8,148.0,99.5,冷凍,0.9998,- I'm freezing. - I'm freezing.
tr_img_06410,942.0,1575.5,145.0,90.0,節電,0.9836,Trinette
tr_img_06410,1628.5,1573.8,145.0,86.5,冷蔵,1.0,Refrigerated
tr_img_06410,1984.5,1575.5,145.0,90.0,製氷,0.9924,Ice Making
tr_img_06410,2361.0,1577.0,236.0,93.0,冷却モード,0.9683,Cooling Mode
tr_img_06410,2346.8,1714.0,291.5,79.0,デリシヤス冷凍,0.884,Delician freezing
tr_img_06410,946.5,1713.8,293.0,77.5,燥作部ロツク,0.9075,Knitting Rotutsk
tr_img_06410,1981.2,1712.2,201.5,67.5,おそうじ,0.9995,"Hey, hey, hey, hey, hey, hey, hey, hey, hey, hey, hey, hey, hey, hey, hey, hey, hey, hey, hey, hey, hey, hey, hey, hey, hey, hey, hey, hey, hey, hey, hey, hey, hey, hey, hey, hey, hey, hey, hey, hey, hey, hey, hey, hey, hey, hey, hey, hey, hey, hey, hey, hey, hey, hey, hey, hey, hey, hey, hey, hey, hey, hey, hey, hey, hey, hey, hey, hey, hey, hey, hey, hey, hey, hey, hey, hey, hey, hey, hey, hey, hey, hey, hey, hey, hey, hey, hey."
tr_img_06410,946.5,1776.8,219.0,88.5,(30まし),0.623,Let's do another one.
tr_img_06410,1979.8,1778.5,204.5,71.0,(5秒押し),0.9782,"(For fully formatted text, see publication) (For fully formatted text, see publication)"
tr_img_06410,2346.8,1783.2,207.5,67.5,(3秒押し),0.9179,Three seconds.
tr_img_06416,487.0,150.2,640.0,223.5,通学路,0.9955,I'm on my way to school.
tr_img_06416,553.8,1132.0,592.5,142.0,豊島区,0.7766,Akishima District
tr_img_06414,973.2,763.2,351.5,64.5,構内徐行,0.9833,Slow incoming line
tr_img_06414,454.2,790.0,164.5,33.0,駐軍場入口,0.9406,Constellation entrance.
tr_img_06414,1480.8,792.0,153.5,26.0,王車出口,0.7676,King's way out.
tr_img_06415,2620.2,1810.5,1041.5,392.0,生活家電,0.9994,Residential Electrics.
tr_img_06415,1388.2,1909.5,845.5,315.0,テンタル,0.6035,Teteral
tr_img_06415,1199.0,2678.2,719.0,374.5,お会計カウンター,0.9972,Account counter
tr_img_06415,2072.8,2881.5,589.5,205.0,茨永セール!,0.6739,I'm going to give you a present.
tr_img_06415,2774.2,2910.2,632.5,217.5,歳永セール!,0.5965,It's a long-term sale!
tr_img_06418,933.5,294.2,727.0,303.5,郵便,0.9613,Postal
tr_img_06421,1124.2,382.5,304.5,99.0,豊平区,0.9998,GEORGE
tr_img_06421,1143.5,1376.8,228.0,1785.5,平丁一奈一丁目3,0.6621,"One, two, three, one, two, three."
tr_img_06423,752.2,785.2,467.5,156.5,日本橋,0.8709,Japan Bridge
tr_img_06423,754.8,950.2,485.5,160.5,人形町,0.9173,It's Doll Town.
tr_img_06423,760.2,1141.8,494.5,197.5,二丁目,0.8699,Two.
tr_img_06424,1601.5,1296.8,808.0,278.5,度辺,0.9853,Degrees
tr_img_06422,1271.2,225.5,1686.5,217.0,可物出し入れの為,0.898,It's what we're supposed to do. It's what we're supposed to do.
tr_img_06422,1308.2,504.5,1165.5,224.0,アの開閉に,0.9997,We need to close the A.
tr_img_06422,1320.2,748.5,1207.5,230.0,で注意さい,0.6066,And careful.
tr_img_06419,1458.2,781.2,2030.5,301.5,日月極駐車場,0.8564,"Sun, moon, polar parking lot."
tr_img_06419,1113.5,1048.8,362.0,138.5,(月極,0.9964,(MUTTERING)
tr_img_06419,1978.2,1050.2,182.5,135.5,円),0.9895,Circle)
tr_img_06419,1453.8,1214.5,1471.5,90.0,無料駐車の場合はレッカー移動し,0.9486,It's a little bit more complicated than that.
tr_img_06419,1479.0,1333.8,1490.0,77.5,迷惑料として、3ＯＯＯ0円頂きます,0.8238,I'll give you $3OO0 for the inconvenience.
tr_img_06419,1014.5,1496.5,782.0,152.0,北毎立地(株),0.899,(Northerther north)
tr_img_06419,491.2,1488.5,157.5,71.0,お問い,0.849,I'll ask you a question.
tr_img_06419,496.2,1557.5,154.5,61.0,合わせ,0.9987,Match
tr_img_06419,1186.0,1622.0,331.0,55.0,15丁目２番地3,0.9575,15th and 2nd.
tr_img_06419,822.0,1628.5,404.0,62.0,札幌市中央区大通西,0.9992,"NIGHTEYE, CENTRAL CENTRAL CENTRAL"
tr_img_06426,1029.8,263.8,715.5,219.5,がこがあったらすぐにあんた。,0.6337,"If you have a problem, you'll be right away."
tr_img_06426,1027.8,839.0,672.5,147.0,ことも110番,0.7262,It's number 110.
tr_img_06426,1031.5,991.5,368.0,148.0,のお店,0.8984,The shop.
tr_img_06425,1543.5,1396.5,2105.0,256.0,地世下鉄北12条駅,0.8411,Tadashi Shikoku Station.
tr_img_06425,1776.5,1836.2,290.0,141.5,引,0.6847,Pull.
tr_img_06425,2189.2,1834.8,441.5,119.5,12禿,0.7246,12 cubits
tr_img_06425,2156.2,2015.0,835.5,126.0,地鉄北1２条孔,0.8203,North and South. 12th.
tr_img_06425,2157.8,2169.8,806.5,119.5,地鐵北12條立店,0.9538,It's a 12-year-old restaurant in the north.
tr_img_06428,1221.0,1867.2,638.0,679.5,中,0.9999,Middle
tr_img_06428,1212.8,2540.5,718.5,652.0,丼,0.7106,I'll take care of it. I'll take care of it.
tr_img_06420,1411.0,2761.5,1123.0,233.0,オリックス,0.9333,Orex.
tr_img_06420,1426.0,3078.8,1119.0,237.5,レンラカー,0.6884,Renlaker.
tr_img_06429,1061.5,1375.0,271.0,99.0,日本橋,0.9986,Japan Bridge
tr_img_06429,1060.0,1466.8,261.0,80.5,人形町,0.9982,It's Doll Town.
tr_img_06429,1057.5,1570.5,274.0,102.0,一丁目,0.9943,One.
tr_img_06427,1295.8,708.8,1223.5,134.5,清水産業・情報プラザ,0.9459,A clean water industry and information Plaza.
tr_img_06427,1110.2,882.2,256.5,74.5,信息市均,0.8268,Immaculate
tr_img_06427,785.5,892.0,231.0,70.0,清水声山,0.8742,Shizuzuyama.
tr_img_06427,1206.0,953.2,170.0,70.5,百,0.9925,100
tr_img_06427,991.2,961.5,120.5,61.0,圏,0.8824,TERM
tr_img_06427,1320.8,1131.8,1286.5,133.5,市役所清水庁舎・清水区役所,0.9622,"(For fully formatted text, see publication) (For fully formatted text, see publication)"
tr_img_06427,1339.5,1305.2,313.0,69.5,清水区役所,0.9665,Aquamarine Hall.
tr_img_06427,883.8,1315.8,430.5,71.5,市役所清水庁舎,0.8629,"(For fully formatted text, see publication)"
tr_img_06427,1325.2,1383.2,293.5,64.5,人印医テ墓,0.5246,Marked Dr. Tee's tomb.
tr_img_06427,956.8,1390.2,293.5,64.5,人口医司人I,0.6193,I'm a medical doctor.
tr_img_06427,726.5,1392.8,116.0,63.5,人,0.9741,People.
tr_img_06427,1061.8,1560.5,782.5,107.0,静鉄新清永駅,0.9665,Shikoku Shikoku Station.
tr_img_06427,851.5,1742.2,381.0,64.5,静鉄 新清水站,0.9253,Shikoku Shikoku
tr_img_06427,789.2,1819.2,250.5,56.5,人実副医,0.6822,Physicist.
tr_img_06427,1145.8,1983.2,945.5,116.5,清永年金事務所,0.989,Kanazawa's Office.
tr_img_06427,876.5,2172.2,435.0,63.5,清水年金事多所,0.8872,"I'm sorry, I'm sorry, I'm sorry."
tr_img_06427,746.5,2241.5,176.0,52.0,人I口天,0.7902,The Man's Occupational
tr_img_06434,1294.5,1047.8,250.0,77.5,木月天王森,0.938,Woodsand Heavenly Forest.
tr_img_06435,1583.0,1063.0,660.0,156.0,危険！,0.8158,Danger!
tr_img_06435,1568.8,1254.8,1248.5,152.5,転車は降りて,0.9292,Get out of the car.
tr_img_06435,1578.2,1491.8,1248.5,155.5,歩いて下さい,0.9992,I need you to walk.
tr_img_06438,1017.5,188.5,899.0,175.0,総武線(各駅停軍,0.9426,"General, stop every station."
tr_img_06438,2306.0,241.5,1137.0,151.0,新小岩市川船橋千葉方面,0.9726,"Shinichi Shogun, Chiba."
tr_img_06431,1302.0,1065.2,1168.0,181.5,九州・博多めし,0.9609,That's right.
tr_img_06431,1226.5,1494.8,1334.0,651.5,とげん,0.8301,I'm sorry.
tr_img_06431,1610.8,1890.0,836.5,147.0,駅L0111251-7899,0.926,Station L0111251-7899
tr_img_06431,829.5,1905.0,570.0,153.0,どげんロてげん,0.587,I don't know what you're talking about.
tr_img_06431,432.8,2360.5,159.5,30.0,セキュリティ,0.5752,Security
tr_img_06431,279.2,2835.0,264.5,60.0,北弁作保障,0.706,I'm sure you'll be able to tell me what you're talking about.
tr_img_06439,3064.0,958.0,147.0,60.0,卜の店,0.9774,It's a shop.
tr_img_06436,1482.0,863.2,1535.0,181.5,中の島1条3丁目,0.8813,It's island number three inside.
tr_img_06440,1567.8,577.2,517.5,190.5,三田駅,0.9995,Mida Station.
tr_img_06440,971.2,623.0,319.5,83.0,都営地下鉄,0.9902,CENTRAL CENTRAL
tr_img_06441,820.5,393.0,541.0,152.0,グリーンハイツ,0.8564,Green Heights.
tr_img_06442,1996.8,1668.8,1885.5,621.5,まつむら,0.9894,I'm sorry. I'm sorry.
tr_img_06442,3040.8,2663.2,673.5,130.5,白動巻き上げ器,0.9351,The white-scrollers.
tr_img_06444,663.2,510.0,669.5,113.0,とまとの酸味が,0.992,It's so sour.
tr_img_06444,656.8,682.5,316.5,89.0,しつかり,0.8997,Hold on.
tr_img_06445,1641.2,1377.2,1318.5,192.5,水車町丁目,0.9788,It's the only place in the world where we can go for water.
tr_img_06443,1204.8,941.5,636.5,80.0,東京都調布市仙川町8-5一,0.9236,I'm 8-5 . . . . . . . . . . . . . . . . . . . . . . . . . . . . . . . . . . . . . . . . . . . . . . . .
tr_img_06443,1108.2,1133.2,589.5,179.5,佐藤,0.9755,Sato.
tr_img_06447,401.2,667.8,339.5,95.5,新JIS対応,0.9866,New JIS response
tr_img_06447,1085.2,1179.8,1094.5,411.5,475し,0.817,Four hundred and seventy-five.
tr_img_06447,1556.0,1953.0,290.0,113.0,KWh/年,0.8672,KWh/ Year
tr_img_06447,397.8,2320.0,52.5,59.0,外,0.9793,Out.
tr_img_06447,409.2,2444.5,86.5,211.0,形村坊,0.5637,Akimura.
tr_img_06447,700.5,2401.8,248.0,78.5,本体幅,0.9995,Main width
tr_img_06447,652.5,2578.2,132.0,72.5,奥行,1.0,Entrepreneur
tr_img_06447,1359.5,2586.2,425.0,75.5,高さ181．8,0.9654,181.8 Height
tr_img_06448,717.0,359.8,162.0,58.5,中原区,0.9964,Middle-earth.
tr_img_06448,717.2,440.2,178.5,88.5,木月,0.9963,Tree Moon
tr_img_06448,715.2,531.8,179.5,91.5,4丁目,0.9996,Four.
tr_img_06449,853.2,327.5,435.5,128.0,日本橋,0.9999,Japan Bridge
tr_img_06449,852.0,477.2,455.0,127.5,人形町,0.9929,It's Doll Town.
tr_img_06449,925.5,639.5,311.0,144.0,丁目,0.9979,&gt;&gt;Hugo Barra: Thank you. &gt;&gt;Hugo Barra:
tr_img_06451,1979.8,2331.8,273.5,757.5,ンバレ,0.5615,N-N-E-N-N-E.
tr_img_06456,1254.0,948.0,439.0,151.0,北海道産16,0.9994,I'm 16. I'm from Hokkaido.
tr_img_06456,692.8,1034.8,302.5,210.5,統一プランド,0.8037,Unified Prairie
tr_img_06456,1208.0,1387.5,814.0,226.0,生椎葺,0.7616,Liver's Chicks
tr_img_06456,1076.0,1831.5,426.0,105.0,北海道産,0.9802,From Hokkaido.
tr_img_06446,3154.2,1232.8,1285.5,258.5,葵区役所,0.9999,Cygnus Hall
tr_img_06446,1537.2,1245.8,1630.5,275.5,静岡市役所,0.9907,Shizuoka City Hall.
tr_img_06446,2805.8,1703.2,285.5,141.5,人,0.9565,People.
tr_img_06446,1699.0,1707.5,525.0,133.0,葵区役所,0.9978,Cygnus Hall
tr_img_06446,989.0,1703.0,626.0,116.0,義図市役所,0.7602,City Hall.
tr_img_06446,1155.0,2049.0,932.0,275.0,紺屋町,0.9999,It's a town of blues.
tr_img_06446,2454.8,2057.5,936.5,275.0,呉服町,0.9768,It's a dress town.
tr_img_06446,850.5,2513.0,402.0,140.0,勢屋町,0.7936,Worcester Town.
tr_img_06446,1360.8,2519.2,394.5,124.5,服町,0.9668,It's a dress town.
tr_img_06446,1907.0,2523.8,504.0,107.5,ロ0ロトテ,0.5634,Ro 0 Rotote
tr_img_06455,1325.8,1913.8,409.5,53.5,中の島1条3丁目,0.9966,It's island number three inside.
tr_img_06457,1166.0,1483.5,1419.0,266.0,昭和通り口,0.8423,Showa Street.
tr_img_06457,799.0,1983.0,754.0,142.0,昭和路出口,0.9963,Showa's exit.
tr_img_06457,1261.2,2211.2,318.5,170.5,善子,0.7898,Good boy.
tr_img_06457,1156.5,2712.0,754.0,189.0,日比谷線,0.9965,Eclipse Line
tr_img_06458,895.2,335.8,1017.5,131.5,ネッリトヨタ神奈川,0.7932,"Neri Togo, the god of the river Nara."
tr_img_06458,889.8,539.2,1055.5,136.5,ウエインズ武蔵小杉,0.8992,Mr. Waynes.
tr_img_06452,1169.8,511.0,214.5,43.0,影を左訴,0.6441,The shadow is on the left.
tr_img_06452,1047.8,756.0,341.5,61.0,との信号左折,0.7535,And turn left.
tr_img_06452,1046.0,1325.0,378.0,56.0,り急な出責は当店で!,0.9292,We'll get you out of here in no time!
tr_img_06452,1024.8,1574.2,379.5,82.5,カ120-552-745,0.8895,Ca 120-552-745.
tr_img_06452,1459.5,1978.0,477.0,127.0,メゾンビル,0.894,Mezoll.
tr_img_06452,829.5,2281.0,139.0,43.0,パンヒル,0.722,Panhill
tr_img_06459,2684.8,3007.2,94.5,50.5,2-作,0.7173,Draws 2-
tr_img_06463,1140.5,461.5,266.0,99.0,さはん,0.8066,Ha-ha-ha.
tr_img_06463,1161.5,1505.5,1466.0,107.0,厚手で丈夫、油も水分もしつかり吸収,0.9756,"It's heavy, it's strong, it's oil, it's water, it's absorbable."
tr_img_06463,2119.2,2916.5,231.5,170.0,日本校,0.6935,Japanese school.
tr_img_06460,2004.8,611.8,91.5,41.5,山,0.7532,Mountain
tr_img_06460,1542.8,641.0,141.5,69.0,溜谷,0.574,Zinji
tr_img_06460,1129.5,714.5,533.0,175.0,渋合,0.6426,Unsatisfying
tr_img_06460,1579.0,707.5,208.0,75.0,人I早O,0.7721,Man I.O.
tr_img_06460,1112.8,828.2,247.5,77.5,しぶゃ,0.9103,God damn it.
tr_img_06460,1844.0,877.0,356.0,109.0,恵比寿,0.9822,Miho Susu.
tr_img_06460,186.0,996.5,175.0,75.0,原宿,0.9794,Innovation
tr_img_06464,1333.8,691.0,1282.5,181.0,静岡市役所清永庁舎,0.9037,Shizuoka City.
tr_img_06464,2057.8,646.2,141.5,82.5,今,0.9213,Now.
tr_img_06464,1310.0,1012.2,520.0,137.5,清水駅,0.8747,Shizura Station
tr_img_06464,1196.5,1344.2,689.0,124.5,清水テルサ,0.8857,Pure water Tellsa
tr_img_06468,859.2,2507.5,180.5,101.0,わら,0.9073,Straw
tr_img_06466,1035.2,107.0,220.5,90.0,中原区,0.9998,Middle-earth.
tr_img_06466,1006.0,695.2,195.0,1027.5,木月1丁目,0.9224,That's why I'm here.
tr_img_06469,1505.8,1578.5,743.5,65.0,ColorPrime技術で色域を,0.9663,So let's take a look at this.
tr_img_06469,2532.5,1573.8,542.0,54.5,薄さの限界に道る,0.8122,I'm going to go to the edge of light.
tr_img_06469,488.0,1591.2,378.0,64.5,HＤＲ対応で,0.9989,HDR response.
tr_img_06469,1505.5,1683.2,763.0,100.5,より一層広げる,0.9569,Widen Out More
tr_img_06469,2527.8,1680.0,645.5,87.0,スリムボデイ,0.9824,Slim Bodhi.
tr_img_06469,497.8,1696.2,845.5,113.5,星空もくつきり表現,0.9963,It's the stars. It's the stars. It's the stars.
tr_img_06469,2617.5,1883.0,189.0,68.0,スリム,0.9999,Slim.
tr_img_06469,2650.8,1963.5,262.5,75.0,デザイン,0.9998,Design
tr_img_06470,353.0,297.2,192.0,96.5,南口,0.9995,South entrance.
tr_img_06470,331.5,453.5,146.0,53.0,南出口,0.9995,South exit.
tr_img_06470,499.5,455.2,96.0,51.5,甘奢,0.6995,Sweetie.
tr_img_06470,615.0,456.2,93.0,47.5,善子,0.878,Good boy.
tr_img_06472,940.2,884.8,317.5,78.5,国道52号,0.998,Road 52.
tr_img_06472,884.8,1090.5,177.5,78.0,枝,0.9998,Branches
tr_img_06472,1329.0,1095.0,165.0,84.0,清水駅,0.6629,Shizura Station
tr_img_06472,1580.5,1109.2,246.0,49.5,東名,0.6197,East Name
tr_img_06473,387.5,826.2,722.0,296.5,一ル,0.5588,One.
tr_img_06473,1568.8,981.0,921.5,134.0,やきとり及酒屋,0.8598,It's a liquor store.
tr_img_06476,1291.2,568.0,490.5,109.0,乙る通信制,0.8619,It's a communication system.
tr_img_06476,1742.8,932.2,1876.5,448.5,龍島学園,0.8304,Dragon Island School.
tr_img_06476,2358.8,1345.0,854.5,196.0,高等学校,0.9996,High school.
tr_img_06476,1369.0,1635.5,714.0,203.0,浜日吉,0.9718,-It's a beach. -It's a beach.
tr_img_06476,2340.2,1648.2,876.5,151.5,キャンパス,0.9724,campus
tr_img_06471,1701.0,878.0,1960.0,318.0,南13条西18丁目,0.9782,South 13th and West 18th.
tr_img_06477,1619.2,1614.0,1562.5,290.0,幌平橋,0.9742,Fukui Bridge
tr_img_06475,1244.8,772.5,848.5,209.0,伊藤義男,0.8937,Ito-man.
tr_img_06474,1677.2,1187.2,880.5,120.5,平岸条２丁目,0.9204,"No, no, no. No, no, no, no, no, no, no."
tr_img_06478,527.2,142.2,351.5,166.5,三橋,0.9886,Three Bridges
tr_img_06478,1006.5,143.2,348.0,164.5,弘嗣,0.7757,I'll take care of it.
tr_img_06478,565.2,385.0,402.5,112.0,有限会社,0.981,A finite company.
tr_img_06478,913.0,554.0,661.0,169.0,構造設計,0.9997,Structural Design
tr_img_06478,443.0,554.0,139.0,157.0,弘,0.5057,I'll take care of it.
tr_img_06478,804.8,723.2,877.5,100.5,一級建築士事務所,0.9856,First class architect's office.
tr_img_06481,1523.5,704.8,431.0,103.5,八重洲一丁目,0.9767,I'll be right back. I'll be right back.
tr_img_06479,1437.8,652.2,2691.5,845.5,本6B限定!,0.7227,This book is limited to 6B!
tr_img_06479,1266.2,1333.8,2293.5,573.5,ちゃん,0.6416,Right.
tr_img_06483,931.0,663.0,835.0,215.0,オススメメニュー,0.9343,Ossme Menu
tr_img_06483,678.2,990.8,340.5,126.5,限定,0.7278,Limit
tr_img_06483,917.5,1199.8,794.0,280.5,生チコ三ルク引,0.6561,It's a tri-leak.
tr_img_06483,865.8,1395.0,791.5,269.0,かのバタドラ,0.8277,That Batadra.
tr_img_06483,818.0,1616.5,665.0,198.0,ジージクリーム,0.6913,Siege cream.
tr_img_06483,1074.5,1772.2,272.0,174.5,大福,0.7145,Great Fascination
tr_img_06485,1584.5,829.5,821.0,218.0,中央バス,0.9626,Center Bass
tr_img_06485,1586.0,1258.0,937.0,237.0,幌平橋,0.983,Fukui Bridge
tr_img_06485,1565.5,1685.0,1084.0,194.0,行啓通り整骨院,0.9502,The Regiment of the Cyclopædia
tr_img_06480,457.5,1206.5,440.0,90.0,芥川龍之弁色,0.6457,"I'm sorry, I'm sorry, I'm sorry."
tr_img_06480,1979.8,1346.5,404.5,99.0,礼初音森神ネ社,0.8659,"I'm sorry, I'm sorry, I'm sorry, I'm sorry."
tr_img_06480,2015.2,1445.8,241.5,56.5,6光寺,0.5192,Six-light temple
tr_img_06480,1783.0,1619.0,540.0,90.0,盛京太助住居跡,0.712,Kainta Resident.
tr_img_06480,1246.8,1622.2,278.5,76.5,現在地,0.8178,Current Location
tr_img_06480,1965.2,1856.8,394.5,67.5,杉山検校の浮),0.7857,(Music) (Music ends) (Music ends) (Music ends) (Music ends) (Music ends)
tr_img_06480,493.0,1918.2,291.0,70.5,国校が都,0.5354,The school is the capital.
tr_img_06480,1527.0,1937.2,336.0,64.5,井筒部慶,0.6186,Iwaru Iwaru
tr_img_06480,662.0,2217.5,515.0,103.0,本所蔵前般歩,0.861,I'm going to take care of it.
tr_img_06486,1179.5,1181.5,1044.0,302.0,宅赤橋,0.8494,The Red Bridge
tr_img_06484,1483.8,390.0,2146.5,551.0,2月4日(月),0.6704,"(February 4th, January)"
tr_img_06482,1106.8,937.0,1133.5,195.0,駐重位置番号を,0.7244,Give me your station number.
tr_img_06482,1061.5,1154.5,1055.0,175.0,押してくださ,0.955,"Push, please."
tr_img_06482,1026.0,2033.2,1035.0,155.5,季号を確認後,0.9558,"After checking out the season issue,"
tr_img_06482,1019.8,2258.5,1040.5,164.0,精算ボタンを,0.9972,Let's see if you can get me a check button.
tr_img_06482,1021.2,2479.2,1018.5,145.5,押してください,0.948,"Push, please."
tr_img_06482,997.0,2718.5,158.0,82.0,精算,0.9938,Magnification
tr_img_06488,971.5,354.5,349.0,73.0,小田急バス,0.9852,Koda Shortbus.
tr_img_06488,972.8,468.0,481.5,116.0,芦花公園駅前,0.9884,I'm at Sakura Park Station.
tr_img_06488,965.0,609.5,115.0,46.0,行先,0.6892,Path to
tr_img_06488,803.2,710.0,116.5,55.0,成02,0.9945,Two hundred and twenty-two.
tr_img_06488,963.5,781.5,458.0,101.0,千歳鳥山駅北口,0.9713,"It's a thousand-year-old Torii Station, north entrance."
tr_img_06488,856.8,2026.0,130.5,51.0,ワンマンカ,0.8637,One-manca.
tr_img_06488,1001.5,2041.5,180.0,50.0,ご利用のま願い,0.9255,It's all yours.
tr_img_06488,782.5,2071.8,70.0,29.5,乗法,0.7974,I'll do it in a different color. I'll do it in a different color. I'll do it in a different color. I'll do it in a different color.
tr_img_06488,892.0,2342.0,86.0,40.0,現金進,0.8135,Cash
tr_img_06488,1002.8,2360.2,88.5,40.5,1C運質,0.7421,1C fortune
tr_img_06488,899.8,2377.8,95.5,34.5,人220円,0.9056,Two hundred and twenty yen.
tr_img_06488,1001.5,2391.8,96.0,37.5,大入216氏,0.7073,Mr. 216.
tr_img_06488,950.8,2418.8,214.5,57.5,四現110円4児108日,0.5769,"4th. 4th, 108th."
tr_img_06489,511.5,1594.8,494.0,493.5,公正,0.9593,JUSTICE
tr_img_06489,793.8,1792.8,293.5,260.5,又,0.6124,Again.
tr_img_06490,587.5,834.5,413.0,161.0,改札外,0.9997,Out of Modification
tr_img_06490,1504.2,1345.0,1068.5,197.0,駅長事務室,0.988,Station Chief's Office.
tr_img_06490,1738.8,1570.5,1554.5,265.0,お忘れもの承り所,0.9948,I'll forget about you.
tr_img_06490,2049.0,2041.0,566.0,205.0,0人早企,0.6663,We're going to have to do something fast.
tr_img_06490,1338.8,2082.8,743.5,144.5,生小事列,0.6955,It's a line. It's a line.
tr_img_06487,1212.8,1403.0,760.5,156.0,総武線(各駅停車),0.9221,"General, stop every train station."
tr_img_06487,2293.0,1478.8,980.0,151.5,秋葉原新宿中野。上野戸面,0.898,Nakano Akihara Nakano.
tr_img_06487,1842.8,1507.8,72.5,47.5,中o,0.6255,Middleo
tr_img_06494,1304.2,398.2,483.5,242.5,六門,0.6437,Six.
tr_img_06494,1323.5,602.2,473.0,266.5,8丁目,0.771,Eight.
tr_img_06493,1208.5,677.0,496.0,132.0,清永駅,0.9089,Kunihito Station.
tr_img_06493,1136.2,1031.2,1466.5,145.5,静岡市役所清水庁善,0.8818,"(For fully formatted text, see publication) (For fully formatted text, see publication)"
tr_img_06493,1119.8,1396.2,974.5,138.5,静鉄新清永駅,0.9483,Shikoku Shikoku Station.
tr_img_06498,1745.0,685.2,1610.0,277.5,マリンターミナル,0.9993,Marine Terminal
tr_img_06498,1389.0,1830.0,1043.0,281.0,マリンビル,0.9992,Marinville.
tr_img_06500,821.5,804.5,348.0,138.0,メロウ,0.9911,Merrow.
tr_img_06500,925.8,965.2,550.5,133.5,レジデンス,0.9974,Regence.
tr_img_06500,683.2,1623.0,99.5,38.0,北野,0.7935,"No. No. No, no, no, no. No, no, no, no, no, no, no, no, no."
tr_img_06500,679.2,1673.0,96.5,46.0,四目,0.8997,Fourth.
tr_img_06497,1462.5,854.8,2033.0,333.5,家任手記の,0.6045,My family's records.
tr_img_06499,702.2,514.5,81.5,88.0,道,0.9952,The Way
tr_img_06499,1409.0,1308.2,231.0,179.5,映活,0.6673,It's live.
tr_img_06499,1396.5,1533.8,241.0,171.5,コミック,0.6228,A comic book.
tr_img_06499,1484.2,1568.8,149.5,96.5,ネッ,0.9653,"Oh, my God."
tr_img_06499,1419.5,1606.5,116.0,46.0,一イ,0.8579,One.
tr_img_06499,1293.0,1644.2,182.0,114.5,インタ,0.9019,Interpretation
tr_img_06499,1226.2,1944.8,64.5,33.5,に,0.697,!
tr_img_06499,1383.0,2089.5,418.0,188.0,女性専用エリア,0.8949,Women's only area.
tr_img_06499,1376.0,2221.5,254.0,129.0,シャワー,0.9912,A shower.
tr_img_06499,1379.0,2360.8,354.0,162.5,店内完全分煙,0.9316,It's full of smoke in the store.
tr_img_06499,1696.8,2341.5,183.5,91.0,一,0.769,One.
tr_img_06499,1851.5,2561.8,228.0,88.5,当ビル1F,0.8243,Building 1F.
tr_img_06499,1529.2,2595.8,331.5,95.5,朝和幌元祉のこだわり。,0.797,I'm so glad you're here.
tr_img_06499,1480.0,2704.8,546.0,202.5,おじごう,0.6012,"Come on, Uncle."
tr_img_06499,2714.8,2833.0,94.5,105.0,EVト,0.5017,EVT
tr_img_06499,1286.5,2984.2,47.0,29.5,の,0.8602,.
